Year,SERIES,UNIT_MEASURE,Sex,Age,Value
2009.0,SI_COV_SOCUSALL,Percent,Both sexes or no breakdown by sex,All age ranges or no breakdown by age,3.1
2010.0,SI_COV_SOCUSALL,Percent,Both sexes or no breakdown by sex,All age ranges or no breakdown by age,3.2
2011.0,SI_COV_SOCUSALL,Percent,Both sexes or no breakdown by sex,All age ranges or no breakdown by age,3.1
2012.0,SI_COV_SOCUSALL,Percent,Both sexes or no breakdown by sex,All age ranges or no breakdown by age,3.5
2013.0,SI_COV_SOCUSALL,Percent,Both sexes or no breakdown by sex,All age ranges or no breakdown by age,3.5
2014.0,SI_COV_SOCUSALL,Percent,Both sexes or no breakdown by sex,All age ranges or no breakdown by age,4.2
2015.0,SI_COV_SOCUSALL,Percent,Both sexes or no breakdown by sex,All age ranges or no breakdown by age,3.6
2016.0,SI_COV_SOCUSALL,Percent,Both sexes or no breakdown by sex,All age ranges or no breakdown by age,3.8
2017.0,SI_COV_SOCUSALL,Percent,Both sexes or no breakdown by sex,All age ranges or no breakdown by age,3.7
2018.0,SI_COV_SOCUSALL,Percent,Both sexes or no breakdown by sex,All age ranges or no breakdown by age,4.3
2019.0,SI_COV_SOCUSALL,Percent,Both sexes or no breakdown by sex,All age ranges or no breakdown by age,4.3
2020.0,SI_COV_SOCUSALL,Percent,Both sexes or no breakdown by sex,All age ranges or no breakdown by age,4.5
2021.0,SI_COV_SOCUSALL,Percent,Both sexes or no breakdown by sex,All age ranges or no breakdown by age,4.6
2009.0,SI_COV_SOCUSALL,Number,Both sexes or no breakdown by sex,All age ranges or no breakdown by age,36917.0
2010.0,SI_COV_SOCUSALL,Number,Both sexes or no breakdown by sex,All age ranges or no breakdown by age,37178.0
2011.0,SI_COV_SOCUSALL,Number,Both sexes or no breakdown by sex,All age ranges or no breakdown by age,36323.0
2012.0,SI_COV_SOCUSALL,Number,Both sexes or no breakdown by sex,All age ranges or no breakdown by age,41157.0
2013.0,SI_COV_SOCUSALL,Number,Both sexes or no breakdown by sex,All age ranges or no breakdown by age,41212.0
2014.0,SI_COV_SOCUSALL,Number,Both sexes or no breakdown by sex,All age ranges or no breakdown by age,49147.0
2015.0,SI_COV_SOCUSALL,Number,Both sexes or no breakdown by sex,All age ranges or no breakdown by age,41410.0
2016.0,SI_COV_SOCUSALL,Number,Both sexes or no breakdown by sex,All age ranges or no breakdown by age,43582.0
2017.0,SI_COV_SOCUSALL,Number,Both sexes or no breakdown by sex,All age ranges or no breakdown by age,43062.0
2018.0,SI_COV_SOCUSALL,Number,Both sexes or no breakdown by sex,All age ranges or no breakdown by age,48921.0
2019.0,SI_COV_SOCUSALL,Number,Both sexes or no breakdown by sex,All age ranges or no breakdown by age,49252.0
2020.0,SI_COV_SOCUSALL,Number,Both sexes or no breakdown by sex,All age ranges or no breakdown by age,50652.0
2021.0,SI_COV_SOCUSALL,Number,Both sexes or no breakdown by sex,All age ranges or no breakdown by age,52068.0
2012.0,SI_COV_SOCUSSA,Number,Male,All age ranges or no breakdown by age,18712.0
2013.0,SI_COV_SOCUSSA,Number,Male,All age ranges or no breakdown by age,19143.0
2014.0,SI_COV_SOCUSSA,Number,Male,All age ranges or no breakdown by age,23658.0
2015.0,SI_COV_SOCUSSA,Number,Male,All age ranges or no breakdown by age,18963.0
2016.0,SI_COV_SOCUSSA,Number,Male,All age ranges or no breakdown by age,19926.0
2017.0,SI_COV_SOCUSSA,Number,Male,All age ranges or no breakdown by age,19812.0
2018.0,SI_COV_SOCUSSA,Number,Male,All age ranges or no breakdown by age,23658.0
2019.0,SI_COV_SOCUSSA,Number,Male,All age ranges or no breakdown by age,23293.0
2020.0,SI_COV_SOCUSSA,Number,Male,All age ranges or no breakdown by age,23661.0
2021.0,SI_COV_SOCUSSA,Number,Male,All age ranges or no breakdown by age,24954.0
2012.0,SI_COV_SOCUSSA,Number,Male,_M,2811.0
2013.0,SI_COV_SOCUSSA,Number,Male,_M,2812.0
2014.0,SI_COV_SOCUSSA,Number,Male,_M,2653.0
2015.0,SI_COV_SOCUSSA,Number,Male,_M,1586.0
2016.0,SI_COV_SOCUSSA,Number,Male,_M,1797.0
2017.0,SI_COV_SOCUSSA,Number,Male,_M,2065.0
2018.0,SI_COV_SOCUSSA,Number,Male,_M,2430.0
2019.0,SI_COV_SOCUSSA,Number,Male,_M,2564.0
2020.0,SI_COV_SOCUSSA,Number,Male,_M,2754.0
2021.0,SI_COV_SOCUSSA,Number,Male,_M,2986.0
2012.0,SI_COV_SOCUSSA,Number,Male,_A,15901.0
2013.0,SI_COV_SOCUSSA,Number,Male,_A,16331.0
2014.0,SI_COV_SOCUSSA,Number,Male,_A,21005.0
2015.0,SI_COV_SOCUSSA,Number,Male,_A,17377.0
2016.0,SI_COV_SOCUSSA,Number,Male,_A,18129.0
2017.0,SI_COV_SOCUSSA,Number,Male,_A,17747.0
2018.0,SI_COV_SOCUSSA,Number,Male,_A,21228.0
2019.0,SI_COV_SOCUSSA,Number,Male,_A,20729.0
2020.0,SI_COV_SOCUSSA,Number,Male,_A,20907.0
2021.0,SI_COV_SOCUSSA,Number,Male,_A,21968.0
2012.0,SI_COV_SOCUSSA,Number,Female,All age ranges or no breakdown by age,22445.0
2013.0,SI_COV_SOCUSSA,Number,Female,All age ranges or no breakdown by age,22069.0
2014.0,SI_COV_SOCUSSA,Number,Female,All age ranges or no breakdown by age,25489.0
2015.0,SI_COV_SOCUSSA,Number,Female,All age ranges or no breakdown by age,22447.0
2016.0,SI_COV_SOCUSSA,Number,Female,All age ranges or no breakdown by age,23656.0
2017.0,SI_COV_SOCUSSA,Number,Female,All age ranges or no breakdown by age,23250.0
2018.0,SI_COV_SOCUSSA,Number,Female,All age ranges or no breakdown by age,25263.0
2019.0,SI_COV_SOCUSSA,Number,Female,All age ranges or no breakdown by age,25959.0
2020.0,SI_COV_SOCUSSA,Number,Female,All age ranges or no breakdown by age,26991.0
2021.0,SI_COV_SOCUSSA,Number,Female,All age ranges or no breakdown by age,27114.0
2012.0,SI_COV_SOCUSSA,Number,Female,_M,2289.0
2013.0,SI_COV_SOCUSSA,Number,Female,_M,2830.0
2014.0,SI_COV_SOCUSSA,Number,Female,_M,2557.0
2015.0,SI_COV_SOCUSSA,Number,Female,_M,1339.0
2016.0,SI_COV_SOCUSSA,Number,Female,_M,1366.0
2017.0,SI_COV_SOCUSSA,Number,Female,_M,1876.0
2018.0,SI_COV_SOCUSSA,Number,Female,_M,2608.0
2019.0,SI_COV_SOCUSSA,Number,Female,_M,1790.0
2020.0,SI_COV_SOCUSSA,Number,Female,_M,1978.0
2021.0,SI_COV_SOCUSSA,Number,Female,_M,2050.0
2012.0,SI_COV_SOCUSSA,Number,Female,_A,20156.0
2013.0,SI_COV_SOCUSSA,Number,Female,_A,19239.0
2014.0,SI_COV_SOCUSSA,Number,Female,_A,22932.0
2015.0,SI_COV_SOCUSSA,Number,Female,_A,21108.0
2016.0,SI_COV_SOCUSSA,Number,Female,_A,22290.0
2017.0,SI_COV_SOCUSSA,Number,Female,_A,21374.0
2018.0,SI_COV_SOCUSSA,Number,Female,_A,22655.0
2019.0,SI_COV_SOCUSSA,Number,Female,_A,24169.0
2020.0,SI_COV_SOCUSSA,Number,Female,_A,25013.0
2021.0,SI_COV_SOCUSSA,Number,Female,_A,25064.0
2012.0,SI_COV_SOCNP,Number,Both sexes or no breakdown by sex,All age ranges or no breakdown by age,5156.0
2013.0,SI_COV_SOCNP,Number,Both sexes or no breakdown by sex,All age ranges or no breakdown by age,5156.0
2014.0,SI_COV_SOCNP,Number,Both sexes or no breakdown by sex,All age ranges or no breakdown by age,5219.0
2015.0,SI_COV_SOCNP,Number,Both sexes or no breakdown by sex,All age ranges or no breakdown by age,5067.0
2016.0,SI_COV_SOCNP,Number,Both sexes or no breakdown by sex,All age ranges or no breakdown by age,5071.0
2017.0,SI_COV_SOCNP,Number,Both sexes or no breakdown by sex,All age ranges or no breakdown by age,4905.0
2018.0,SI_COV_SOCNP,Number,Both sexes or no breakdown by sex,All age ranges or no breakdown by age,4487.0
2019.0,SI_COV_SOCNP,Number,Both sexes or no breakdown by sex,All age ranges or no breakdown by age,4487.0
2020.0,SI_COV_SOCNP,Number,Both sexes or no breakdown by sex,All age ranges or no breakdown by age,4076.0
2021.0,SI_COV_SOCNP,Number,Both sexes or no breakdown by sex,All age ranges or no breakdown by age,4142.0
2012.0,SI_COV_SOCNP,Number,Male,All age ranges or no breakdown by age,1852.0
2013.0,SI_COV_SOCNP,Number,Male,All age ranges or no breakdown by age,1852.0
2014.0,SI_COV_SOCNP,Number,Male,All age ranges or no breakdown by age,1940.0
2015.0,SI_COV_SOCNP,Number,Male,All age ranges or no breakdown by age,1948.0
2016.0,SI_COV_SOCNP,Number,Male,All age ranges or no breakdown by age,2020.0
2017.0,SI_COV_SOCNP,Number,Male,All age ranges or no breakdown by age,1955.0
2018.0,SI_COV_SOCNP,Number,Male,All age ranges or no breakdown by age,1800.0
2019.0,SI_COV_SOCNP,Number,Male,All age ranges or no breakdown by age,1846.0
2020.0,SI_COV_SOCNP,Number,Male,All age ranges or no breakdown by age,1727.0
2021.0,SI_COV_SOCNP,Number,Male,All age ranges or no breakdown by age,1821.0
2012.0,SI_COV_SOCNP,Number,Female,All age ranges or no breakdown by age,3304.0
2013.0,SI_COV_SOCNP,Number,Female,All age ranges or no breakdown by age,3304.0
2014.0,SI_COV_SOCNP,Number,Female,All age ranges or no breakdown by age,3279.0
2015.0,SI_COV_SOCNP,Number,Female,All age ranges or no breakdown by age,3119.0
2016.0,SI_COV_SOCNP,Number,Female,All age ranges or no breakdown by age,3051.0
2017.0,SI_COV_SOCNP,Number,Female,All age ranges or no breakdown by age,2950.0
2018.0,SI_COV_SOCNP,Number,Female,All age ranges or no breakdown by age,2687.0
2019.0,SI_COV_SOCNP,Number,Female,All age ranges or no breakdown by age,2641.0
2020.0,SI_COV_SOCNP,Number,Female,All age ranges or no breakdown by age,2349.0
2021.0,SI_COV_SOCNP,Number,Female,All age ranges or no breakdown by age,2321.0
2012.0,SI_COV_SOCDL,Number,Both sexes or no breakdown by sex,All age ranges or no breakdown by age,17219.0
2013.0,SI_COV_SOCDL,Number,Both sexes or no breakdown by sex,All age ranges or no breakdown by age,17219.0
2014.0,SI_COV_SOCDL,Number,Both sexes or no breakdown by sex,All age ranges or no breakdown by age,20286.0
2015.0,SI_COV_SOCDL,Number,Both sexes or no breakdown by sex,All age ranges or no breakdown by age,23048.0
2016.0,SI_COV_SOCDL,Number,Both sexes or no breakdown by sex,All age ranges or no breakdown by age,25127.0
2017.0,SI_COV_SOCDL,Number,Both sexes or no breakdown by sex,All age ranges or no breakdown by age,25944.0
2018.0,SI_COV_SOCDL,Number,Both sexes or no breakdown by sex,All age ranges or no breakdown by age,26394.0
2019.0,SI_COV_SOCDL,Number,Both sexes or no breakdown by sex,All age ranges or no breakdown by age,27774.0
2020.0,SI_COV_SOCDL,Number,Both sexes or no breakdown by sex,All age ranges or no breakdown by age,28270.0
2021.0,SI_COV_SOCDL,Number,Both sexes or no breakdown by sex,All age ranges or no breakdown by age,29691.0
2012.0,SI_COV_SOCDL,Number,Male,All age ranges or no breakdown by age,8008.0
2013.0,SI_COV_SOCDL,Number,Male,All age ranges or no breakdown by age,8008.0
2014.0,SI_COV_SOCDL,Number,Male,All age ranges or no breakdown by age,9264.0
2015.0,SI_COV_SOCDL,Number,Male,All age ranges or no breakdown by age,10465.0
2016.0,SI_COV_SOCDL,Number,Male,All age ranges or no breakdown by age,11383.0
2017.0,SI_COV_SOCDL,Number,Male,All age ranges or no breakdown by age,11987.0
2018.0,SI_COV_SOCDL,Number,Male,All age ranges or no breakdown by age,12123.0
2019.0,SI_COV_SOCDL,Number,Male,All age ranges or no breakdown by age,12813.0
2020.0,SI_COV_SOCDL,Number,Male,All age ranges or no breakdown by age,12419.0
2021.0,SI_COV_SOCDL,Number,Male,All age ranges or no breakdown by age,13673.0
2012.0,SI_COV_SOCDL,Number,Female,All age ranges or no breakdown by age,9211.0
2013.0,SI_COV_SOCDL,Number,Female,All age ranges or no breakdown by age,9211.0
2014.0,SI_COV_SOCDL,Number,Female,All age ranges or no breakdown by age,11022.0
2015.0,SI_COV_SOCDL,Number,Female,All age ranges or no breakdown by age,12581.0
2016.0,SI_COV_SOCDL,Number,Female,All age ranges or no breakdown by age,13744.0
2017.0,SI_COV_SOCDL,Number,Female,All age ranges or no breakdown by age,13957.0
2018.0,SI_COV_SOCDL,Number,Female,All age ranges or no breakdown by age,14271.0
2019.0,SI_COV_SOCDL,Number,Female,All age ranges or no breakdown by age,14961.0
2020.0,SI_COV_SOCDL,Number,Female,All age ranges or no breakdown by age,15851.0
2021.0,SI_COV_SOCDL,Number,Female,All age ranges or no breakdown by age,16018.0
2012.0,SI_COV_SOCDL,Number,Both sexes or no breakdown by sex,_OWCH,1849.0
2013.0,SI_COV_SOCDL,Number,Both sexes or no breakdown by sex,_OWCH,1849.0
2014.0,SI_COV_SOCDL,Number,Both sexes or no breakdown by sex,_OWCH,1501.0
2015.0,SI_COV_SOCDL,Number,Both sexes or no breakdown by sex,_OWCH,1272.0
2016.0,SI_COV_SOCDL,Number,Both sexes or no breakdown by sex,_OWCH,1492.0
2017.0,SI_COV_SOCDL,Number,Both sexes or no breakdown by sex,_OWCH,2022.0
2018.0,SI_COV_SOCDL,Number,Both sexes or no breakdown by sex,_OWCH,1538.0
2019.0,SI_COV_SOCDL,Number,Both sexes or no breakdown by sex,_OWCH,1689.0
2020.0,SI_COV_SOCDL,Number,Both sexes or no breakdown by sex,_OWCH,1982.0
2021.0,SI_COV_SOCDL,Number,Both sexes or no breakdown by sex,_OWCH,2021.0
2012.0,SI_COV_SOCDL,Number,Male,_OWCH,937.0
2013.0,SI_COV_SOCDL,Number,Male,_OWCH,937.0
2014.0,SI_COV_SOCDL,Number,Male,_OWCH,848.0
2015.0,SI_COV_SOCDL,Number,Male,_OWCH,718.0
2016.0,SI_COV_SOCDL,Number,Male,_OWCH,905.0
2017.0,SI_COV_SOCDL,Number,Male,_OWCH,1129.0
2018.0,SI_COV_SOCDL,Number,Male,_OWCH,919.0
2019.0,SI_COV_SOCDL,Number,Male,_OWCH,1010.0
2020.0,SI_COV_SOCDL,Number,Male,_OWCH,1189.0
2021.0,SI_COV_SOCDL,Number,Male,_OWCH,1220.0
2012.0,SI_COV_SOCDL,Number,Female,_OWCH,912.0
2013.0,SI_COV_SOCDL,Number,Female,_OWCH,912.0
2014.0,SI_COV_SOCDL,Number,Female,_OWCH,653.0
2015.0,SI_COV_SOCDL,Number,Female,_OWCH,554.0
2016.0,SI_COV_SOCDL,Number,Female,_OWCH,587.0
2017.0,SI_COV_SOCDL,Number,Female,_OWCH,893.0
2018.0,SI_COV_SOCDL,Number,Female,_OWCH,619.0
2019.0,SI_COV_SOCDL,Number,Female,_OWCH,679.0
2020.0,SI_COV_SOCDL,Number,Female,_OWCH,793.0
2021.0,SI_COV_SOCDL,Number,Female,_OWCH,801.0
2012.0,SI_COV_SOCSRAZ,Number,Both sexes or no breakdown by sex,All age ranges or no breakdown by age,333.0
2013.0,SI_COV_SOCSRAZ,Number,Both sexes or no breakdown by sex,All age ranges or no breakdown by age,333.0
2014.0,SI_COV_SOCSRAZ,Number,Both sexes or no breakdown by sex,All age ranges or no breakdown by age,432.0
2015.0,SI_COV_SOCSRAZ,Number,Both sexes or no breakdown by sex,All age ranges or no breakdown by age,410.0
2016.0,SI_COV_SOCSRAZ,Number,Both sexes or no breakdown by sex,All age ranges or no breakdown by age,339.0
2017.0,SI_COV_SOCSRAZ,Number,Both sexes or no breakdown by sex,All age ranges or no breakdown by age,349.0
2018.0,SI_COV_SOCSRAZ,Number,Both sexes or no breakdown by sex,All age ranges or no breakdown by age,382.0
2019.0,SI_COV_SOCSRAZ,Number,Both sexes or no breakdown by sex,All age ranges or no breakdown by age,239.0
2020.0,SI_COV_SOCSRAZ,Number,Both sexes or no breakdown by sex,All age ranges or no breakdown by age,223.0
2021.0,SI_COV_SOCSRAZ,Number,Both sexes or no breakdown by sex,All age ranges or no breakdown by age,248.0
2012.0,SI_COV_SOCSRAZ,Number,Male,All age ranges or no breakdown by age,199.0
2013.0,SI_COV_SOCSRAZ,Number,Male,All age ranges or no breakdown by age,199.0
2014.0,SI_COV_SOCSRAZ,Number,Male,All age ranges or no breakdown by age,248.0
2015.0,SI_COV_SOCSRAZ,Number,Male,All age ranges or no breakdown by age,235.0
2016.0,SI_COV_SOCSRAZ,Number,Male,All age ranges or no breakdown by age,186.0
2017.0,SI_COV_SOCSRAZ,Number,Male,All age ranges or no breakdown by age,184.0
2018.0,SI_COV_SOCSRAZ,Number,Male,All age ranges or no breakdown by age,204.0
2019.0,SI_COV_SOCSRAZ,Number,Male,All age ranges or no breakdown by age,115.0
2020.0,SI_COV_SOCSRAZ,Number,Male,All age ranges or no breakdown by age,112.0
2021.0,SI_COV_SOCSRAZ,Number,Male,All age ranges or no breakdown by age,137.0
2012.0,SI_COV_SOCSRAZ,Number,Female,All age ranges or no breakdown by age,134.0
2013.0,SI_COV_SOCSRAZ,Number,Female,All age ranges or no breakdown by age,134.0
2014.0,SI_COV_SOCSRAZ,Number,Female,All age ranges or no breakdown by age,184.0
2015.0,SI_COV_SOCSRAZ,Number,Female,All age ranges or no breakdown by age,175.0
2016.0,SI_COV_SOCSRAZ,Number,Female,All age ranges or no breakdown by age,153.0
2017.0,SI_COV_SOCSRAZ,Number,Female,All age ranges or no breakdown by age,165.0
2018.0,SI_COV_SOCSRAZ,Number,Female,All age ranges or no breakdown by age,178.0
2019.0,SI_COV_SOCSRAZ,Number,Female,All age ranges or no breakdown by age,121.0
2020.0,SI_COV_SOCSRAZ,Number,Female,All age ranges or no breakdown by age,111.0
2021.0,SI_COV_SOCSRAZ,Number,Female,All age ranges or no breakdown by age,111.0
2012.0,SI_COV_SOCSRAZ,Number,Both sexes or no breakdown by sex,_OWCH,290.0
2013.0,SI_COV_SOCSRAZ,Number,Both sexes or no breakdown by sex,_OWCH,290.0
2014.0,SI_COV_SOCSRAZ,Number,Both sexes or no breakdown by sex,_OWCH,414.0
2015.0,SI_COV_SOCSRAZ,Number,Both sexes or no breakdown by sex,_OWCH,386.0
2016.0,SI_COV_SOCSRAZ,Number,Both sexes or no breakdown by sex,_OWCH,306.0
2017.0,SI_COV_SOCSRAZ,Number,Both sexes or no breakdown by sex,_OWCH,322.0
2018.0,SI_COV_SOCSRAZ,Number,Both sexes or no breakdown by sex,_OWCH,325.0
2019.0,SI_COV_SOCSRAZ,Number,Both sexes or no breakdown by sex,_OWCH,147.0
2020.0,SI_COV_SOCSRAZ,Number,Both sexes or no breakdown by sex,_OWCH,141.0
2021.0,SI_COV_SOCSRAZ,Number,Both sexes or no breakdown by sex,_OWCH,134.0
2012.0,SI_COV_SOCSRAZ,Number,Male,_OWCH,175.0
2013.0,SI_COV_SOCSRAZ,Number,Male,_OWCH,175.0
2014.0,SI_COV_SOCSRAZ,Number,Male,_OWCH,237.0
2015.0,SI_COV_SOCSRAZ,Number,Male,_OWCH,229.0
2016.0,SI_COV_SOCSRAZ,Number,Male,_OWCH,170.0
2017.0,SI_COV_SOCSRAZ,Number,Male,_OWCH,175.0
2018.0,SI_COV_SOCSRAZ,Number,Male,_OWCH,194.0
2019.0,SI_COV_SOCSRAZ,Number,Male,_OWCH,74.0
2020.0,SI_COV_SOCSRAZ,Number,Male,_OWCH,75.0
2021.0,SI_COV_SOCSRAZ,Number,Male,_OWCH,74.0
2012.0,SI_COV_SOCSRAZ,Number,Female,_OWCH,115.0
2013.0,SI_COV_SOCSRAZ,Number,Female,_OWCH,115.0
2014.0,SI_COV_SOCSRAZ,Number,Female,_OWCH,177.0
2015.0,SI_COV_SOCSRAZ,Number,Female,_OWCH,157.0
2016.0,SI_COV_SOCSRAZ,Number,Female,_OWCH,136.0
2017.0,SI_COV_SOCSRAZ,Number,Female,_OWCH,147.0
2018.0,SI_COV_SOCSRAZ,Number,Female,_OWCH,131.0
2019.0,SI_COV_SOCSRAZ,Number,Female,_OWCH,73.0
2020.0,SI_COV_SOCSRAZ,Number,Female,_OWCH,66.0
2021.0,SI_COV_SOCSRAZ,Number,Female,_OWCH,60.0
2012.0,SI_COV_SOCSUST,Number,Both sexes or no breakdown by sex,All age ranges or no breakdown by age,1048.0
2013.0,SI_COV_SOCSUST,Number,Both sexes or no breakdown by sex,All age ranges or no breakdown by age,1048.0
2014.0,SI_COV_SOCSUST,Number,Both sexes or no breakdown by sex,All age ranges or no breakdown by age,1059.0
2015.0,SI_COV_SOCSUST,Number,Both sexes or no breakdown by sex,All age ranges or no breakdown by age,1029.0
2016.0,SI_COV_SOCSUST,Number,Both sexes or no breakdown by sex,All age ranges or no breakdown by age,1089.0
2017.0,SI_COV_SOCSUST,Number,Both sexes or no breakdown by sex,All age ranges or no breakdown by age,1071.0
2018.0,SI_COV_SOCSUST,Number,Both sexes or no breakdown by sex,All age ranges or no breakdown by age,1145.0
2019.0,SI_COV_SOCSUST,Number,Both sexes or no breakdown by sex,All age ranges or no breakdown by age,1078.0
2020.0,SI_COV_SOCSUST,Number,Both sexes or no breakdown by sex,All age ranges or no breakdown by age,1179.0
2021.0,SI_COV_SOCSUST,Number,Both sexes or no breakdown by sex,All age ranges or no breakdown by age,1190.0
2012.0,SI_COV_SOCSUST,Number,Male,All age ranges or no breakdown by age,473.0
2013.0,SI_COV_SOCSUST,Number,Male,All age ranges or no breakdown by age,473.0
2014.0,SI_COV_SOCSUST,Number,Male,All age ranges or no breakdown by age,491.0
2015.0,SI_COV_SOCSUST,Number,Male,All age ranges or no breakdown by age,504.0
2016.0,SI_COV_SOCSUST,Number,Male,All age ranges or no breakdown by age,504.0
2017.0,SI_COV_SOCSUST,Number,Male,All age ranges or no breakdown by age,500.0
2018.0,SI_COV_SOCSUST,Number,Male,All age ranges or no breakdown by age,525.0
2019.0,SI_COV_SOCSUST,Number,Male,All age ranges or no breakdown by age,504.0
2020.0,SI_COV_SOCSUST,Number,Male,All age ranges or no breakdown by age,544.0
2021.0,SI_COV_SOCSUST,Number,Male,All age ranges or no breakdown by age,533.0
2012.0,SI_COV_SOCSUST,Number,Female,All age ranges or no breakdown by age,575.0
2013.0,SI_COV_SOCSUST,Number,Female,All age ranges or no breakdown by age,575.0
2014.0,SI_COV_SOCSUST,Number,Female,All age ranges or no breakdown by age,568.0
2015.0,SI_COV_SOCSUST,Number,Female,All age ranges or no breakdown by age,525.0
2016.0,SI_COV_SOCSUST,Number,Female,All age ranges or no breakdown by age,585.0
2017.0,SI_COV_SOCSUST,Number,Female,All age ranges or no breakdown by age,571.0
2018.0,SI_COV_SOCSUST,Number,Female,All age ranges or no breakdown by age,620.0
2019.0,SI_COV_SOCSUST,Number,Female,All age ranges or no breakdown by age,574.0
2020.0,SI_COV_SOCSUST,Number,Female,All age ranges or no breakdown by age,635.0
2021.0,SI_COV_SOCSUST,Number,Female,All age ranges or no breakdown by age,657.0
2012.0,SI_COV_SOCSUST,Number,Both sexes or no breakdown by sex,_OWCH,225.0
2013.0,SI_COV_SOCSUST,Number,Both sexes or no breakdown by sex,_OWCH,225.0
2014.0,SI_COV_SOCSUST,Number,Both sexes or no breakdown by sex,_OWCH,207.0
2015.0,SI_COV_SOCSUST,Number,Both sexes or no breakdown by sex,_OWCH,199.0
2016.0,SI_COV_SOCSUST,Number,Both sexes or no breakdown by sex,_OWCH,224.0
2017.0,SI_COV_SOCSUST,Number,Both sexes or no breakdown by sex,_OWCH,183.0
2018.0,SI_COV_SOCSUST,Number,Both sexes or no breakdown by sex,_OWCH,170.0
2019.0,SI_COV_SOCSUST,Number,Both sexes or no breakdown by sex,_OWCH,154.0
2020.0,SI_COV_SOCSUST,Number,Both sexes or no breakdown by sex,_OWCH,152.0
2021.0,SI_COV_SOCSUST,Number,Both sexes or no breakdown by sex,_OWCH,159.0
2012.0,SI_COV_SOCSUST,Number,Male,_OWCH,119.0
2013.0,SI_COV_SOCSUST,Number,Male,_OWCH,119.0
2014.0,SI_COV_SOCSUST,Number,Male,_OWCH,106.0
2015.0,SI_COV_SOCSUST,Number,Male,_OWCH,106.0
2016.0,SI_COV_SOCSUST,Number,Male,_OWCH,118.0
2017.0,SI_COV_SOCSUST,Number,Male,_OWCH,94.0
2018.0,SI_COV_SOCSUST,Number,Male,_OWCH,90.0
2019.0,SI_COV_SOCSUST,Number,Male,_OWCH,73.0
2020.0,SI_COV_SOCSUST,Number,Male,_OWCH,74.0
2021.0,SI_COV_SOCSUST,Number,Male,_OWCH,82.0
2012.0,SI_COV_SOCSUST,Number,Female,_OWCH,106.0
2013.0,SI_COV_SOCSUST,Number,Female,_OWCH,106.0
2014.0,SI_COV_SOCSUST,Number,Female,_OWCH,101.0
2015.0,SI_COV_SOCSUST,Number,Female,_OWCH,93.0
2016.0,SI_COV_SOCSUST,Number,Female,_OWCH,106.0
2017.0,SI_COV_SOCSUST,Number,Female,_OWCH,89.0
2018.0,SI_COV_SOCSUST,Number,Female,_OWCH,80.0
2019.0,SI_COV_SOCSUST,Number,Female,_OWCH,81.0
2020.0,SI_COV_SOCSUST,Number,Female,_OWCH,78.0
2021.0,SI_COV_SOCSUST,Number,Female,_OWCH,77.0
2012.0,SI_COV_SOCHRP,Number,Both sexes or no breakdown by sex,All age ranges or no breakdown by age,389.0
2013.0,SI_COV_SOCHRP,Number,Both sexes or no breakdown by sex,All age ranges or no breakdown by age,389.0
2014.0,SI_COV_SOCHRP,Number,Both sexes or no breakdown by sex,All age ranges or no breakdown by age,426.0
2015.0,SI_COV_SOCHRP,Number,Both sexes or no breakdown by sex,All age ranges or no breakdown by age,356.0
2016.0,SI_COV_SOCHRP,Number,Both sexes or no breakdown by sex,All age ranges or no breakdown by age,356.0
2017.0,SI_COV_SOCHRP,Number,Both sexes or no breakdown by sex,All age ranges or no breakdown by age,392.0
2018.0,SI_COV_SOCHRP,Number,Both sexes or no breakdown by sex,All age ranges or no breakdown by age,390.0
2019.0,SI_COV_SOCHRP,Number,Both sexes or no breakdown by sex,All age ranges or no breakdown by age,373.0
2020.0,SI_COV_SOCHRP,Number,Both sexes or no breakdown by sex,All age ranges or no breakdown by age,370.0
2021.0,SI_COV_SOCHRP,Number,Both sexes or no breakdown by sex,All age ranges or no breakdown by age,333.0
2012.0,SI_COV_SOCHRP,Number,Male,All age ranges or no breakdown by age,182.0
2013.0,SI_COV_SOCHRP,Number,Male,All age ranges or no breakdown by age,182.0
2014.0,SI_COV_SOCHRP,Number,Male,All age ranges or no breakdown by age,198.0
2015.0,SI_COV_SOCHRP,Number,Male,All age ranges or no breakdown by age,167.0
2016.0,SI_COV_SOCHRP,Number,Male,All age ranges or no breakdown by age,167.0
2017.0,SI_COV_SOCHRP,Number,Male,All age ranges or no breakdown by age,194.0
2018.0,SI_COV_SOCHRP,Number,Male,All age ranges or no breakdown by age,192.0
2019.0,SI_COV_SOCHRP,Number,Male,All age ranges or no breakdown by age,168.0
2020.0,SI_COV_SOCHRP,Number,Male,All age ranges or no breakdown by age,175.0
2021.0,SI_COV_SOCHRP,Number,Male,All age ranges or no breakdown by age,159.0
2012.0,SI_COV_SOCHRP,Number,Female,All age ranges or no breakdown by age,211.0
2013.0,SI_COV_SOCHRP,Number,Female,All age ranges or no breakdown by age,211.0
2014.0,SI_COV_SOCHRP,Number,Female,All age ranges or no breakdown by age,228.0
2015.0,SI_COV_SOCHRP,Number,Female,All age ranges or no breakdown by age,189.0
2016.0,SI_COV_SOCHRP,Number,Female,All age ranges or no breakdown by age,189.0
2017.0,SI_COV_SOCHRP,Number,Female,All age ranges or no breakdown by age,198.0
2018.0,SI_COV_SOCHRP,Number,Female,All age ranges or no breakdown by age,198.0
2019.0,SI_COV_SOCHRP,Number,Female,All age ranges or no breakdown by age,205.0
2020.0,SI_COV_SOCHRP,Number,Female,All age ranges or no breakdown by age,195.0
2021.0,SI_COV_SOCHRP,Number,Female,All age ranges or no breakdown by age,174.0
2012.0,SI_COV_SOCHRP,Number,Both sexes or no breakdown by sex,_OWCH,119.0
2013.0,SI_COV_SOCHRP,Number,Both sexes or no breakdown by sex,_OWCH,119.0
2014.0,SI_COV_SOCHRP,Number,Both sexes or no breakdown by sex,_OWCH,196.0
2015.0,SI_COV_SOCHRP,Number,Both sexes or no breakdown by sex,_OWCH,252.0
2016.0,SI_COV_SOCHRP,Number,Both sexes or no breakdown by sex,_OWCH,259.0
2017.0,SI_COV_SOCHRP,Number,Both sexes or no breakdown by sex,_OWCH,272.0
2018.0,SI_COV_SOCHRP,Number,Both sexes or no breakdown by sex,_OWCH,223.0
2019.0,SI_COV_SOCHRP,Number,Both sexes or no breakdown by sex,_OWCH,210.0
2020.0,SI_COV_SOCHRP,Number,Both sexes or no breakdown by sex,_OWCH,206.0
2021.0,SI_COV_SOCHRP,Number,Both sexes or no breakdown by sex,_OWCH,208.0
2012.0,SI_COV_SOCHRP,Number,Male,_OWCH,61.0
2013.0,SI_COV_SOCHRP,Number,Male,_OWCH,61.0
2014.0,SI_COV_SOCHRP,Number,Male,_OWCH,101.0
2015.0,SI_COV_SOCHRP,Number,Male,_OWCH,127.0
2016.0,SI_COV_SOCHRP,Number,Male,_OWCH,135.0
2017.0,SI_COV_SOCHRP,Number,Male,_OWCH,137.0
2018.0,SI_COV_SOCHRP,Number,Male,_OWCH,117.0
2019.0,SI_COV_SOCHRP,Number,Male,_OWCH,96.0
2020.0,SI_COV_SOCHRP,Number,Male,_OWCH,102.0
2021.0,SI_COV_SOCHRP,Number,Male,_OWCH,99.0
2012.0,SI_COV_SOCHRP,Number,Female,_OWCH,58.0
2013.0,SI_COV_SOCHRP,Number,Female,_OWCH,58.0
2014.0,SI_COV_SOCHRP,Number,Female,_OWCH,95.0
2015.0,SI_COV_SOCHRP,Number,Female,_OWCH,125.0
2016.0,SI_COV_SOCHRP,Number,Female,_OWCH,124.0
2017.0,SI_COV_SOCHRP,Number,Female,_OWCH,135.0
2018.0,SI_COV_SOCHRP,Number,Female,_OWCH,106.0
2019.0,SI_COV_SOCHRP,Number,Female,_OWCH,114.0
2020.0,SI_COV_SOCHRP,Number,Female,_OWCH,104.0
2021.0,SI_COV_SOCHRP,Number,Female,_OWCH,109.0
2012.0,SI_COV_SOCHHLP,Number,Both sexes or no breakdown by sex,All age ranges or no breakdown by age,285.0
2013.0,SI_COV_SOCHHLP,Number,Both sexes or no breakdown by sex,All age ranges or no breakdown by age,285.0
2014.0,SI_COV_SOCHHLP,Number,Both sexes or no breakdown by sex,All age ranges or no breakdown by age,217.0
2015.0,SI_COV_SOCHHLP,Number,Both sexes or no breakdown by sex,All age ranges or no breakdown by age,217.0
2016.0,SI_COV_SOCHHLP,Number,Both sexes or no breakdown by sex,All age ranges or no breakdown by age,237.0
2017.0,SI_COV_SOCHHLP,Number,Both sexes or no breakdown by sex,All age ranges or no breakdown by age,220.0
2018.0,SI_COV_SOCHHLP,Number,Both sexes or no breakdown by sex,All age ranges or no breakdown by age,201.0
2019.0,SI_COV_SOCHHLP,Number,Both sexes or no breakdown by sex,All age ranges or no breakdown by age,233.0
2020.0,SI_COV_SOCHHLP,Number,Both sexes or no breakdown by sex,All age ranges or no breakdown by age,186.0
2021.0,SI_COV_SOCHHLP,Number,Both sexes or no breakdown by sex,All age ranges or no breakdown by age,152.0
2012.0,SI_COV_SOCHHLP,Number,Male,All age ranges or no breakdown by age,123.0
2013.0,SI_COV_SOCHHLP,Number,Male,All age ranges or no breakdown by age,123.0
2014.0,SI_COV_SOCHHLP,Number,Male,All age ranges or no breakdown by age,55.0
2015.0,SI_COV_SOCHHLP,Number,Male,All age ranges or no breakdown by age,58.0
2016.0,SI_COV_SOCHHLP,Number,Male,All age ranges or no breakdown by age,67.0
2017.0,SI_COV_SOCHHLP,Number,Male,All age ranges or no breakdown by age,102.0
2018.0,SI_COV_SOCHHLP,Number,Male,All age ranges or no breakdown by age,100.0
2019.0,SI_COV_SOCHHLP,Number,Male,All age ranges or no breakdown by age,69.0
2020.0,SI_COV_SOCHHLP,Number,Male,All age ranges or no breakdown by age,66.0
2021.0,SI_COV_SOCHHLP,Number,Male,All age ranges or no breakdown by age,63.0
2012.0,SI_COV_SOCHHLP,Number,Female,All age ranges or no breakdown by age,163.0
2013.0,SI_COV_SOCHHLP,Number,Female,All age ranges or no breakdown by age,163.0
2014.0,SI_COV_SOCHHLP,Number,Female,All age ranges or no breakdown by age,162.0
2015.0,SI_COV_SOCHHLP,Number,Female,All age ranges or no breakdown by age,159.0
2016.0,SI_COV_SOCHHLP,Number,Female,All age ranges or no breakdown by age,170.0
2017.0,SI_COV_SOCHHLP,Number,Female,All age ranges or no breakdown by age,118.0
2018.0,SI_COV_SOCHHLP,Number,Female,All age ranges or no breakdown by age,101.0
2019.0,SI_COV_SOCHHLP,Number,Female,All age ranges or no breakdown by age,164.0
2020.0,SI_COV_SOCHHLP,Number,Female,All age ranges or no breakdown by age,120.0
2021.0,SI_COV_SOCHHLP,Number,Female,All age ranges or no breakdown by age,89.0
2012.0,SI_COV_SOCHHLP,Number,Both sexes or no breakdown by sex,_OWCH,15.0
2013.0,SI_COV_SOCHHLP,Number,Both sexes or no breakdown by sex,_OWCH,15.0
2014.0,SI_COV_SOCHHLP,Number,Both sexes or no breakdown by sex,_OWCH,7.0
2015.0,SI_COV_SOCHHLP,Number,Both sexes or no breakdown by sex,_OWCH,6.0
2016.0,SI_COV_SOCHHLP,Number,Both sexes or no breakdown by sex,_OWCH,5.0
2017.0,SI_COV_SOCHHLP,Number,Both sexes or no breakdown by sex,_OWCH,17.0
2018.0,SI_COV_SOCHHLP,Number,Both sexes or no breakdown by sex,_OWCH,1.0
2019.0,SI_COV_SOCHHLP,Number,Both sexes or no breakdown by sex,_OWCH,1.0
2020.0,SI_COV_SOCHHLP,Number,Both sexes or no breakdown by sex,_OWCH,0.0
2021.0,SI_COV_SOCHHLP,Number,Both sexes or no breakdown by sex,_OWCH,0.0
2012.0,SI_COV_SOCHHLP,Number,Male,_OWCH,11.0
2013.0,SI_COV_SOCHHLP,Number,Male,_OWCH,11.0
2014.0,SI_COV_SOCHHLP,Number,Male,_OWCH,5.0
2015.0,SI_COV_SOCHHLP,Number,Male,_OWCH,2.0
2016.0,SI_COV_SOCHHLP,Number,Male,_OWCH,2.0
2017.0,SI_COV_SOCHHLP,Number,Male,_OWCH,5.0
2018.0,SI_COV_SOCHHLP,Number,Male,_OWCH,0.0
2019.0,SI_COV_SOCHHLP,Number,Male,_OWCH,0.0
2020.0,SI_COV_SOCHHLP,Number,Male,_OWCH,0.0
2021.0,SI_COV_SOCHHLP,Number,Male,_OWCH,0.0
2012.0,SI_COV_SOCHHLP,Number,Female,_OWCH,4.0
2013.0,SI_COV_SOCHHLP,Number,Female,_OWCH,4.0
2014.0,SI_COV_SOCHHLP,Number,Female,_OWCH,2.0
2015.0,SI_COV_SOCHHLP,Number,Female,_OWCH,4.0
2016.0,SI_COV_SOCHHLP,Number,Female,_OWCH,3.0
2017.0,SI_COV_SOCHHLP,Number,Female,_OWCH,12.0
2018.0,SI_COV_SOCHHLP,Number,Female,_OWCH,1.0
2019.0,SI_COV_SOCHHLP,Number,Female,_OWCH,1.0
2020.0,SI_COV_SOCHHLP,Number,Female,_OWCH,0.0
2021.0,SI_COV_SOCHHLP,Number,Female,_OWCH,0.0
2012.0,SI_COV_SOCDC,Number,Both sexes or no breakdown by sex,All age ranges or no breakdown by age,70.0
2013.0,SI_COV_SOCDC,Number,Both sexes or no breakdown by sex,All age ranges or no breakdown by age,70.0
2014.0,SI_COV_SOCDC,Number,Both sexes or no breakdown by sex,All age ranges or no breakdown by age,230.0
2015.0,SI_COV_SOCDC,Number,Both sexes or no breakdown by sex,All age ranges or no breakdown by age,178.0
2016.0,SI_COV_SOCDC,Number,Both sexes or no breakdown by sex,All age ranges or no breakdown by age,209.0
2017.0,SI_COV_SOCDC,Number,Both sexes or no breakdown by sex,All age ranges or no breakdown by age,286.0
2018.0,SI_COV_SOCDC,Number,Both sexes or no breakdown by sex,All age ranges or no breakdown by age,312.0
2019.0,SI_COV_SOCDC,Number,Both sexes or no breakdown by sex,All age ranges or no breakdown by age,395.0
2020.0,SI_COV_SOCDC,Number,Both sexes or no breakdown by sex,All age ranges or no breakdown by age,335.0
2021.0,SI_COV_SOCDC,Number,Both sexes or no breakdown by sex,All age ranges or no breakdown by age,433.0
2012.0,SI_COV_SOCDC,Number,Male,All age ranges or no breakdown by age,39.0
2013.0,SI_COV_SOCDC,Number,Male,All age ranges or no breakdown by age,39.0
2014.0,SI_COV_SOCDC,Number,Male,All age ranges or no breakdown by age,120.0
2015.0,SI_COV_SOCDC,Number,Male,All age ranges or no breakdown by age,105.0
2016.0,SI_COV_SOCDC,Number,Male,All age ranges or no breakdown by age,128.0
2017.0,SI_COV_SOCDC,Number,Male,All age ranges or no breakdown by age,163.0
2018.0,SI_COV_SOCDC,Number,Male,All age ranges or no breakdown by age,180.0
2019.0,SI_COV_SOCDC,Number,Male,All age ranges or no breakdown by age,209.0
2020.0,SI_COV_SOCDC,Number,Male,All age ranges or no breakdown by age,157.0
2021.0,SI_COV_SOCDC,Number,Male,All age ranges or no breakdown by age,255.0
2012.0,SI_COV_SOCDC,Number,Female,All age ranges or no breakdown by age,31.0
2013.0,SI_COV_SOCDC,Number,Female,All age ranges or no breakdown by age,31.0
2014.0,SI_COV_SOCDC,Number,Female,All age ranges or no breakdown by age,110.0
2015.0,SI_COV_SOCDC,Number,Female,All age ranges or no breakdown by age,73.0
2016.0,SI_COV_SOCDC,Number,Female,All age ranges or no breakdown by age,81.0
2017.0,SI_COV_SOCDC,Number,Female,All age ranges or no breakdown by age,123.0
2018.0,SI_COV_SOCDC,Number,Female,All age ranges or no breakdown by age,132.0
2019.0,SI_COV_SOCDC,Number,Female,All age ranges or no breakdown by age,186.0
2020.0,SI_COV_SOCDC,Number,Female,All age ranges or no breakdown by age,178.0
2021.0,SI_COV_SOCDC,Number,Female,All age ranges or no breakdown by age,178.0
2012.0,SI_COV_SOCDC,Number,Both sexes or no breakdown by sex,_OWCH,52.0
2013.0,SI_COV_SOCDC,Number,Both sexes or no breakdown by sex,_OWCH,52.0
2014.0,SI_COV_SOCDC,Number,Both sexes or no breakdown by sex,_OWCH,143.0
2015.0,SI_COV_SOCDC,Number,Both sexes or no breakdown by sex,_OWCH,137.0
2016.0,SI_COV_SOCDC,Number,Both sexes or no breakdown by sex,_OWCH,125.0
2017.0,SI_COV_SOCDC,Number,Both sexes or no breakdown by sex,_OWCH,157.0
2018.0,SI_COV_SOCDC,Number,Both sexes or no breakdown by sex,_OWCH,107.0
2019.0,SI_COV_SOCDC,Number,Both sexes or no breakdown by sex,_OWCH,127.0
2020.0,SI_COV_SOCDC,Number,Both sexes or no breakdown by sex,_OWCH,161.0
2021.0,SI_COV_SOCDC,Number,Both sexes or no breakdown by sex,_OWCH,192.0
2012.0,SI_COV_SOCDC,Number,Male,_OWCH,27.0
2013.0,SI_COV_SOCDC,Number,Male,_OWCH,27.0
2014.0,SI_COV_SOCDC,Number,Male,_OWCH,81.0
2015.0,SI_COV_SOCDC,Number,Male,_OWCH,77.0
2016.0,SI_COV_SOCDC,Number,Male,_OWCH,72.0
2017.0,SI_COV_SOCDC,Number,Male,_OWCH,83.0
2018.0,SI_COV_SOCDC,Number,Male,_OWCH,62.0
2019.0,SI_COV_SOCDC,Number,Male,_OWCH,65.0
2020.0,SI_COV_SOCDC,Number,Male,_OWCH,85.0
2021.0,SI_COV_SOCDC,Number,Male,_OWCH,137.0
2012.0,SI_COV_SOCDC,Number,Female,_OWCH,25.0
2013.0,SI_COV_SOCDC,Number,Female,_OWCH,25.0
2014.0,SI_COV_SOCDC,Number,Female,_OWCH,62.0
2015.0,SI_COV_SOCDC,Number,Female,_OWCH,60.0
2016.0,SI_COV_SOCDC,Number,Female,_OWCH,53.0
2017.0,SI_COV_SOCDC,Number,Female,_OWCH,74.0
2018.0,SI_COV_SOCDC,Number,Female,_OWCH,45.0
2019.0,SI_COV_SOCDC,Number,Female,_OWCH,62.0
2020.0,SI_COV_SOCDC,Number,Female,_OWCH,76.0
2021.0,SI_COV_SOCDC,Number,Female,_OWCH,55.0
2012.0,SI_COV_SOCOTFA,Number,Both sexes or no breakdown by sex,All age ranges or no breakdown by age,11586.0
2013.0,SI_COV_SOCOTFA,Number,Both sexes or no breakdown by sex,All age ranges or no breakdown by age,11586.0
2014.0,SI_COV_SOCOTFA,Number,Both sexes or no breakdown by sex,All age ranges or no breakdown by age,11413.0
2015.0,SI_COV_SOCOTFA,Number,Both sexes or no breakdown by sex,All age ranges or no breakdown by age,11105.0
2016.0,SI_COV_SOCOTFA,Number,Both sexes or no breakdown by sex,All age ranges or no breakdown by age,11301.0
2017.0,SI_COV_SOCOTFA,Number,Both sexes or no breakdown by sex,All age ranges or no breakdown by age,10481.0
2018.0,SI_COV_SOCOTFA,Number,Both sexes or no breakdown by sex,All age ranges or no breakdown by age,11418.0
2019.0,SI_COV_SOCOTFA,Number,Both sexes or no breakdown by sex,All age ranges or no breakdown by age,9732.0
2020.0,SI_COV_SOCOTFA,Number,Both sexes or no breakdown by sex,All age ranges or no breakdown by age,9735.0
2021.0,SI_COV_SOCOTFA,Number,Both sexes or no breakdown by sex,All age ranges or no breakdown by age,9152.0
2012.0,SI_COV_SOCOTFA,Number,Male,All age ranges or no breakdown by age,5566.0
2013.0,SI_COV_SOCOTFA,Number,Male,All age ranges or no breakdown by age,5566.0
2014.0,SI_COV_SOCOTFA,Number,Male,All age ranges or no breakdown by age,5516.0
2015.0,SI_COV_SOCOTFA,Number,Male,All age ranges or no breakdown by age,5480.0
2016.0,SI_COV_SOCOTFA,Number,Male,All age ranges or no breakdown by age,5534.0
2017.0,SI_COV_SOCOTFA,Number,Male,All age ranges or no breakdown by age,5020.0
2018.0,SI_COV_SOCOTFA,Number,Male,All age ranges or no breakdown by age,5340.0
2019.0,SI_COV_SOCOTFA,Number,Male,All age ranges or no breakdown by age,4726.0
2020.0,SI_COV_SOCOTFA,Number,Male,All age ranges or no breakdown by age,4787.0
2021.0,SI_COV_SOCOTFA,Number,Male,All age ranges or no breakdown by age,4360.0
2012.0,SI_COV_SOCOTFA,Number,Female,All age ranges or no breakdown by age,6020.0
2013.0,SI_COV_SOCOTFA,Number,Female,All age ranges or no breakdown by age,6020.0
2014.0,SI_COV_SOCOTFA,Number,Female,All age ranges or no breakdown by age,5897.0
2015.0,SI_COV_SOCOTFA,Number,Female,All age ranges or no breakdown by age,5625.0
2016.0,SI_COV_SOCOTFA,Number,Female,All age ranges or no breakdown by age,5767.0
2017.0,SI_COV_SOCOTFA,Number,Female,All age ranges or no breakdown by age,5461.0
2018.0,SI_COV_SOCOTFA,Number,Female,All age ranges or no breakdown by age,6078.0
2019.0,SI_COV_SOCOTFA,Number,Female,All age ranges or no breakdown by age,5006.0
2020.0,SI_COV_SOCOTFA,Number,Female,All age ranges or no breakdown by age,4948.0
2021.0,SI_COV_SOCOTFA,Number,Female,All age ranges or no breakdown by age,4792.0
2012.0,SI_COV_SOCOTFA,Number,Both sexes or no breakdown by sex,_OWCH,1836.0
2013.0,SI_COV_SOCOTFA,Number,Both sexes or no breakdown by sex,_OWCH,1836.0
2014.0,SI_COV_SOCOTFA,Number,Both sexes or no breakdown by sex,_OWCH,1172.0
2015.0,SI_COV_SOCOTFA,Number,Both sexes or no breakdown by sex,_OWCH,657.0
2016.0,SI_COV_SOCOTFA,Number,Both sexes or no breakdown by sex,_OWCH,752.0
2017.0,SI_COV_SOCOTFA,Number,Both sexes or no breakdown by sex,_OWCH,783.0
2018.0,SI_COV_SOCOTFA,Number,Both sexes or no breakdown by sex,_OWCH,625.0
2019.0,SI_COV_SOCOTFA,Number,Both sexes or no breakdown by sex,_OWCH,643.0
2020.0,SI_COV_SOCOTFA,Number,Both sexes or no breakdown by sex,_OWCH,560.0
2021.0,SI_COV_SOCOTFA,Number,Both sexes or no breakdown by sex,_OWCH,575.0
2012.0,SI_COV_SOCOTFA,Number,Male,_OWCH,839.0
2013.0,SI_COV_SOCOTFA,Number,Male,_OWCH,839.0
2014.0,SI_COV_SOCOTFA,Number,Male,_OWCH,534.0
2015.0,SI_COV_SOCOTFA,Number,Male,_OWCH,319.0
2016.0,SI_COV_SOCOTFA,Number,Male,_OWCH,395.0
2017.0,SI_COV_SOCOTFA,Number,Male,_OWCH,357.0
2018.0,SI_COV_SOCOTFA,Number,Male,_OWCH,289.0
2019.0,SI_COV_SOCOTFA,Number,Male,_OWCH,373.0
2020.0,SI_COV_SOCOTFA,Number,Male,_OWCH,268.0
2021.0,SI_COV_SOCOTFA,Number,Male,_OWCH,293.0
2012.0,SI_COV_SOCOTFA,Number,Female,_OWCH,997.0
2013.0,SI_COV_SOCOTFA,Number,Female,_OWCH,997.0
2014.0,SI_COV_SOCOTFA,Number,Female,_OWCH,638.0
2015.0,SI_COV_SOCOTFA,Number,Female,_OWCH,338.0
2016.0,SI_COV_SOCOTFA,Number,Female,_OWCH,357.0
2017.0,SI_COV_SOCOTFA,Number,Female,_OWCH,426.0
2018.0,SI_COV_SOCOTFA,Number,Female,_OWCH,336.0
2019.0,SI_COV_SOCOTFA,Number,Female,_OWCH,270.0
2020.0,SI_COV_SOCOTFA,Number,Female,_OWCH,292.0
2021.0,SI_COV_SOCOTFA,Number,Female,_OWCH,282.0
2018.0,SI_COV_SOCPDPENS,Number,Both sexes or no breakdown by sex,All age ranges or no breakdown by age,4192.0
2019.0,SI_COV_SOCPDPENS,Number,Both sexes or no breakdown by sex,All age ranges or no breakdown by age,4944.0
2020.0,SI_COV_SOCPDPENS,Number,Both sexes or no breakdown by sex,All age ranges or no breakdown by age,6278.0
2021.0,SI_COV_SOCPDPENS,Number,Both sexes or no breakdown by sex,All age ranges or no breakdown by age,6727.0
2018.0,SI_COV_SOCPDPENS,Number,Male,All age ranges or no breakdown by age,2233.0
2019.0,SI_COV_SOCPDPENS,Number,Male,All age ranges or no breakdown by age,2843.0
2020.0,SI_COV_SOCPDPENS,Number,Male,All age ranges or no breakdown by age,3665.0
2021.0,SI_COV_SOCPDPENS,Number,Male,All age ranges or no breakdown by age,3953.0
2018.0,SI_COV_SOCPDPENS,Number,Female,All age ranges or no breakdown by age,1959.0
2019.0,SI_COV_SOCPDPENS,Number,Female,All age ranges or no breakdown by age,2101.0
2020.0,SI_COV_SOCPDPENS,Number,Female,All age ranges or no breakdown by age,2613.0
2021.0,SI_COV_SOCPDPENS,Number,Female,All age ranges or no breakdown by age,2774.0
2018.0,SI_COV_SOCPDPENS,Number,Both sexes or no breakdown by sex,_OWCH,1048.0
2019.0,SI_COV_SOCPDPENS,Number,Both sexes or no breakdown by sex,_OWCH,1214.0
2020.0,SI_COV_SOCPDPENS,Number,Both sexes or no breakdown by sex,_OWCH,1445.0
2021.0,SI_COV_SOCPDPENS,Number,Both sexes or no breakdown by sex,_OWCH,1626.0
2018.0,SI_COV_SOCPDPENS,Number,Male,_OWCH,670.0
2019.0,SI_COV_SOCPDPENS,Number,Male,_OWCH,777.0
2020.0,SI_COV_SOCPDPENS,Number,Male,_OWCH,912.0
2021.0,SI_COV_SOCPDPENS,Number,Male,_OWCH,1019.0
2018.0,SI_COV_SOCPDPENS,Number,Female,_OWCH,378.0
2019.0,SI_COV_SOCPDPENS,Number,Female,_OWCH,437.0
2020.0,SI_COV_SOCPDPENS,Number,Female,_OWCH,533.0
2021.0,SI_COV_SOCPDPENS,Number,Female,_OWCH,607.0
,,,,,
,,,,,
,,,,,
,,,,,
,,,,,
,,,,,
,,,,,
,,,,,
,,,,,
,,,,,
,,,,,
,,,,,
,,,,,
,,,,,
,,,,,
,,,,,
,,,,,
,,,,,
,,,,,
,,,,,
,,,,,
,,,,,
,,,,,
,,,,,
,,,,,
,,,,,
,,,,,
,,,,,
,,,,,
,,,,,
,,,,,
,,,,,
,,,,,
,,,,,
,,,,,
,,,,,
