Year,SERIES,UNIT_MEASURE,AGE,Sex,Unnamed: 6,Unnamed: 7,Unnamed: 8,Unnamed: 9,Unnamed: 10,Unnamed: 11,Unnamed: 12,Unnamed: 13,Unnamed: 14,Unnamed: 15,Value
2009,SH_HIV_INCDA,"Per 100,000 population",_T,Both sexes or no breakdown by sex,,,,,,,,,,,0.3
2010,SH_HIV_INCDA,"Per 100,000 population",_T,Both sexes or no breakdown by sex,,,,,,,,,,,0.3
2011,SH_HIV_INCDA,"Per 100,000 population",_T,Both sexes or no breakdown by sex,,,,,,,,,,,0.4
2012,SH_HIV_INCDA,"Per 100,000 population",_T,Both sexes or no breakdown by sex,,,,,,,,,,,0.6
2013,SH_HIV_INCDA,"Per 100,000 population",_T,Both sexes or no breakdown by sex,,,,,,,,,,,0.6
2014,SH_HIV_INCDA,"Per 100,000 population",_T,Both sexes or no breakdown by sex,,,,,,,,,,,0.1
2015,SH_HIV_INCDA,"Per 100,000 population",_T,Both sexes or no breakdown by sex,,,,,,,,,,,0.5
2016,SH_HIV_INCDA,"Per 100,000 population",_T,Both sexes or no breakdown by sex,,,,,,,,,,,0.5
2017,SH_HIV_INCDA,"Per 100,000 population",_T,Both sexes or no breakdown by sex,,,,,,,,,,,0.5
2018,SH_HIV_INCDA,"Per 100,000 population",_T,Both sexes or no breakdown by sex,,,,,,,,,,,0.4
2019,SH_HIV_INCDA,"Per 100,000 population",_T,Both sexes or no breakdown by sex,,,,,,,,,,,0.4
2020,SH_HIV_INCDA,"Per 100,000 population",_T,Both sexes or no breakdown by sex,,,,,,,,,,,0.3
2021,SH_HIV_INCDA,"Per 100,000 population",_T,Both sexes or no breakdown by sex,,,,,,,,,,,1.4
2009,SH_HIV_INCDAS,Number,_T,Both sexes or no breakdown by sex,,,,,,,,,,,4.0
2010,SH_HIV_INCDAS,Number,_T,Both sexes or no breakdown by sex,,,,,,,,,,,4.0
2011,SH_HIV_INCDAS,Number,_T,Both sexes or no breakdown by sex,,,,,,,,,,,5.0
2012,SH_HIV_INCDAS,Number,_T,Both sexes or no breakdown by sex,,,,,,,,,,,8.0
2013,SH_HIV_INCDAS,Number,_T,Both sexes or no breakdown by sex,,,,,,,,,,,8.0
2014,SH_HIV_INCDAS,Number,_T,Both sexes or no breakdown by sex,,,,,,,,,,,2.0
2015,SH_HIV_INCDAS,Number,_T,Both sexes or no breakdown by sex,,,,,,,,,,,7.0
2016,SH_HIV_INCDAS,Number,_T,Both sexes or no breakdown by sex,,,,,,,,,,,7.0
2017,SH_HIV_INCDAS,Number,_T,Both sexes or no breakdown by sex,,,,,,,,,,,7.0
2018,SH_HIV_INCDAS,Number,_T,Both sexes or no breakdown by sex,,,,,,,,,,,5.0
2019,SH_HIV_INCDAS,Number,_T,Both sexes or no breakdown by sex,,,,,,,,,,,5.0
2020,SH_HIV_INCDAS,Number,_T,Both sexes or no breakdown by sex,,,,,,,,,,,3.0
2021,SH_HIV_INCDAS,Number,_T,Both sexes or no breakdown by sex,,,,,,,,,,,16.0
2009,SH_HIV_INCDAS,Number,_T,Male,,,,,,,,,,,4.0
2010,SH_HIV_INCDAS,Number,_T,Male,,,,,,,,,,,4.0
2011,SH_HIV_INCDAS,Number,_T,Male,,,,,,,,,,,5.0
2012,SH_HIV_INCDAS,Number,_T,Male,,,,,,,,,,,8.0
2013,SH_HIV_INCDAS,Number,_T,Male,,,,,,,,,,,6.0
2014,SH_HIV_INCDAS,Number,_T,Male,,,,,,,,,,,2.0
2015,SH_HIV_INCDAS,Number,_T,Male,,,,,,,,,,,6.0
2016,SH_HIV_INCDAS,Number,_T,Male,,,,,,,,,,,6.0
2017,SH_HIV_INCDAS,Number,_T,Male,,,,,,,,,,,6.0
2018,SH_HIV_INCDAS,Number,_T,Male,,,,,,,,,,,3.0
2019,SH_HIV_INCDAS,Number,_T,Male,,,,,,,,,,,4.0
2020,SH_HIV_INCDAS,Number,_T,Male,,,,,,,,,,,3.0
2021,SH_HIV_INCDAS,Number,_T,Male,,,,,,,,,,,14.0
2009,SH_HIV_INCDAS,Number,_T,Female,,,,,,,,,,,0.0
2010,SH_HIV_INCDAS,Number,_T,Female,,,,,,,,,,,0.0
2011,SH_HIV_INCDAS,Number,_T,Female,,,,,,,,,,,0.0
2012,SH_HIV_INCDAS,Number,_T,Female,,,,,,,,,,,0.0
2013,SH_HIV_INCDAS,Number,_T,Female,,,,,,,,,,,2.0
2014,SH_HIV_INCDAS,Number,_T,Female,,,,,,,,,,,0.0
2015,SH_HIV_INCDAS,Number,_T,Female,,,,,,,,,,,1.0
2016,SH_HIV_INCDAS,Number,_T,Female,,,,,,,,,,,1.0
2017,SH_HIV_INCDAS,Number,_T,Female,,,,,,,,,,,1.0
2018,SH_HIV_INCDAS,Number,_T,Female,,,,,,,,,,,2.0
2019,SH_HIV_INCDAS,Number,_T,Female,,,,,,,,,,,1.0
2020,SH_HIV_INCDAS,Number,_T,Female,,,,,,,,,,,0.0
2021,SH_HIV_INCDAS,Number,_T,Female,,,,,,,,,,,2.0
2009,SH_HIV_INCDAS,Number,Y20T29,Both sexes or no breakdown by sex,,,,,,,,,,,1.0
2009,SH_HIV_INCDAS,Number,Y30T39,Both sexes or no breakdown by sex,,,,,,,,,,,1.0
2009,SH_HIV_INCDAS,Number,Y40T49,Both sexes or no breakdown by sex,,,,,,,,,,,0.0
2009,SH_HIV_INCDAS,Number,Y50T59,Both sexes or no breakdown by sex,,,,,,,,,,,2.0
2009,SH_HIV_INCDAS,Number,Y60T69,Both sexes or no breakdown by sex,,,,,,,,,,,0.0
2009,SH_HIV_INCDAS,Number,_U,Both sexes or no breakdown by sex,,,,,,,,,,,0.0
2010,SH_HIV_INCDAS,Number,Y20T29,Both sexes or no breakdown by sex,,,,,,,,,,,0.0
2010,SH_HIV_INCDAS,Number,Y30T39,Both sexes or no breakdown by sex,,,,,,,,,,,2.0
2010,SH_HIV_INCDAS,Number,Y40T49,Both sexes or no breakdown by sex,,,,,,,,,,,2.0
2010,SH_HIV_INCDAS,Number,Y50T59,Both sexes or no breakdown by sex,,,,,,,,,,,0.0
2010,SH_HIV_INCDAS,Number,Y60T69,Both sexes or no breakdown by sex,,,,,,,,,,,0.0
2010,SH_HIV_INCDAS,Number,_U,Both sexes or no breakdown by sex,,,,,,,,,,,0.0
2011,SH_HIV_INCDAS,Number,Y20T29,Both sexes or no breakdown by sex,,,,,,,,,,,1.0
2011,SH_HIV_INCDAS,Number,Y30T39,Both sexes or no breakdown by sex,,,,,,,,,,,2.0
2011,SH_HIV_INCDAS,Number,Y40T49,Both sexes or no breakdown by sex,,,,,,,,,,,1.0
2011,SH_HIV_INCDAS,Number,Y50T59,Both sexes or no breakdown by sex,,,,,,,,,,,1.0
2011,SH_HIV_INCDAS,Number,Y60T69,Both sexes or no breakdown by sex,,,,,,,,,,,0.0
2011,SH_HIV_INCDAS,Number,_U,Both sexes or no breakdown by sex,,,,,,,,,,,0.0
2012,SH_HIV_INCDAS,Number,Y20T29,Both sexes or no breakdown by sex,,,,,,,,,,,3.0
2012,SH_HIV_INCDAS,Number,Y30T39,Both sexes or no breakdown by sex,,,,,,,,,,,3.0
2012,SH_HIV_INCDAS,Number,Y40T49,Both sexes or no breakdown by sex,,,,,,,,,,,2.0
2012,SH_HIV_INCDAS,Number,Y50T59,Both sexes or no breakdown by sex,,,,,,,,,,,0.0
2012,SH_HIV_INCDAS,Number,Y60T69,Both sexes or no breakdown by sex,,,,,,,,,,,0.0
2012,SH_HIV_INCDAS,Number,_U,Both sexes or no breakdown by sex,,,,,,,,,,,0.0
2013,SH_HIV_INCDAS,Number,Y20T29,Both sexes or no breakdown by sex,,,,,,,,,,,2.0
2013,SH_HIV_INCDAS,Number,Y30T39,Both sexes or no breakdown by sex,,,,,,,,,,,5.0
2013,SH_HIV_INCDAS,Number,Y40T49,Both sexes or no breakdown by sex,,,,,,,,,,,1.0
2013,SH_HIV_INCDAS,Number,Y50T59,Both sexes or no breakdown by sex,,,,,,,,,,,0.0
2013,SH_HIV_INCDAS,Number,Y60T69,Both sexes or no breakdown by sex,,,,,,,,,,,0.0
2013,SH_HIV_INCDAS,Number,_U,Both sexes or no breakdown by sex,,,,,,,,,,,0.0
2014,SH_HIV_INCDAS,Number,Y20T29,Both sexes or no breakdown by sex,,,,,,,,,,,1.0
2014,SH_HIV_INCDAS,Number,Y30T39,Both sexes or no breakdown by sex,,,,,,,,,,,1.0
2014,SH_HIV_INCDAS,Number,Y40T49,Both sexes or no breakdown by sex,,,,,,,,,,,0.0
2014,SH_HIV_INCDAS,Number,Y50T59,Both sexes or no breakdown by sex,,,,,,,,,,,0.0
2014,SH_HIV_INCDAS,Number,Y60T69,Both sexes or no breakdown by sex,,,,,,,,,,,0.0
2014,SH_HIV_INCDAS,Number,_U,Both sexes or no breakdown by sex,,,,,,,,,,,0.0
2015,SH_HIV_INCDAS,Number,Y20T29,Both sexes or no breakdown by sex,,,,,,,,,,,0.0
2015,SH_HIV_INCDAS,Number,Y30T39,Both sexes or no breakdown by sex,,,,,,,,,,,1.0
2015,SH_HIV_INCDAS,Number,Y40T49,Both sexes or no breakdown by sex,,,,,,,,,,,0.0
2015,SH_HIV_INCDAS,Number,Y50T59,Both sexes or no breakdown by sex,,,,,,,,,,,0.0
2015,SH_HIV_INCDAS,Number,Y60T69,Both sexes or no breakdown by sex,,,,,,,,,,,1.0
2015,SH_HIV_INCDAS,Number,_U,Both sexes or no breakdown by sex,,,,,,,,,,,5.0
2016,SH_HIV_INCDAS,Number,Y20T29,Both sexes or no breakdown by sex,,,,,,,,,,,0.0
2016,SH_HIV_INCDAS,Number,Y30T39,Both sexes or no breakdown by sex,,,,,,,,,,,1.0
2016,SH_HIV_INCDAS,Number,Y40T49,Both sexes or no breakdown by sex,,,,,,,,,,,0.0
2016,SH_HIV_INCDAS,Number,Y50T59,Both sexes or no breakdown by sex,,,,,,,,,,,0.0
2016,SH_HIV_INCDAS,Number,Y60T69,Both sexes or no breakdown by sex,,,,,,,,,,,1.0
2016,SH_HIV_INCDAS,Number,_U,Both sexes or no breakdown by sex,,,,,,,,,,,5.0
2017,SH_HIV_INCDAS,Number,Y20T29,Both sexes or no breakdown by sex,,,,,,,,,,,1.0
2017,SH_HIV_INCDAS,Number,Y30T39,Both sexes or no breakdown by sex,,,,,,,,,,,2.0
2017,SH_HIV_INCDAS,Number,Y40T49,Both sexes or no breakdown by sex,,,,,,,,,,,3.0
2017,SH_HIV_INCDAS,Number,Y50T59,Both sexes or no breakdown by sex,,,,,,,,,,,1.0
2017,SH_HIV_INCDAS,Number,Y60T69,Both sexes or no breakdown by sex,,,,,,,,,,,0.0
2017,SH_HIV_INCDAS,Number,_U,Both sexes or no breakdown by sex,,,,,,,,,,,0.0
2018,SH_HIV_INCDAS,Number,Y20T29,Both sexes or no breakdown by sex,,,,,,,,,,,2.0
2018,SH_HIV_INCDAS,Number,Y30T39,Both sexes or no breakdown by sex,,,,,,,,,,,1.0
2018,SH_HIV_INCDAS,Number,Y40T49,Both sexes or no breakdown by sex,,,,,,,,,,,1.0
2018,SH_HIV_INCDAS,Number,Y50T59,Both sexes or no breakdown by sex,,,,,,,,,,,0.0
2018,SH_HIV_INCDAS,Number,Y60T69,Both sexes or no breakdown by sex,,,,,,,,,,,0.0
2018,SH_HIV_INCDAS,Number,_U,Both sexes or no breakdown by sex,,,,,,,,,,,1.0
2019,SH_HIV_INCDAS,Number,Y20T29,Both sexes or no breakdown by sex,,,,,,,,,,,0.0
2019,SH_HIV_INCDAS,Number,Y30T39,Both sexes or no breakdown by sex,,,,,,,,,,,4.0
2019,SH_HIV_INCDAS,Number,Y40T49,Both sexes or no breakdown by sex,,,,,,,,,,,0.0
2019,SH_HIV_INCDAS,Number,Y50T59,Both sexes or no breakdown by sex,,,,,,,,,,,1.0
2019,SH_HIV_INCDAS,Number,Y60T69,Both sexes or no breakdown by sex,,,,,,,,,,,0.0
2019,SH_HIV_INCDAS,Number,_U,Both sexes or no breakdown by sex,,,,,,,,,,,0.0
2020,SH_HIV_INCDAS,Number,Y20T29,Both sexes or no breakdown by sex,,,,,,,,,,,1.0
2020,SH_HIV_INCDAS,Number,Y30T39,Both sexes or no breakdown by sex,,,,,,,,,,,1.0
2020,SH_HIV_INCDAS,Number,Y40T49,Both sexes or no breakdown by sex,,,,,,,,,,,1.0
2020,SH_HIV_INCDAS,Number,Y50T59,Both sexes or no breakdown by sex,,,,,,,,,,,0.0
2020,SH_HIV_INCDAS,Number,Y60T69,Both sexes or no breakdown by sex,,,,,,,,,,,0.0
2020,SH_HIV_INCDAS,Number,_U,Both sexes or no breakdown by sex,,,,,,,,,,,0.0
2021,SH_HIV_INCDAS,Number,Y20T29,Both sexes or no breakdown by sex,,,,,,,,,,,5.0
2021,SH_HIV_INCDAS,Number,Y30T39,Both sexes or no breakdown by sex,,,,,,,,,,,7.0
2021,SH_HIV_INCDAS,Number,Y40T49,Both sexes or no breakdown by sex,,,,,,,,,,,3.0
2021,SH_HIV_INCDAS,Number,Y50T59,Both sexes or no breakdown by sex,,,,,,,,,,,1.0
2021,SH_HIV_INCDAS,Number,Y60T69,Both sexes or no breakdown by sex,,,,,,,,,,,0.0
2021,SH_HIV_INCDAS,Number,_U,Both sexes or no breakdown by sex,,,,,,,,,,,0.0
