Year,SERIES,UNIT_MEASURE,COMPOSITE_BREAKDOWN,Value
2012,"Early childhood development index - percentage of children aged 36–59 months who are developmentally on track in at least three of the following domains: literacy, numeracy, physical development, social and emotional development, and learning",Percent,Early childhood development index,98.3
2012,"Early childhood development index - percentage of children aged 36–59 months who are developmentally on track in at least three of the following domains: literacy, numeracy, physical development, social and emotional development, and learning",Percent,Learning,99.1
2012,"Early childhood development index - percentage of children aged 36–59 months who are developmentally on track in at least three of the following domains: literacy, numeracy, physical development, social and emotional development, and learning",Percent,Social and emotional development,98.6
2012,"Early childhood development index - percentage of children aged 36–59 months who are developmentally on track in at least three of the following domains: literacy, numeracy, physical development, social and emotional development, and learning",Percent,Physical development,100.0
2012,"Early childhood development index - percentage of children aged 36–59 months who are developmentally on track in at least three of the following domains: literacy, numeracy, physical development, social and emotional development, and learning",Percent,Literacy/numeracy,20.1
