Year,SERIES,UNIT_MEASURE,Degree of urbanisation,Unnamed: 5,Unnamed: 6,Unnamed: 7,Unnamed: 8,Unnamed: 9,Unnamed: 10,Unnamed: 11,Unnamed: 12,Value
2011,Percentage of households with running water in the dwelling unit,Percent,Total,,,,,,,,,69.5
2015,Percentage of households with running water in the dwelling unit,Percent,Total,,,,,,,,,82.2
2011,"Percentage of households supplied with water from separate source well, faucet)",Percent,Total,,,,,,,,,21.7
2015,"Percentage of households supplied with water from separate source well, faucet)",Percent,Total,,,,,,,,,15.9
2011,Percentage of households supplied with running water from the tap – common faucet up to 200 m away,Percent,Total,,,,,,,,,7.8
2015,Percentage of households supplied with running water from the tap – common faucet up to 200 m away,Percent,Total,,,,,,,,,0.7
2011,Percentage of households supplied with water from other sources,Percent,Total,,,,,,,,,1.0
2015,Percentage of households supplied with water from other sources,Percent,Total,,,,,,,,,1.2
