Year,SERIES,UNIT_MEASURE,COMPOSITE_BREAKDOWN,Value
2009,EN_H2O_WQBODS,Grams per cubic meter (g/m3),Una River,1.86
2010,EN_H2O_WQBODS,Grams per cubic meter (g/m3),Una River,1.88
2011,EN_H2O_WQBODS,Grams per cubic meter (g/m3),Una River,2.1
2012,EN_H2O_WQBODS,Grams per cubic meter (g/m3),Una River,2.37
2013,EN_H2O_WQBODS,Grams per cubic meter (g/m3),Una River,2.11
2014,EN_H2O_WQBODS,Grams per cubic meter (g/m3),Una River,1.63
2015,EN_H2O_WQBODS,Grams per cubic meter (g/m3),Una River,2.94
2016,EN_H2O_WQBODS,Grams per cubic meter (g/m3),Una River,1.87
2017,EN_H2O_WQBODS,Grams per cubic meter (g/m3),Una River,1.16
2018,EN_H2O_WQBODS,Grams per cubic meter (g/m3),Una River,
2019,EN_H2O_WQBODS,Grams per cubic meter (g/m3),Una River,1.62
2020,EN_H2O_WQBODS,Grams per cubic meter (g/m3),Una River,4.0
2021,EN_H2O_WQBODS,Grams per cubic meter (g/m3),Una River,1.31
2009,EN_H2O_WQBODS,Grams per cubic meter (g/m3),Vrbas River,1.8
2010,EN_H2O_WQBODS,Grams per cubic meter (g/m3),Vrbas River,2.19
2011,EN_H2O_WQBODS,Grams per cubic meter (g/m3),Vrbas River,2.25
2012,EN_H2O_WQBODS,Grams per cubic meter (g/m3),Vrbas River,1.87
2013,EN_H2O_WQBODS,Grams per cubic meter (g/m3),Vrbas River,2.53
2014,EN_H2O_WQBODS,Grams per cubic meter (g/m3),Vrbas River,2.08
2015,EN_H2O_WQBODS,Grams per cubic meter (g/m3),Vrbas River,2.64
2016,EN_H2O_WQBODS,Grams per cubic meter (g/m3),Vrbas River,1.74
2017,EN_H2O_WQBODS,Grams per cubic meter (g/m3),Vrbas River,1.64
2018,EN_H2O_WQBODS,Grams per cubic meter (g/m3),Vrbas River,
2019,EN_H2O_WQBODS,Grams per cubic meter (g/m3),Vrbas River,1.96
2020,EN_H2O_WQBODS,Grams per cubic meter (g/m3),Vrbas River,2.17
2021,EN_H2O_WQBODS,Grams per cubic meter (g/m3),Vrbas River,2.44
2009,EN_H2O_WQBODS,Grams per cubic meter (g/m3),Bosna River,3.26
2010,EN_H2O_WQBODS,Grams per cubic meter (g/m3),Bosna River,2.76
2011,EN_H2O_WQBODS,Grams per cubic meter (g/m3),Bosna River,3.73
2012,EN_H2O_WQBODS,Grams per cubic meter (g/m3),Bosna River,2.2
2013,EN_H2O_WQBODS,Grams per cubic meter (g/m3),Bosna River,2.24
2014,EN_H2O_WQBODS,Grams per cubic meter (g/m3),Bosna River,2.34
2015,EN_H2O_WQBODS,Grams per cubic meter (g/m3),Bosna River,5.11
2016,EN_H2O_WQBODS,Grams per cubic meter (g/m3),Bosna River,2.55
2017,EN_H2O_WQBODS,Grams per cubic meter (g/m3),Bosna River,3.8
2018,EN_H2O_WQBODS,Grams per cubic meter (g/m3),Bosna River,
2019,EN_H2O_WQBODS,Grams per cubic meter (g/m3),Bosna River,3.01
2020,EN_H2O_WQBODS,Grams per cubic meter (g/m3),Bosna River,3.23
2021,EN_H2O_WQBODS,Grams per cubic meter (g/m3),Bosna River,3.54
2009,EN_H2O_WQBODS,Grams per cubic meter (g/m3),Drina River,1.99
2010,EN_H2O_WQBODS,Grams per cubic meter (g/m3),Drina River,1.63
2011,EN_H2O_WQBODS,Grams per cubic meter (g/m3),Drina River,1.7
2012,EN_H2O_WQBODS,Grams per cubic meter (g/m3),Drina River,1.3
2013,EN_H2O_WQBODS,Grams per cubic meter (g/m3),Drina River,1.94
2014,EN_H2O_WQBODS,Grams per cubic meter (g/m3),Drina River,1.6
2015,EN_H2O_WQBODS,Grams per cubic meter (g/m3),Drina River,2.89
2016,EN_H2O_WQBODS,Grams per cubic meter (g/m3),Drina River,1.4
2017,EN_H2O_WQBODS,Grams per cubic meter (g/m3),Drina River,1.48
2018,EN_H2O_WQBODS,Grams per cubic meter (g/m3),Drina River,
2019,EN_H2O_WQBODS,Grams per cubic meter (g/m3),Drina River,1.41
2020,EN_H2O_WQBODS,Grams per cubic meter (g/m3),Drina River,2.42
2021,EN_H2O_WQBODS,Grams per cubic meter (g/m3),Drina River,1.95
2009,EN_H2O_WQBODS,Grams per cubic meter (g/m3),Sava River,2.16
2010,EN_H2O_WQBODS,Grams per cubic meter (g/m3),Sava River,1.99
2011,EN_H2O_WQBODS,Grams per cubic meter (g/m3),Sava River,1.99
2012,EN_H2O_WQBODS,Grams per cubic meter (g/m3),Sava River,1.63
2013,EN_H2O_WQBODS,Grams per cubic meter (g/m3),Sava River,2.37
2014,EN_H2O_WQBODS,Grams per cubic meter (g/m3),Sava River,1.94
2015,EN_H2O_WQBODS,Grams per cubic meter (g/m3),Sava River,2.75
2016,EN_H2O_WQBODS,Grams per cubic meter (g/m3),Sava River,1.47
2017,EN_H2O_WQBODS,Grams per cubic meter (g/m3),Sava River,1.37
2018,EN_H2O_WQBODS,Grams per cubic meter (g/m3),Sava River,
2019,EN_H2O_WQBODS,Grams per cubic meter (g/m3),Sava River,2.76
2020,EN_H2O_WQBODS,Grams per cubic meter (g/m3),Sava River,2.4
2021,EN_H2O_WQBODS,Grams per cubic meter (g/m3),Sava River,2.05
2009,EN_H2O_WQBODS,Grams per cubic meter (g/m3),Ukrina River,3.49
2010,EN_H2O_WQBODS,Grams per cubic meter (g/m3),Ukrina River,1.2
2011,EN_H2O_WQBODS,Grams per cubic meter (g/m3),Ukrina River,0.91
2012,EN_H2O_WQBODS,Grams per cubic meter (g/m3),Ukrina River,2.97
2013,EN_H2O_WQBODS,Grams per cubic meter (g/m3),Ukrina River,2.75
2014,EN_H2O_WQBODS,Grams per cubic meter (g/m3),Ukrina River,12.67
2015,EN_H2O_WQBODS,Grams per cubic meter (g/m3),Ukrina River,4.96
2016,EN_H2O_WQBODS,Grams per cubic meter (g/m3),Ukrina River,2.36
2017,EN_H2O_WQBODS,Grams per cubic meter (g/m3),Ukrina River,0.005
2018,EN_H2O_WQBODS,Grams per cubic meter (g/m3),Ukrina River,
2019,EN_H2O_WQBODS,Grams per cubic meter (g/m3),Ukrina River,2.88
2020,EN_H2O_WQBODS,Grams per cubic meter (g/m3),Ukrina River,2.25
2021,EN_H2O_WQBODS,Grams per cubic meter (g/m3),Ukrina River,2.49
2009,EN_H2O_WQBODT,Grams per cubic meter (g/m3),Trebišnjica River,1.93
2010,EN_H2O_WQBODT,Grams per cubic meter (g/m3),Trebišnjica River,1.52
2011,EN_H2O_WQBODT,Grams per cubic meter (g/m3),Trebišnjica River,1.73
2012,EN_H2O_WQBODT,Grams per cubic meter (g/m3),Trebišnjica River,
2013,EN_H2O_WQBODT,Grams per cubic meter (g/m3),Trebišnjica River,1.56
2014,EN_H2O_WQBODT,Grams per cubic meter (g/m3),Trebišnjica River,1.94
2015,EN_H2O_WQBODT,Grams per cubic meter (g/m3),Trebišnjica River,2.99
2016,EN_H2O_WQBODT,Grams per cubic meter (g/m3),Trebišnjica River,1.32
2017,EN_H2O_WQBODT,Grams per cubic meter (g/m3),Trebišnjica River,1.76
2018,EN_H2O_WQBODT,Grams per cubic meter (g/m3),Trebišnjica River,
2019,EN_H2O_WQBODT,Grams per cubic meter (g/m3),Trebišnjica River,1.51
2020,EN_H2O_WQBODT,Grams per cubic meter (g/m3),Trebišnjica River,5.15
2021,EN_H2O_WQBODT,Grams per cubic meter (g/m3),Trebišnjica River,2.1
2009,EN_H2O_WQBODT,Grams per cubic meter (g/m3),Neretva River,
2010,EN_H2O_WQBODT,Grams per cubic meter (g/m3),Neretva River,
2011,EN_H2O_WQBODT,Grams per cubic meter (g/m3),Neretva River,1.13
2012,EN_H2O_WQBODT,Grams per cubic meter (g/m3),Neretva River,2.49
2013,EN_H2O_WQBODT,Grams per cubic meter (g/m3),Neretva River,1.59
2014,EN_H2O_WQBODT,Grams per cubic meter (g/m3),Neretva River,1.61
2015,EN_H2O_WQBODT,Grams per cubic meter (g/m3),Neretva River,2.97
2016,EN_H2O_WQBODT,Grams per cubic meter (g/m3),Neretva River,0.79
2017,EN_H2O_WQBODT,Grams per cubic meter (g/m3),Neretva River,1.08
2018,EN_H2O_WQBODT,Grams per cubic meter (g/m3),Neretva River,
2019,EN_H2O_WQBODT,Grams per cubic meter (g/m3),Neretva River,1.91
2020,EN_H2O_WQBODT,Grams per cubic meter (g/m3),Neretva River,2.25
2021,EN_H2O_WQBODT,Grams per cubic meter (g/m3),Neretva River,2.78
2009,EN_H2O_WQPS,Grams per cubic meter (g/m3),Una River,0.029
2010,EN_H2O_WQPS,Grams per cubic meter (g/m3),Una River,0.059
2011,EN_H2O_WQPS,Grams per cubic meter (g/m3),Una River,0.031
2012,EN_H2O_WQPS,Grams per cubic meter (g/m3),Una River,0.038
2013,EN_H2O_WQPS,Grams per cubic meter (g/m3),Una River,0.024
2014,EN_H2O_WQPS,Grams per cubic meter (g/m3),Una River,0.043
2015,EN_H2O_WQPS,Grams per cubic meter (g/m3),Una River,0.093
2016,EN_H2O_WQPS,Grams per cubic meter (g/m3),Una River,0.032
2017,EN_H2O_WQPS,Grams per cubic meter (g/m3),Una River,0.047
2018,EN_H2O_WQPS,Grams per cubic meter (g/m3),Una River,
2019,EN_H2O_WQPS,Grams per cubic meter (g/m3),Una River,0.032
2020,EN_H2O_WQPS,Grams per cubic meter (g/m3),Una River,0.021
2021,EN_H2O_WQPS,Grams per cubic meter (g/m3),Una River,0.019
2009,EN_H2O_WQPS,Grams per cubic meter (g/m3),Vrbas River,0.065
2010,EN_H2O_WQPS,Grams per cubic meter (g/m3),Vrbas River,0.063
2011,EN_H2O_WQPS,Grams per cubic meter (g/m3),Vrbas River,0.068
2012,EN_H2O_WQPS,Grams per cubic meter (g/m3),Vrbas River,0.054
2013,EN_H2O_WQPS,Grams per cubic meter (g/m3),Vrbas River,0.055
2014,EN_H2O_WQPS,Grams per cubic meter (g/m3),Vrbas River,0.049
2015,EN_H2O_WQPS,Grams per cubic meter (g/m3),Vrbas River,0.072
2016,EN_H2O_WQPS,Grams per cubic meter (g/m3),Vrbas River,0.067
2017,EN_H2O_WQPS,Grams per cubic meter (g/m3),Vrbas River,0.082
2018,EN_H2O_WQPS,Grams per cubic meter (g/m3),Vrbas River,
2019,EN_H2O_WQPS,Grams per cubic meter (g/m3),Vrbas River,0.055
2020,EN_H2O_WQPS,Grams per cubic meter (g/m3),Vrbas River,0.075
2021,EN_H2O_WQPS,Grams per cubic meter (g/m3),Vrbas River,0.068
2009,EN_H2O_WQPS,Grams per cubic meter (g/m3),Bosna River,0.122
2010,EN_H2O_WQPS,Grams per cubic meter (g/m3),Bosna River,0.095
2011,EN_H2O_WQPS,Grams per cubic meter (g/m3),Bosna River,0.095
2012,EN_H2O_WQPS,Grams per cubic meter (g/m3),Bosna River,0.069
2013,EN_H2O_WQPS,Grams per cubic meter (g/m3),Bosna River,0.066
2014,EN_H2O_WQPS,Grams per cubic meter (g/m3),Bosna River,0.119
2015,EN_H2O_WQPS,Grams per cubic meter (g/m3),Bosna River,0.09
2016,EN_H2O_WQPS,Grams per cubic meter (g/m3),Bosna River,0.171
2017,EN_H2O_WQPS,Grams per cubic meter (g/m3),Bosna River,0.333
2018,EN_H2O_WQPS,Grams per cubic meter (g/m3),Bosna River,
2019,EN_H2O_WQPS,Grams per cubic meter (g/m3),Bosna River,0.088
2020,EN_H2O_WQPS,Grams per cubic meter (g/m3),Bosna River,0.89
2021,EN_H2O_WQPS,Grams per cubic meter (g/m3),Bosna River,0.097
2009,EN_H2O_WQPS,Grams per cubic meter (g/m3),Drina River,0.021
2010,EN_H2O_WQPS,Grams per cubic meter (g/m3),Drina River,0.038
2011,EN_H2O_WQPS,Grams per cubic meter (g/m3),Drina River,0.059
2012,EN_H2O_WQPS,Grams per cubic meter (g/m3),Drina River,0.027
2013,EN_H2O_WQPS,Grams per cubic meter (g/m3),Drina River,0.018
2014,EN_H2O_WQPS,Grams per cubic meter (g/m3),Drina River,0.025
2015,EN_H2O_WQPS,Grams per cubic meter (g/m3),Drina River,0.034
2016,EN_H2O_WQPS,Grams per cubic meter (g/m3),Drina River,0.054
2017,EN_H2O_WQPS,Grams per cubic meter (g/m3),Drina River,0.049
2018,EN_H2O_WQPS,Grams per cubic meter (g/m3),Drina River,
2019,EN_H2O_WQPS,Grams per cubic meter (g/m3),Drina River,0.046
2020,EN_H2O_WQPS,Grams per cubic meter (g/m3),Drina River,0.028
2021,EN_H2O_WQPS,Grams per cubic meter (g/m3),Drina River,0.03
2009,EN_H2O_WQPS,Grams per cubic meter (g/m3),Sava River,0.07
2010,EN_H2O_WQPS,Grams per cubic meter (g/m3),Sava River,0.081
2011,EN_H2O_WQPS,Grams per cubic meter (g/m3),Sava River,0.094
2012,EN_H2O_WQPS,Grams per cubic meter (g/m3),Sava River,0.09
2013,EN_H2O_WQPS,Grams per cubic meter (g/m3),Sava River,0.071
2014,EN_H2O_WQPS,Grams per cubic meter (g/m3),Sava River,0.094
2015,EN_H2O_WQPS,Grams per cubic meter (g/m3),Sava River,0.09
2016,EN_H2O_WQPS,Grams per cubic meter (g/m3),Sava River,0.087
2017,EN_H2O_WQPS,Grams per cubic meter (g/m3),Sava River,0.11
2018,EN_H2O_WQPS,Grams per cubic meter (g/m3),Sava River,
2019,EN_H2O_WQPS,Grams per cubic meter (g/m3),Sava River,0.103
2020,EN_H2O_WQPS,Grams per cubic meter (g/m3),Sava River,0.081
2021,EN_H2O_WQPS,Grams per cubic meter (g/m3),Sava River,0.068
2009,EN_H2O_WQPS,Grams per cubic meter (g/m3),Ukrina River,0.071
2010,EN_H2O_WQPS,Grams per cubic meter (g/m3),Ukrina River,0.11
2011,EN_H2O_WQPS,Grams per cubic meter (g/m3),Ukrina River,0.066
2012,EN_H2O_WQPS,Grams per cubic meter (g/m3),Ukrina River,0.058
2013,EN_H2O_WQPS,Grams per cubic meter (g/m3),Ukrina River,0.054
2014,EN_H2O_WQPS,Grams per cubic meter (g/m3),Ukrina River,0.071
2015,EN_H2O_WQPS,Grams per cubic meter (g/m3),Ukrina River,0.036
2016,EN_H2O_WQPS,Grams per cubic meter (g/m3),Ukrina River,0.065
2017,EN_H2O_WQPS,Grams per cubic meter (g/m3),Ukrina River,0.068
2018,EN_H2O_WQPS,Grams per cubic meter (g/m3),Ukrina River,
2019,EN_H2O_WQPS,Grams per cubic meter (g/m3),Ukrina River,0.063
2020,EN_H2O_WQPS,Grams per cubic meter (g/m3),Ukrina River,0.069
2021,EN_H2O_WQPS,Grams per cubic meter (g/m3),Ukrina River,0.058
2009,EN_H2O_WQPT,Grams per cubic meter (g/m3),Trebišnjica River,0.008
2010,EN_H2O_WQPT,Grams per cubic meter (g/m3),Trebišnjica River,0.009
2011,EN_H2O_WQPT,Grams per cubic meter (g/m3),Trebišnjica River,0.015
2012,EN_H2O_WQPT,Grams per cubic meter (g/m3),Trebišnjica River,
2013,EN_H2O_WQPT,Grams per cubic meter (g/m3),Trebišnjica River,0.022
2014,EN_H2O_WQPT,Grams per cubic meter (g/m3),Trebišnjica River,0.01
2015,EN_H2O_WQPT,Grams per cubic meter (g/m3),Trebišnjica River,0.009
2016,EN_H2O_WQPT,Grams per cubic meter (g/m3),Trebišnjica River,0.027
2017,EN_H2O_WQPT,Grams per cubic meter (g/m3),Trebišnjica River,0.038
2018,EN_H2O_WQPT,Grams per cubic meter (g/m3),Trebišnjica River,
2019,EN_H2O_WQPT,Grams per cubic meter (g/m3),Trebišnjica River,0.021
2020,EN_H2O_WQPT,Grams per cubic meter (g/m3),Trebišnjica River,0.029
2021,EN_H2O_WQPT,Grams per cubic meter (g/m3),Trebišnjica River,0.023
2009,EN_H2O_WQPT,Grams per cubic meter (g/m3),Neretva River,
2010,EN_H2O_WQPT,Grams per cubic meter (g/m3),Neretva River,
2011,EN_H2O_WQPT,Grams per cubic meter (g/m3),Neretva River,0.53
2012,EN_H2O_WQPT,Grams per cubic meter (g/m3),Neretva River,0.753
2013,EN_H2O_WQPT,Grams per cubic meter (g/m3),Neretva River,0.575
2014,EN_H2O_WQPT,Grams per cubic meter (g/m3),Neretva River,0.54
2015,EN_H2O_WQPT,Grams per cubic meter (g/m3),Neretva River,2.298
2016,EN_H2O_WQPT,Grams per cubic meter (g/m3),Neretva River,0.391
2017,EN_H2O_WQPT,Grams per cubic meter (g/m3),Neretva River,0.283
2018,EN_H2O_WQPT,Grams per cubic meter (g/m3),Neretva River,
2019,EN_H2O_WQPT,Grams per cubic meter (g/m3),Neretva River,0.299
2020,EN_H2O_WQPT,Grams per cubic meter (g/m3),Neretva River,0.011
2021,EN_H2O_WQPT,Grams per cubic meter (g/m3),Neretva River,0.008
2009,EN_H2O_WQNS,Grams per cubic meter (g/m3),Una River,1.42
2010,EN_H2O_WQNS,Grams per cubic meter (g/m3),Una River,1.12
2011,EN_H2O_WQNS,Grams per cubic meter (g/m3),Una River,1.03
2012,EN_H2O_WQNS,Grams per cubic meter (g/m3),Una River,1.01
2013,EN_H2O_WQNS,Grams per cubic meter (g/m3),Una River,0.99
2014,EN_H2O_WQNS,Grams per cubic meter (g/m3),Una River,1.09
2015,EN_H2O_WQNS,Grams per cubic meter (g/m3),Una River,1.9
2016,EN_H2O_WQNS,Grams per cubic meter (g/m3),Una River,0.86
2017,EN_H2O_WQNS,Grams per cubic meter (g/m3),Una River,0.8
2018,EN_H2O_WQNS,Grams per cubic meter (g/m3),Una River,
2019,EN_H2O_WQNS,Grams per cubic meter (g/m3),Una River,0.87
2020,EN_H2O_WQNS,Grams per cubic meter (g/m3),Una River,0.436
2021,EN_H2O_WQNS,Grams per cubic meter (g/m3),Una River,0.506
2009,EN_H2O_WQNS,Grams per cubic meter (g/m3),Vrbas River,1.74
2010,EN_H2O_WQNS,Grams per cubic meter (g/m3),Vrbas River,1.21
2011,EN_H2O_WQNS,Grams per cubic meter (g/m3),Vrbas River,1.66
2012,EN_H2O_WQNS,Grams per cubic meter (g/m3),Vrbas River,1.84
2013,EN_H2O_WQNS,Grams per cubic meter (g/m3),Vrbas River,1.33
2014,EN_H2O_WQNS,Grams per cubic meter (g/m3),Vrbas River,1.21
2015,EN_H2O_WQNS,Grams per cubic meter (g/m3),Vrbas River,1.88
2016,EN_H2O_WQNS,Grams per cubic meter (g/m3),Vrbas River,0.99
2017,EN_H2O_WQNS,Grams per cubic meter (g/m3),Vrbas River,0.94
2018,EN_H2O_WQNS,Grams per cubic meter (g/m3),Vrbas River,
2019,EN_H2O_WQNS,Grams per cubic meter (g/m3),Vrbas River,0.99
2020,EN_H2O_WQNS,Grams per cubic meter (g/m3),Vrbas River,0.61
2021,EN_H2O_WQNS,Grams per cubic meter (g/m3),Vrbas River,0.797
2009,EN_H2O_WQNS,Grams per cubic meter (g/m3),Bosna River,2.0
2010,EN_H2O_WQNS,Grams per cubic meter (g/m3),Bosna River,1.72
2011,EN_H2O_WQNS,Grams per cubic meter (g/m3),Bosna River,2.55
2012,EN_H2O_WQNS,Grams per cubic meter (g/m3),Bosna River,2.21
2013,EN_H2O_WQNS,Grams per cubic meter (g/m3),Bosna River,1.79
2014,EN_H2O_WQNS,Grams per cubic meter (g/m3),Bosna River,2.05
2015,EN_H2O_WQNS,Grams per cubic meter (g/m3),Bosna River,3.16
2016,EN_H2O_WQNS,Grams per cubic meter (g/m3),Bosna River,1.93
2017,EN_H2O_WQNS,Grams per cubic meter (g/m3),Bosna River,2.05
2018,EN_H2O_WQNS,Grams per cubic meter (g/m3),Bosna River,
2019,EN_H2O_WQNS,Grams per cubic meter (g/m3),Bosna River,1.87
2020,EN_H2O_WQNS,Grams per cubic meter (g/m3),Bosna River,1.505
2021,EN_H2O_WQNS,Grams per cubic meter (g/m3),Bosna River,1.73
2009,EN_H2O_WQNS,Grams per cubic meter (g/m3),Drina River,1.4
2010,EN_H2O_WQNS,Grams per cubic meter (g/m3),Drina River,1.09
2011,EN_H2O_WQNS,Grams per cubic meter (g/m3),Drina River,1.3
2012,EN_H2O_WQNS,Grams per cubic meter (g/m3),Drina River,0.85
2013,EN_H2O_WQNS,Grams per cubic meter (g/m3),Drina River,1.19
2014,EN_H2O_WQNS,Grams per cubic meter (g/m3),Drina River,0.96
2015,EN_H2O_WQNS,Grams per cubic meter (g/m3),Drina River,1.86
2016,EN_H2O_WQNS,Grams per cubic meter (g/m3),Drina River,0.77
2017,EN_H2O_WQNS,Grams per cubic meter (g/m3),Drina River,0.74
2018,EN_H2O_WQNS,Grams per cubic meter (g/m3),Drina River,
2019,EN_H2O_WQNS,Grams per cubic meter (g/m3),Drina River,0.62
2020,EN_H2O_WQNS,Grams per cubic meter (g/m3),Drina River,0.619
2021,EN_H2O_WQNS,Grams per cubic meter (g/m3),Drina River,0.398
2009,EN_H2O_WQNS,Grams per cubic meter (g/m3),Sava River,2.01
2010,EN_H2O_WQNS,Grams per cubic meter (g/m3),Sava River,1.6
2011,EN_H2O_WQNS,Grams per cubic meter (g/m3),Sava River,1.58
2012,EN_H2O_WQNS,Grams per cubic meter (g/m3),Sava River,1.59
2013,EN_H2O_WQNS,Grams per cubic meter (g/m3),Sava River,1.71
2014,EN_H2O_WQNS,Grams per cubic meter (g/m3),Sava River,1.55
2015,EN_H2O_WQNS,Grams per cubic meter (g/m3),Sava River,2.35
2016,EN_H2O_WQNS,Grams per cubic meter (g/m3),Sava River,1.4
2017,EN_H2O_WQNS,Grams per cubic meter (g/m3),Sava River,1.46
2018,EN_H2O_WQNS,Grams per cubic meter (g/m3),Sava River,
2019,EN_H2O_WQNS,Grams per cubic meter (g/m3),Sava River,1.45
2020,EN_H2O_WQNS,Grams per cubic meter (g/m3),Sava River,0.122
2021,EN_H2O_WQNS,Grams per cubic meter (g/m3),Sava River,1.172
2009,EN_H2O_WQNS,Grams per cubic meter (g/m3),Ukrina River,1.4
2010,EN_H2O_WQNS,Grams per cubic meter (g/m3),Ukrina River,1.12
2011,EN_H2O_WQNS,Grams per cubic meter (g/m3),Ukrina River,0.68
2012,EN_H2O_WQNS,Grams per cubic meter (g/m3),Ukrina River,0.95
2013,EN_H2O_WQNS,Grams per cubic meter (g/m3),Ukrina River,1.03
2014,EN_H2O_WQNS,Grams per cubic meter (g/m3),Ukrina River,1.17
2015,EN_H2O_WQNS,Grams per cubic meter (g/m3),Ukrina River,3.05
2016,EN_H2O_WQNS,Grams per cubic meter (g/m3),Ukrina River,0.74
2017,EN_H2O_WQNS,Grams per cubic meter (g/m3),Ukrina River,0.91
2018,EN_H2O_WQNS,Grams per cubic meter (g/m3),Ukrina River,
2019,EN_H2O_WQNS,Grams per cubic meter (g/m3),Ukrina River,0.8
2020,EN_H2O_WQNS,Grams per cubic meter (g/m3),Ukrina River,0.593
2021,EN_H2O_WQNS,Grams per cubic meter (g/m3),Ukrina River,0.591
2009,EN_H2O_WQNT,Grams per cubic meter (g/m3),Trebišnjica River,1.27
2010,EN_H2O_WQNT,Grams per cubic meter (g/m3),Trebišnjica River,0.74
2011,EN_H2O_WQNT,Grams per cubic meter (g/m3),Trebišnjica River,0.58
2012,EN_H2O_WQNT,Grams per cubic meter (g/m3),Trebišnjica River,
2013,EN_H2O_WQNT,Grams per cubic meter (g/m3),Trebišnjica River,0.86
2014,EN_H2O_WQNT,Grams per cubic meter (g/m3),Trebišnjica River,0.8
2015,EN_H2O_WQNT,Grams per cubic meter (g/m3),Trebišnjica River,2.4
2016,EN_H2O_WQNT,Grams per cubic meter (g/m3),Trebišnjica River,0.54
2017,EN_H2O_WQNT,Grams per cubic meter (g/m3),Trebišnjica River,0.58
2018,EN_H2O_WQNT,Grams per cubic meter (g/m3),Trebišnjica River,
2019,EN_H2O_WQNT,Grams per cubic meter (g/m3),Trebišnjica River,0.51
2020,EN_H2O_WQNT,Grams per cubic meter (g/m3),Trebišnjica River,0.291
2021,EN_H2O_WQNT,Grams per cubic meter (g/m3),Trebišnjica River,0.296
2009,EN_H2O_WQNT,Grams per cubic meter (g/m3),Neretva River,
2010,EN_H2O_WQNT,Grams per cubic meter (g/m3),Neretva River,
2011,EN_H2O_WQNT,Grams per cubic meter (g/m3),Neretva River,0.01
2012,EN_H2O_WQNT,Grams per cubic meter (g/m3),Neretva River,0.01
2013,EN_H2O_WQNT,Grams per cubic meter (g/m3),Neretva River,0.01
2014,EN_H2O_WQNT,Grams per cubic meter (g/m3),Neretva River,0.01
2015,EN_H2O_WQNT,Grams per cubic meter (g/m3),Neretva River,0.01
2016,EN_H2O_WQNT,Grams per cubic meter (g/m3),Neretva River,0.02
2017,EN_H2O_WQNT,Grams per cubic meter (g/m3),Neretva River,0.02
2018,EN_H2O_WQNT,Grams per cubic meter (g/m3),Neretva River,
2019,EN_H2O_WQNT,Grams per cubic meter (g/m3),Neretva River,0.01
2020,EN_H2O_WQNT,Grams per cubic meter (g/m3),Neretva River,0.124
2021,EN_H2O_WQNT,Grams per cubic meter (g/m3),Neretva River,0.073
