Year,SERIES,UNIT_MEASURE,Economic activity,Value
2000,"Manufacturing value added as a proportion of GDP, current prices (%)",Percent,Manufacturing,8.26
2001,"Manufacturing value added as a proportion of GDP, current prices (%)",Percent,Manufacturing,8.59
2002,"Manufacturing value added as a proportion of GDP, current prices (%)",Percent,Manufacturing,8.86
2003,"Manufacturing value added as a proportion of GDP, current prices (%)",Percent,Manufacturing,8.79
2004,"Manufacturing value added as a proportion of GDP, current prices (%)",Percent,Manufacturing,8.65
2005,"Manufacturing value added as a proportion of GDP, current prices (%)",Percent,Manufacturing,9.11
2006,"Manufacturing value added as a proportion of GDP, current prices (%)",Percent,Manufacturing,9.88
2007,"Manufacturing value added as a proportion of GDP, current prices (%)",Percent,Manufacturing,10.32
2008,"Manufacturing value added as a proportion of GDP, current prices (%)",Percent,Manufacturing,10.42
2009,"Manufacturing value added as a proportion of GDP, current prices (%)",Percent,Manufacturing,10.16
2010,"Manufacturing value added as a proportion of GDP, current prices (%)",Percent,Manufacturing,10.79
2011,"Manufacturing value added as a proportion of GDP, current prices (%)",Percent,Manufacturing,10.69
2012,"Manufacturing value added as a proportion of GDP, current prices (%)",Percent,Manufacturing,10.69
2013,"Manufacturing value added as a proportion of GDP, current prices (%)",Percent,Manufacturing,10.97
2014,"Manufacturing value added as a proportion of GDP, current prices (%)",Percent,Manufacturing,11.31
2015,"Manufacturing value added as a proportion of GDP, current prices (%)",Percent,Manufacturing,11.67
2016,"Manufacturing value added as a proportion of GDP, current prices (%)",Percent,Manufacturing,11.92
2017,"Manufacturing value added as a proportion of GDP, current prices (%)",Percent,Manufacturing,12.52
2018,"Manufacturing value added as a proportion of GDP, current prices (%)",Percent,Manufacturing,12.28
2019,"Manufacturing value added as a proportion of GDP, current prices (%)",Percent,Manufacturing,11.95
2020,"Manufacturing value added as a proportion of GDP, current prices (%)",Percent,Manufacturing,11.95
2000,Manufacturing value added (current United States dollars) as a proportion of GDP (%),Percent,Manufacturing,9.3
2001,Manufacturing value added (current United States dollars) as a proportion of GDP (%),Percent,Manufacturing,9.41
2002,Manufacturing value added (current United States dollars) as a proportion of GDP (%),Percent,Manufacturing,9.31
2003,Manufacturing value added (current United States dollars) as a proportion of GDP (%),Percent,Manufacturing,9.3
2004,Manufacturing value added (current United States dollars) as a proportion of GDP (%),Percent,Manufacturing,9.12
2005,Manufacturing value added (current United States dollars) as a proportion of GDP (%),Percent,Manufacturing,9.94
2006,Manufacturing value added (current United States dollars) as a proportion of GDP (%),Percent,Manufacturing,10.02
2007,Manufacturing value added (current United States dollars) as a proportion of GDP (%),Percent,Manufacturing,10.81
2008,Manufacturing value added (current United States dollars) as a proportion of GDP (%),Percent,Manufacturing,11.01
2009,Manufacturing value added (current United States dollars) as a proportion of GDP (%),Percent,Manufacturing,10.48
2010,Manufacturing value added (current United States dollars) as a proportion of GDP (%),Percent,Manufacturing,10.88
2011,Manufacturing value added (current United States dollars) as a proportion of GDP (%),Percent,Manufacturing,10.92
2012,Manufacturing value added (current United States dollars) as a proportion of GDP (%),Percent,Manufacturing,10.55
2013,Manufacturing value added (current United States dollars) as a proportion of GDP (%),Percent,Manufacturing,10.94
2014,Manufacturing value added (current United States dollars) as a proportion of GDP (%),Percent,Manufacturing,10.94
2015,Manufacturing value added (current United States dollars) as a proportion of GDP (%),Percent,Manufacturing,11.67
2016,Manufacturing value added (current United States dollars) as a proportion of GDP (%),Percent,Manufacturing,12.37
2017,Manufacturing value added (current United States dollars) as a proportion of GDP (%),Percent,Manufacturing,13.12
2018,Manufacturing value added (current United States dollars) as a proportion of GDP (%),Percent,Manufacturing,13.23
2019,Manufacturing value added (current United States dollars) as a proportion of GDP (%),Percent,Manufacturing,12.94
2020,Manufacturing value added (current United States dollars) as a proportion of GDP (%),Percent,Manufacturing,12.94
2000,Manufacturing value added per capita (constant 2015 United States dollars),Constant USD,Manufacturing,235.19
2001,Manufacturing value added per capita (constant 2015 United States dollars),Constant USD,Manufacturing,250.13
2002,Manufacturing value added per capita (constant 2015 United States dollars),Constant USD,Manufacturing,270.75
2003,Manufacturing value added per capita (constant 2015 United States dollars),Constant USD,Manufacturing,278.73
2004,Manufacturing value added per capita (constant 2015 United States dollars),Constant USD,Manufacturing,291.51
2005,Manufacturing value added per capita (constant 2015 United States dollars),Constant USD,Manufacturing,318.8
2006,Manufacturing value added per capita (constant 2015 United States dollars),Constant USD,Manufacturing,364.45
2007,Manufacturing value added per capita (constant 2015 United States dollars),Constant USD,Manufacturing,403.5
2008,Manufacturing value added per capita (constant 2015 United States dollars),Constant USD,Manufacturing,430.34
2009,Manufacturing value added per capita (constant 2015 United States dollars),Constant USD,Manufacturing,408.83
2010,Manufacturing value added per capita (constant 2015 United States dollars),Constant USD,Manufacturing,441.92
2011,Manufacturing value added per capita (constant 2015 United States dollars),Constant USD,Manufacturing,447.08
2012,Manufacturing value added per capita (constant 2015 United States dollars),Constant USD,Manufacturing,450.41
2013,Manufacturing value added per capita (constant 2015 United States dollars),Constant USD,Manufacturing,481.29
2014,Manufacturing value added per capita (constant 2015 United States dollars),Constant USD,Manufacturing,510.69
2015,Manufacturing value added per capita (constant 2015 United States dollars),Constant USD,Manufacturing,551.69
2016,Manufacturing value added per capita (constant 2015 United States dollars),Constant USD,Manufacturing,588.81
2017,Manufacturing value added per capita (constant 2015 United States dollars),Constant USD,Manufacturing,644.34
2018,Manufacturing value added per capita (constant 2015 United States dollars),Constant USD,Manufacturing,661.15
2019,Manufacturing value added per capita (constant 2015 United States dollars),Constant USD,Manufacturing,666.33
2020,Manufacturing value added per capita (constant 2015 United States dollars),Constant USD,Manufacturing,621.85
