Disaggregation,en,lat,cir,Number of indicators,Number of values
ACTIVITY,Economic activity,Djelatnost,Дјелатност,2,2
AGE,Age,Starost,Старост,15,39
COMPOSITE_BREAKDOWN,Composite breakdown,Detaljna podjela,Детаљна подјела,13,59
EDUCATION_LEV,Education level,Nivo obrazovanja,Ниво образовања,1,3
PRISTUP_NIVO,Access to services,Pristup uslugama,Приступ услугама,1,6
SERIES,SDG Series,SDG Serije,SDG Варијабле,58,128
SEX,Sex,Pol,Пол,20,3
UNIT_MEASURE,Unit of measure,Mjerna jedinica,Мјерна јединица,58,23
URBANISATION,Degree of urbanisation,Stepen urbanizacije,Степен урбанизације,6,3
