Year,SERIES,UNIT_MEASURE,Pol,Starost,Value
2009,Udio korisnika socijalne zaštite u ukupnoj populaciji,Procenat,Oba pola ili bez podjele po polu,Svi starosni rasponi ili nema podjele po godinama,3.1
2010,Udio korisnika socijalne zaštite u ukupnoj populaciji,Procenat,Oba pola ili bez podjele po polu,Svi starosni rasponi ili nema podjele po godinama,3.2
2011,Udio korisnika socijalne zaštite u ukupnoj populaciji,Procenat,Oba pola ili bez podjele po polu,Svi starosni rasponi ili nema podjele po godinama,3.1
2012,Udio korisnika socijalne zaštite u ukupnoj populaciji,Procenat,Oba pola ili bez podjele po polu,Svi starosni rasponi ili nema podjele po godinama,3.5
2013,Udio korisnika socijalne zaštite u ukupnoj populaciji,Procenat,Oba pola ili bez podjele po polu,Svi starosni rasponi ili nema podjele po godinama,3.5
2014,Udio korisnika socijalne zaštite u ukupnoj populaciji,Procenat,Oba pola ili bez podjele po polu,Svi starosni rasponi ili nema podjele po godinama,4.2
2015,Udio korisnika socijalne zaštite u ukupnoj populaciji,Procenat,Oba pola ili bez podjele po polu,Svi starosni rasponi ili nema podjele po godinama,3.6
2016,Udio korisnika socijalne zaštite u ukupnoj populaciji,Procenat,Oba pola ili bez podjele po polu,Svi starosni rasponi ili nema podjele po godinama,3.8
2017,Udio korisnika socijalne zaštite u ukupnoj populaciji,Procenat,Oba pola ili bez podjele po polu,Svi starosni rasponi ili nema podjele po godinama,3.7
2018,Udio korisnika socijalne zaštite u ukupnoj populaciji,Procenat,Oba pola ili bez podjele po polu,Svi starosni rasponi ili nema podjele po godinama,4.3
2019,Udio korisnika socijalne zaštite u ukupnoj populaciji,Procenat,Oba pola ili bez podjele po polu,Svi starosni rasponi ili nema podjele po godinama,4.3
2020,Udio korisnika socijalne zaštite u ukupnoj populaciji,Procenat,Oba pola ili bez podjele po polu,Svi starosni rasponi ili nema podjele po godinama,4.5
2021,Udio korisnika socijalne zaštite u ukupnoj populaciji,Procenat,Oba pola ili bez podjele po polu,Svi starosni rasponi ili nema podjele po godinama,4.6
2009,Udio korisnika socijalne zaštite u ukupnoj populaciji,Broj,Oba pola ili bez podjele po polu,Svi starosni rasponi ili nema podjele po godinama,36917.0
2010,Udio korisnika socijalne zaštite u ukupnoj populaciji,Broj,Oba pola ili bez podjele po polu,Svi starosni rasponi ili nema podjele po godinama,37178.0
2011,Udio korisnika socijalne zaštite u ukupnoj populaciji,Broj,Oba pola ili bez podjele po polu,Svi starosni rasponi ili nema podjele po godinama,36323.0
2012,Udio korisnika socijalne zaštite u ukupnoj populaciji,Broj,Oba pola ili bez podjele po polu,Svi starosni rasponi ili nema podjele po godinama,41157.0
2013,Udio korisnika socijalne zaštite u ukupnoj populaciji,Broj,Oba pola ili bez podjele po polu,Svi starosni rasponi ili nema podjele po godinama,41212.0
2014,Udio korisnika socijalne zaštite u ukupnoj populaciji,Broj,Oba pola ili bez podjele po polu,Svi starosni rasponi ili nema podjele po godinama,49147.0
2015,Udio korisnika socijalne zaštite u ukupnoj populaciji,Broj,Oba pola ili bez podjele po polu,Svi starosni rasponi ili nema podjele po godinama,41410.0
2016,Udio korisnika socijalne zaštite u ukupnoj populaciji,Broj,Oba pola ili bez podjele po polu,Svi starosni rasponi ili nema podjele po godinama,43582.0
2017,Udio korisnika socijalne zaštite u ukupnoj populaciji,Broj,Oba pola ili bez podjele po polu,Svi starosni rasponi ili nema podjele po godinama,43062.0
2018,Udio korisnika socijalne zaštite u ukupnoj populaciji,Broj,Oba pola ili bez podjele po polu,Svi starosni rasponi ili nema podjele po godinama,48921.0
2019,Udio korisnika socijalne zaštite u ukupnoj populaciji,Broj,Oba pola ili bez podjele po polu,Svi starosni rasponi ili nema podjele po godinama,49252.0
2020,Udio korisnika socijalne zaštite u ukupnoj populaciji,Broj,Oba pola ili bez podjele po polu,Svi starosni rasponi ili nema podjele po godinama,50652.0
2021,Udio korisnika socijalne zaštite u ukupnoj populaciji,Broj,Oba pola ili bez podjele po polu,Svi starosni rasponi ili nema podjele po godinama,52068.0
2012,Broj korisnika socijalne zaštite po polu i starosti,Broj,Muškarci,Svi starosni rasponi ili nema podjele po godinama,18712.0
2013,Broj korisnika socijalne zaštite po polu i starosti,Broj,Muškarci,Svi starosni rasponi ili nema podjele po godinama,19143.0
2014,Broj korisnika socijalne zaštite po polu i starosti,Broj,Muškarci,Svi starosni rasponi ili nema podjele po godinama,23658.0
2015,Broj korisnika socijalne zaštite po polu i starosti,Broj,Muškarci,Svi starosni rasponi ili nema podjele po godinama,18963.0
2016,Broj korisnika socijalne zaštite po polu i starosti,Broj,Muškarci,Svi starosni rasponi ili nema podjele po godinama,19926.0
2017,Broj korisnika socijalne zaštite po polu i starosti,Broj,Muškarci,Svi starosni rasponi ili nema podjele po godinama,19812.0
2018,Broj korisnika socijalne zaštite po polu i starosti,Broj,Muškarci,Svi starosni rasponi ili nema podjele po godinama,23658.0
2019,Broj korisnika socijalne zaštite po polu i starosti,Broj,Muškarci,Svi starosni rasponi ili nema podjele po godinama,23293.0
2020,Broj korisnika socijalne zaštite po polu i starosti,Broj,Muškarci,Svi starosni rasponi ili nema podjele po godinama,23661.0
2021,Broj korisnika socijalne zaštite po polu i starosti,Broj,Muškarci,Svi starosni rasponi ili nema podjele po godinama,24954.0
2012,Broj korisnika socijalne zaštite po polu i starosti,Broj,Muškarci,Maloljetni,2811.0
2013,Broj korisnika socijalne zaštite po polu i starosti,Broj,Muškarci,Maloljetni,2812.0
2014,Broj korisnika socijalne zaštite po polu i starosti,Broj,Muškarci,Maloljetni,2653.0
2015,Broj korisnika socijalne zaštite po polu i starosti,Broj,Muškarci,Maloljetni,1586.0
2016,Broj korisnika socijalne zaštite po polu i starosti,Broj,Muškarci,Maloljetni,1797.0
2017,Broj korisnika socijalne zaštite po polu i starosti,Broj,Muškarci,Maloljetni,2065.0
2018,Broj korisnika socijalne zaštite po polu i starosti,Broj,Muškarci,Maloljetni,2430.0
2019,Broj korisnika socijalne zaštite po polu i starosti,Broj,Muškarci,Maloljetni,2564.0
2020,Broj korisnika socijalne zaštite po polu i starosti,Broj,Muškarci,Maloljetni,2754.0
2021,Broj korisnika socijalne zaštite po polu i starosti,Broj,Muškarci,Maloljetni,2986.0
2012,Broj korisnika socijalne zaštite po polu i starosti,Broj,Muškarci,Punoljetni,15901.0
2013,Broj korisnika socijalne zaštite po polu i starosti,Broj,Muškarci,Punoljetni,16331.0
2014,Broj korisnika socijalne zaštite po polu i starosti,Broj,Muškarci,Punoljetni,21005.0
2015,Broj korisnika socijalne zaštite po polu i starosti,Broj,Muškarci,Punoljetni,17377.0
2016,Broj korisnika socijalne zaštite po polu i starosti,Broj,Muškarci,Punoljetni,18129.0
2017,Broj korisnika socijalne zaštite po polu i starosti,Broj,Muškarci,Punoljetni,17747.0
2018,Broj korisnika socijalne zaštite po polu i starosti,Broj,Muškarci,Punoljetni,21228.0
2019,Broj korisnika socijalne zaštite po polu i starosti,Broj,Muškarci,Punoljetni,20729.0
2020,Broj korisnika socijalne zaštite po polu i starosti,Broj,Muškarci,Punoljetni,20907.0
2021,Broj korisnika socijalne zaštite po polu i starosti,Broj,Muškarci,Punoljetni,21968.0
2012,Broj korisnika socijalne zaštite po polu i starosti,Broj,Žene,Svi starosni rasponi ili nema podjele po godinama,22445.0
2013,Broj korisnika socijalne zaštite po polu i starosti,Broj,Žene,Svi starosni rasponi ili nema podjele po godinama,22069.0
2014,Broj korisnika socijalne zaštite po polu i starosti,Broj,Žene,Svi starosni rasponi ili nema podjele po godinama,25489.0
2015,Broj korisnika socijalne zaštite po polu i starosti,Broj,Žene,Svi starosni rasponi ili nema podjele po godinama,22447.0
2016,Broj korisnika socijalne zaštite po polu i starosti,Broj,Žene,Svi starosni rasponi ili nema podjele po godinama,23656.0
2017,Broj korisnika socijalne zaštite po polu i starosti,Broj,Žene,Svi starosni rasponi ili nema podjele po godinama,23250.0
2018,Broj korisnika socijalne zaštite po polu i starosti,Broj,Žene,Svi starosni rasponi ili nema podjele po godinama,25263.0
2019,Broj korisnika socijalne zaštite po polu i starosti,Broj,Žene,Svi starosni rasponi ili nema podjele po godinama,25959.0
2020,Broj korisnika socijalne zaštite po polu i starosti,Broj,Žene,Svi starosni rasponi ili nema podjele po godinama,26991.0
2021,Broj korisnika socijalne zaštite po polu i starosti,Broj,Žene,Svi starosni rasponi ili nema podjele po godinama,27114.0
2012,Broj korisnika socijalne zaštite po polu i starosti,Broj,Žene,Maloljetni,2289.0
2013,Broj korisnika socijalne zaštite po polu i starosti,Broj,Žene,Maloljetni,2830.0
2014,Broj korisnika socijalne zaštite po polu i starosti,Broj,Žene,Maloljetni,2557.0
2015,Broj korisnika socijalne zaštite po polu i starosti,Broj,Žene,Maloljetni,1339.0
2016,Broj korisnika socijalne zaštite po polu i starosti,Broj,Žene,Maloljetni,1366.0
2017,Broj korisnika socijalne zaštite po polu i starosti,Broj,Žene,Maloljetni,1876.0
2018,Broj korisnika socijalne zaštite po polu i starosti,Broj,Žene,Maloljetni,2608.0
2019,Broj korisnika socijalne zaštite po polu i starosti,Broj,Žene,Maloljetni,1790.0
2020,Broj korisnika socijalne zaštite po polu i starosti,Broj,Žene,Maloljetni,1978.0
2021,Broj korisnika socijalne zaštite po polu i starosti,Broj,Žene,Maloljetni,2050.0
2012,Broj korisnika socijalne zaštite po polu i starosti,Broj,Žene,Punoljetni,20156.0
2013,Broj korisnika socijalne zaštite po polu i starosti,Broj,Žene,Punoljetni,19239.0
2014,Broj korisnika socijalne zaštite po polu i starosti,Broj,Žene,Punoljetni,22932.0
2015,Broj korisnika socijalne zaštite po polu i starosti,Broj,Žene,Punoljetni,21108.0
2016,Broj korisnika socijalne zaštite po polu i starosti,Broj,Žene,Punoljetni,22290.0
2017,Broj korisnika socijalne zaštite po polu i starosti,Broj,Žene,Punoljetni,21374.0
2018,Broj korisnika socijalne zaštite po polu i starosti,Broj,Žene,Punoljetni,22655.0
2019,Broj korisnika socijalne zaštite po polu i starosti,Broj,Žene,Punoljetni,24169.0
2020,Broj korisnika socijalne zaštite po polu i starosti,Broj,Žene,Punoljetni,25013.0
2021,Broj korisnika socijalne zaštite po polu i starosti,Broj,Žene,Punoljetni,25064.0
2012,Broj korisnika socijalne zaštite koji ostvaruju pravo na novčanu pomoć,Broj,Oba pola ili bez podjele po polu,Svi starosni rasponi ili nema podjele po godinama,5156.0
2013,Broj korisnika socijalne zaštite koji ostvaruju pravo na novčanu pomoć,Broj,Oba pola ili bez podjele po polu,Svi starosni rasponi ili nema podjele po godinama,5156.0
2014,Broj korisnika socijalne zaštite koji ostvaruju pravo na novčanu pomoć,Broj,Oba pola ili bez podjele po polu,Svi starosni rasponi ili nema podjele po godinama,5219.0
2015,Broj korisnika socijalne zaštite koji ostvaruju pravo na novčanu pomoć,Broj,Oba pola ili bez podjele po polu,Svi starosni rasponi ili nema podjele po godinama,5067.0
2016,Broj korisnika socijalne zaštite koji ostvaruju pravo na novčanu pomoć,Broj,Oba pola ili bez podjele po polu,Svi starosni rasponi ili nema podjele po godinama,5071.0
2017,Broj korisnika socijalne zaštite koji ostvaruju pravo na novčanu pomoć,Broj,Oba pola ili bez podjele po polu,Svi starosni rasponi ili nema podjele po godinama,4905.0
2018,Broj korisnika socijalne zaštite koji ostvaruju pravo na novčanu pomoć,Broj,Oba pola ili bez podjele po polu,Svi starosni rasponi ili nema podjele po godinama,4487.0
2019,Broj korisnika socijalne zaštite koji ostvaruju pravo na novčanu pomoć,Broj,Oba pola ili bez podjele po polu,Svi starosni rasponi ili nema podjele po godinama,4487.0
2020,Broj korisnika socijalne zaštite koji ostvaruju pravo na novčanu pomoć,Broj,Oba pola ili bez podjele po polu,Svi starosni rasponi ili nema podjele po godinama,4076.0
2021,Broj korisnika socijalne zaštite koji ostvaruju pravo na novčanu pomoć,Broj,Oba pola ili bez podjele po polu,Svi starosni rasponi ili nema podjele po godinama,4142.0
2012,Broj korisnika socijalne zaštite koji ostvaruju pravo na novčanu pomoć,Broj,Muškarci,Svi starosni rasponi ili nema podjele po godinama,1852.0
2013,Broj korisnika socijalne zaštite koji ostvaruju pravo na novčanu pomoć,Broj,Muškarci,Svi starosni rasponi ili nema podjele po godinama,1852.0
2014,Broj korisnika socijalne zaštite koji ostvaruju pravo na novčanu pomoć,Broj,Muškarci,Svi starosni rasponi ili nema podjele po godinama,1940.0
2015,Broj korisnika socijalne zaštite koji ostvaruju pravo na novčanu pomoć,Broj,Muškarci,Svi starosni rasponi ili nema podjele po godinama,1948.0
2016,Broj korisnika socijalne zaštite koji ostvaruju pravo na novčanu pomoć,Broj,Muškarci,Svi starosni rasponi ili nema podjele po godinama,2020.0
2017,Broj korisnika socijalne zaštite koji ostvaruju pravo na novčanu pomoć,Broj,Muškarci,Svi starosni rasponi ili nema podjele po godinama,1955.0
2018,Broj korisnika socijalne zaštite koji ostvaruju pravo na novčanu pomoć,Broj,Muškarci,Svi starosni rasponi ili nema podjele po godinama,1800.0
2019,Broj korisnika socijalne zaštite koji ostvaruju pravo na novčanu pomoć,Broj,Muškarci,Svi starosni rasponi ili nema podjele po godinama,1846.0
2020,Broj korisnika socijalne zaštite koji ostvaruju pravo na novčanu pomoć,Broj,Muškarci,Svi starosni rasponi ili nema podjele po godinama,1727.0
2021,Broj korisnika socijalne zaštite koji ostvaruju pravo na novčanu pomoć,Broj,Muškarci,Svi starosni rasponi ili nema podjele po godinama,1821.0
2012,Broj korisnika socijalne zaštite koji ostvaruju pravo na novčanu pomoć,Broj,Žene,Svi starosni rasponi ili nema podjele po godinama,3304.0
2013,Broj korisnika socijalne zaštite koji ostvaruju pravo na novčanu pomoć,Broj,Žene,Svi starosni rasponi ili nema podjele po godinama,3304.0
2014,Broj korisnika socijalne zaštite koji ostvaruju pravo na novčanu pomoć,Broj,Žene,Svi starosni rasponi ili nema podjele po godinama,3279.0
2015,Broj korisnika socijalne zaštite koji ostvaruju pravo na novčanu pomoć,Broj,Žene,Svi starosni rasponi ili nema podjele po godinama,3119.0
2016,Broj korisnika socijalne zaštite koji ostvaruju pravo na novčanu pomoć,Broj,Žene,Svi starosni rasponi ili nema podjele po godinama,3051.0
2017,Broj korisnika socijalne zaštite koji ostvaruju pravo na novčanu pomoć,Broj,Žene,Svi starosni rasponi ili nema podjele po godinama,2950.0
2018,Broj korisnika socijalne zaštite koji ostvaruju pravo na novčanu pomoć,Broj,Žene,Svi starosni rasponi ili nema podjele po godinama,2687.0
2019,Broj korisnika socijalne zaštite koji ostvaruju pravo na novčanu pomoć,Broj,Žene,Svi starosni rasponi ili nema podjele po godinama,2641.0
2020,Broj korisnika socijalne zaštite koji ostvaruju pravo na novčanu pomoć,Broj,Žene,Svi starosni rasponi ili nema podjele po godinama,2349.0
2021,Broj korisnika socijalne zaštite koji ostvaruju pravo na novčanu pomoć,Broj,Žene,Svi starosni rasponi ili nema podjele po godinama,2321.0
2012,Broj korisnika socijalne zaštite koji ostvaruju pravo na dodatak za pomoć i njegu drugog lica,Broj,Oba pola ili bez podjele po polu,Svi starosni rasponi ili nema podjele po godinama,17219.0
2013,Broj korisnika socijalne zaštite koji ostvaruju pravo na dodatak za pomoć i njegu drugog lica,Broj,Oba pola ili bez podjele po polu,Svi starosni rasponi ili nema podjele po godinama,17219.0
2014,Broj korisnika socijalne zaštite koji ostvaruju pravo na dodatak za pomoć i njegu drugog lica,Broj,Oba pola ili bez podjele po polu,Svi starosni rasponi ili nema podjele po godinama,20286.0
2015,Broj korisnika socijalne zaštite koji ostvaruju pravo na dodatak za pomoć i njegu drugog lica,Broj,Oba pola ili bez podjele po polu,Svi starosni rasponi ili nema podjele po godinama,23048.0
2016,Broj korisnika socijalne zaštite koji ostvaruju pravo na dodatak za pomoć i njegu drugog lica,Broj,Oba pola ili bez podjele po polu,Svi starosni rasponi ili nema podjele po godinama,25127.0
2017,Broj korisnika socijalne zaštite koji ostvaruju pravo na dodatak za pomoć i njegu drugog lica,Broj,Oba pola ili bez podjele po polu,Svi starosni rasponi ili nema podjele po godinama,25944.0
2018,Broj korisnika socijalne zaštite koji ostvaruju pravo na dodatak za pomoć i njegu drugog lica,Broj,Oba pola ili bez podjele po polu,Svi starosni rasponi ili nema podjele po godinama,26394.0
2019,Broj korisnika socijalne zaštite koji ostvaruju pravo na dodatak za pomoć i njegu drugog lica,Broj,Oba pola ili bez podjele po polu,Svi starosni rasponi ili nema podjele po godinama,27774.0
2020,Broj korisnika socijalne zaštite koji ostvaruju pravo na dodatak za pomoć i njegu drugog lica,Broj,Oba pola ili bez podjele po polu,Svi starosni rasponi ili nema podjele po godinama,28270.0
2021,Broj korisnika socijalne zaštite koji ostvaruju pravo na dodatak za pomoć i njegu drugog lica,Broj,Oba pola ili bez podjele po polu,Svi starosni rasponi ili nema podjele po godinama,29691.0
2012,Broj korisnika socijalne zaštite koji ostvaruju pravo na dodatak za pomoć i njegu drugog lica,Broj,Muškarci,Svi starosni rasponi ili nema podjele po godinama,8008.0
2013,Broj korisnika socijalne zaštite koji ostvaruju pravo na dodatak za pomoć i njegu drugog lica,Broj,Muškarci,Svi starosni rasponi ili nema podjele po godinama,8008.0
2014,Broj korisnika socijalne zaštite koji ostvaruju pravo na dodatak za pomoć i njegu drugog lica,Broj,Muškarci,Svi starosni rasponi ili nema podjele po godinama,9264.0
2015,Broj korisnika socijalne zaštite koji ostvaruju pravo na dodatak za pomoć i njegu drugog lica,Broj,Muškarci,Svi starosni rasponi ili nema podjele po godinama,10465.0
2016,Broj korisnika socijalne zaštite koji ostvaruju pravo na dodatak za pomoć i njegu drugog lica,Broj,Muškarci,Svi starosni rasponi ili nema podjele po godinama,11383.0
2017,Broj korisnika socijalne zaštite koji ostvaruju pravo na dodatak za pomoć i njegu drugog lica,Broj,Muškarci,Svi starosni rasponi ili nema podjele po godinama,11987.0
2018,Broj korisnika socijalne zaštite koji ostvaruju pravo na dodatak za pomoć i njegu drugog lica,Broj,Muškarci,Svi starosni rasponi ili nema podjele po godinama,12123.0
2019,Broj korisnika socijalne zaštite koji ostvaruju pravo na dodatak za pomoć i njegu drugog lica,Broj,Muškarci,Svi starosni rasponi ili nema podjele po godinama,12813.0
2020,Broj korisnika socijalne zaštite koji ostvaruju pravo na dodatak za pomoć i njegu drugog lica,Broj,Muškarci,Svi starosni rasponi ili nema podjele po godinama,12419.0
2021,Broj korisnika socijalne zaštite koji ostvaruju pravo na dodatak za pomoć i njegu drugog lica,Broj,Muškarci,Svi starosni rasponi ili nema podjele po godinama,13673.0
2012,Broj korisnika socijalne zaštite koji ostvaruju pravo na dodatak za pomoć i njegu drugog lica,Broj,Žene,Svi starosni rasponi ili nema podjele po godinama,9211.0
2013,Broj korisnika socijalne zaštite koji ostvaruju pravo na dodatak za pomoć i njegu drugog lica,Broj,Žene,Svi starosni rasponi ili nema podjele po godinama,9211.0
2014,Broj korisnika socijalne zaštite koji ostvaruju pravo na dodatak za pomoć i njegu drugog lica,Broj,Žene,Svi starosni rasponi ili nema podjele po godinama,11022.0
2015,Broj korisnika socijalne zaštite koji ostvaruju pravo na dodatak za pomoć i njegu drugog lica,Broj,Žene,Svi starosni rasponi ili nema podjele po godinama,12581.0
2016,Broj korisnika socijalne zaštite koji ostvaruju pravo na dodatak za pomoć i njegu drugog lica,Broj,Žene,Svi starosni rasponi ili nema podjele po godinama,13744.0
2017,Broj korisnika socijalne zaštite koji ostvaruju pravo na dodatak za pomoć i njegu drugog lica,Broj,Žene,Svi starosni rasponi ili nema podjele po godinama,13957.0
2018,Broj korisnika socijalne zaštite koji ostvaruju pravo na dodatak za pomoć i njegu drugog lica,Broj,Žene,Svi starosni rasponi ili nema podjele po godinama,14271.0
2019,Broj korisnika socijalne zaštite koji ostvaruju pravo na dodatak za pomoć i njegu drugog lica,Broj,Žene,Svi starosni rasponi ili nema podjele po godinama,14961.0
2020,Broj korisnika socijalne zaštite koji ostvaruju pravo na dodatak za pomoć i njegu drugog lica,Broj,Žene,Svi starosni rasponi ili nema podjele po godinama,15851.0
2021,Broj korisnika socijalne zaštite koji ostvaruju pravo na dodatak za pomoć i njegu drugog lica,Broj,Žene,Svi starosni rasponi ili nema podjele po godinama,16018.0
2012,Broj korisnika socijalne zaštite koji ostvaruju pravo na dodatak za pomoć i njegu drugog lica,Broj,Oba pola ili bez podjele po polu,Broj djece,1849.0
2013,Broj korisnika socijalne zaštite koji ostvaruju pravo na dodatak za pomoć i njegu drugog lica,Broj,Oba pola ili bez podjele po polu,Broj djece,1849.0
2014,Broj korisnika socijalne zaštite koji ostvaruju pravo na dodatak za pomoć i njegu drugog lica,Broj,Oba pola ili bez podjele po polu,Broj djece,1501.0
2015,Broj korisnika socijalne zaštite koji ostvaruju pravo na dodatak za pomoć i njegu drugog lica,Broj,Oba pola ili bez podjele po polu,Broj djece,1272.0
2016,Broj korisnika socijalne zaštite koji ostvaruju pravo na dodatak za pomoć i njegu drugog lica,Broj,Oba pola ili bez podjele po polu,Broj djece,1492.0
2017,Broj korisnika socijalne zaštite koji ostvaruju pravo na dodatak za pomoć i njegu drugog lica,Broj,Oba pola ili bez podjele po polu,Broj djece,2022.0
2018,Broj korisnika socijalne zaštite koji ostvaruju pravo na dodatak za pomoć i njegu drugog lica,Broj,Oba pola ili bez podjele po polu,Broj djece,1538.0
2019,Broj korisnika socijalne zaštite koji ostvaruju pravo na dodatak za pomoć i njegu drugog lica,Broj,Oba pola ili bez podjele po polu,Broj djece,1689.0
2020,Broj korisnika socijalne zaštite koji ostvaruju pravo na dodatak za pomoć i njegu drugog lica,Broj,Oba pola ili bez podjele po polu,Broj djece,1982.0
2021,Broj korisnika socijalne zaštite koji ostvaruju pravo na dodatak za pomoć i njegu drugog lica,Broj,Oba pola ili bez podjele po polu,Broj djece,2021.0
2012,Broj korisnika socijalne zaštite koji ostvaruju pravo na dodatak za pomoć i njegu drugog lica,Broj,Muškarci,Broj djece,937.0
2013,Broj korisnika socijalne zaštite koji ostvaruju pravo na dodatak za pomoć i njegu drugog lica,Broj,Muškarci,Broj djece,937.0
2014,Broj korisnika socijalne zaštite koji ostvaruju pravo na dodatak za pomoć i njegu drugog lica,Broj,Muškarci,Broj djece,848.0
2015,Broj korisnika socijalne zaštite koji ostvaruju pravo na dodatak za pomoć i njegu drugog lica,Broj,Muškarci,Broj djece,718.0
2016,Broj korisnika socijalne zaštite koji ostvaruju pravo na dodatak za pomoć i njegu drugog lica,Broj,Muškarci,Broj djece,905.0
2017,Broj korisnika socijalne zaštite koji ostvaruju pravo na dodatak za pomoć i njegu drugog lica,Broj,Muškarci,Broj djece,1129.0
2018,Broj korisnika socijalne zaštite koji ostvaruju pravo na dodatak za pomoć i njegu drugog lica,Broj,Muškarci,Broj djece,919.0
2019,Broj korisnika socijalne zaštite koji ostvaruju pravo na dodatak za pomoć i njegu drugog lica,Broj,Muškarci,Broj djece,1010.0
2020,Broj korisnika socijalne zaštite koji ostvaruju pravo na dodatak za pomoć i njegu drugog lica,Broj,Muškarci,Broj djece,1189.0
2021,Broj korisnika socijalne zaštite koji ostvaruju pravo na dodatak za pomoć i njegu drugog lica,Broj,Muškarci,Broj djece,1220.0
2012,Broj korisnika socijalne zaštite koji ostvaruju pravo na dodatak za pomoć i njegu drugog lica,Broj,Žene,Broj djece,912.0
2013,Broj korisnika socijalne zaštite koji ostvaruju pravo na dodatak za pomoć i njegu drugog lica,Broj,Žene,Broj djece,912.0
2014,Broj korisnika socijalne zaštite koji ostvaruju pravo na dodatak za pomoć i njegu drugog lica,Broj,Žene,Broj djece,653.0
2015,Broj korisnika socijalne zaštite koji ostvaruju pravo na dodatak za pomoć i njegu drugog lica,Broj,Žene,Broj djece,554.0
2016,Broj korisnika socijalne zaštite koji ostvaruju pravo na dodatak za pomoć i njegu drugog lica,Broj,Žene,Broj djece,587.0
2017,Broj korisnika socijalne zaštite koji ostvaruju pravo na dodatak za pomoć i njegu drugog lica,Broj,Žene,Broj djece,893.0
2018,Broj korisnika socijalne zaštite koji ostvaruju pravo na dodatak za pomoć i njegu drugog lica,Broj,Žene,Broj djece,619.0
2019,Broj korisnika socijalne zaštite koji ostvaruju pravo na dodatak za pomoć i njegu drugog lica,Broj,Žene,Broj djece,679.0
2020,Broj korisnika socijalne zaštite koji ostvaruju pravo na dodatak za pomoć i njegu drugog lica,Broj,Žene,Broj djece,793.0
2021,Broj korisnika socijalne zaštite koji ostvaruju pravo na dodatak za pomoć i njegu drugog lica,Broj,Žene,Broj djece,801.0
2012,Broj korisnika socijalne zaštite koji ostvaruju pravo na podršku u izjednačavanju djece i omladine sa smetnjama u razvoju,Broj,Oba pola ili bez podjele po polu,Svi starosni rasponi ili nema podjele po godinama,333.0
2013,Broj korisnika socijalne zaštite koji ostvaruju pravo na podršku u izjednačavanju djece i omladine sa smetnjama u razvoju,Broj,Oba pola ili bez podjele po polu,Svi starosni rasponi ili nema podjele po godinama,333.0
2014,Broj korisnika socijalne zaštite koji ostvaruju pravo na podršku u izjednačavanju djece i omladine sa smetnjama u razvoju,Broj,Oba pola ili bez podjele po polu,Svi starosni rasponi ili nema podjele po godinama,432.0
2015,Broj korisnika socijalne zaštite koji ostvaruju pravo na podršku u izjednačavanju djece i omladine sa smetnjama u razvoju,Broj,Oba pola ili bez podjele po polu,Svi starosni rasponi ili nema podjele po godinama,410.0
2016,Broj korisnika socijalne zaštite koji ostvaruju pravo na podršku u izjednačavanju djece i omladine sa smetnjama u razvoju,Broj,Oba pola ili bez podjele po polu,Svi starosni rasponi ili nema podjele po godinama,339.0
2017,Broj korisnika socijalne zaštite koji ostvaruju pravo na podršku u izjednačavanju djece i omladine sa smetnjama u razvoju,Broj,Oba pola ili bez podjele po polu,Svi starosni rasponi ili nema podjele po godinama,349.0
2018,Broj korisnika socijalne zaštite koji ostvaruju pravo na podršku u izjednačavanju djece i omladine sa smetnjama u razvoju,Broj,Oba pola ili bez podjele po polu,Svi starosni rasponi ili nema podjele po godinama,382.0
2019,Broj korisnika socijalne zaštite koji ostvaruju pravo na podršku u izjednačavanju djece i omladine sa smetnjama u razvoju,Broj,Oba pola ili bez podjele po polu,Svi starosni rasponi ili nema podjele po godinama,239.0
2020,Broj korisnika socijalne zaštite koji ostvaruju pravo na podršku u izjednačavanju djece i omladine sa smetnjama u razvoju,Broj,Oba pola ili bez podjele po polu,Svi starosni rasponi ili nema podjele po godinama,223.0
2021,Broj korisnika socijalne zaštite koji ostvaruju pravo na podršku u izjednačavanju djece i omladine sa smetnjama u razvoju,Broj,Oba pola ili bez podjele po polu,Svi starosni rasponi ili nema podjele po godinama,248.0
2012,Broj korisnika socijalne zaštite koji ostvaruju pravo na podršku u izjednačavanju djece i omladine sa smetnjama u razvoju,Broj,Muškarci,Svi starosni rasponi ili nema podjele po godinama,199.0
2013,Broj korisnika socijalne zaštite koji ostvaruju pravo na podršku u izjednačavanju djece i omladine sa smetnjama u razvoju,Broj,Muškarci,Svi starosni rasponi ili nema podjele po godinama,199.0
2014,Broj korisnika socijalne zaštite koji ostvaruju pravo na podršku u izjednačavanju djece i omladine sa smetnjama u razvoju,Broj,Muškarci,Svi starosni rasponi ili nema podjele po godinama,248.0
2015,Broj korisnika socijalne zaštite koji ostvaruju pravo na podršku u izjednačavanju djece i omladine sa smetnjama u razvoju,Broj,Muškarci,Svi starosni rasponi ili nema podjele po godinama,235.0
2016,Broj korisnika socijalne zaštite koji ostvaruju pravo na podršku u izjednačavanju djece i omladine sa smetnjama u razvoju,Broj,Muškarci,Svi starosni rasponi ili nema podjele po godinama,186.0
2017,Broj korisnika socijalne zaštite koji ostvaruju pravo na podršku u izjednačavanju djece i omladine sa smetnjama u razvoju,Broj,Muškarci,Svi starosni rasponi ili nema podjele po godinama,184.0
2018,Broj korisnika socijalne zaštite koji ostvaruju pravo na podršku u izjednačavanju djece i omladine sa smetnjama u razvoju,Broj,Muškarci,Svi starosni rasponi ili nema podjele po godinama,204.0
2019,Broj korisnika socijalne zaštite koji ostvaruju pravo na podršku u izjednačavanju djece i omladine sa smetnjama u razvoju,Broj,Muškarci,Svi starosni rasponi ili nema podjele po godinama,115.0
2020,Broj korisnika socijalne zaštite koji ostvaruju pravo na podršku u izjednačavanju djece i omladine sa smetnjama u razvoju,Broj,Muškarci,Svi starosni rasponi ili nema podjele po godinama,112.0
2021,Broj korisnika socijalne zaštite koji ostvaruju pravo na podršku u izjednačavanju djece i omladine sa smetnjama u razvoju,Broj,Muškarci,Svi starosni rasponi ili nema podjele po godinama,137.0
2012,Broj korisnika socijalne zaštite koji ostvaruju pravo na podršku u izjednačavanju djece i omladine sa smetnjama u razvoju,Broj,Žene,Svi starosni rasponi ili nema podjele po godinama,134.0
2013,Broj korisnika socijalne zaštite koji ostvaruju pravo na podršku u izjednačavanju djece i omladine sa smetnjama u razvoju,Broj,Žene,Svi starosni rasponi ili nema podjele po godinama,134.0
2014,Broj korisnika socijalne zaštite koji ostvaruju pravo na podršku u izjednačavanju djece i omladine sa smetnjama u razvoju,Broj,Žene,Svi starosni rasponi ili nema podjele po godinama,184.0
2015,Broj korisnika socijalne zaštite koji ostvaruju pravo na podršku u izjednačavanju djece i omladine sa smetnjama u razvoju,Broj,Žene,Svi starosni rasponi ili nema podjele po godinama,175.0
2016,Broj korisnika socijalne zaštite koji ostvaruju pravo na podršku u izjednačavanju djece i omladine sa smetnjama u razvoju,Broj,Žene,Svi starosni rasponi ili nema podjele po godinama,153.0
2017,Broj korisnika socijalne zaštite koji ostvaruju pravo na podršku u izjednačavanju djece i omladine sa smetnjama u razvoju,Broj,Žene,Svi starosni rasponi ili nema podjele po godinama,165.0
2018,Broj korisnika socijalne zaštite koji ostvaruju pravo na podršku u izjednačavanju djece i omladine sa smetnjama u razvoju,Broj,Žene,Svi starosni rasponi ili nema podjele po godinama,178.0
2019,Broj korisnika socijalne zaštite koji ostvaruju pravo na podršku u izjednačavanju djece i omladine sa smetnjama u razvoju,Broj,Žene,Svi starosni rasponi ili nema podjele po godinama,121.0
2020,Broj korisnika socijalne zaštite koji ostvaruju pravo na podršku u izjednačavanju djece i omladine sa smetnjama u razvoju,Broj,Žene,Svi starosni rasponi ili nema podjele po godinama,111.0
2021,Broj korisnika socijalne zaštite koji ostvaruju pravo na podršku u izjednačavanju djece i omladine sa smetnjama u razvoju,Broj,Žene,Svi starosni rasponi ili nema podjele po godinama,111.0
2012,Broj korisnika socijalne zaštite koji ostvaruju pravo na podršku u izjednačavanju djece i omladine sa smetnjama u razvoju,Broj,Oba pola ili bez podjele po polu,Broj djece,290.0
2013,Broj korisnika socijalne zaštite koji ostvaruju pravo na podršku u izjednačavanju djece i omladine sa smetnjama u razvoju,Broj,Oba pola ili bez podjele po polu,Broj djece,290.0
2014,Broj korisnika socijalne zaštite koji ostvaruju pravo na podršku u izjednačavanju djece i omladine sa smetnjama u razvoju,Broj,Oba pola ili bez podjele po polu,Broj djece,414.0
2015,Broj korisnika socijalne zaštite koji ostvaruju pravo na podršku u izjednačavanju djece i omladine sa smetnjama u razvoju,Broj,Oba pola ili bez podjele po polu,Broj djece,386.0
2016,Broj korisnika socijalne zaštite koji ostvaruju pravo na podršku u izjednačavanju djece i omladine sa smetnjama u razvoju,Broj,Oba pola ili bez podjele po polu,Broj djece,306.0
2017,Broj korisnika socijalne zaštite koji ostvaruju pravo na podršku u izjednačavanju djece i omladine sa smetnjama u razvoju,Broj,Oba pola ili bez podjele po polu,Broj djece,322.0
2018,Broj korisnika socijalne zaštite koji ostvaruju pravo na podršku u izjednačavanju djece i omladine sa smetnjama u razvoju,Broj,Oba pola ili bez podjele po polu,Broj djece,325.0
2019,Broj korisnika socijalne zaštite koji ostvaruju pravo na podršku u izjednačavanju djece i omladine sa smetnjama u razvoju,Broj,Oba pola ili bez podjele po polu,Broj djece,147.0
2020,Broj korisnika socijalne zaštite koji ostvaruju pravo na podršku u izjednačavanju djece i omladine sa smetnjama u razvoju,Broj,Oba pola ili bez podjele po polu,Broj djece,141.0
2021,Broj korisnika socijalne zaštite koji ostvaruju pravo na podršku u izjednačavanju djece i omladine sa smetnjama u razvoju,Broj,Oba pola ili bez podjele po polu,Broj djece,134.0
2012,Broj korisnika socijalne zaštite koji ostvaruju pravo na podršku u izjednačavanju djece i omladine sa smetnjama u razvoju,Broj,Muškarci,Broj djece,175.0
2013,Broj korisnika socijalne zaštite koji ostvaruju pravo na podršku u izjednačavanju djece i omladine sa smetnjama u razvoju,Broj,Muškarci,Broj djece,175.0
2014,Broj korisnika socijalne zaštite koji ostvaruju pravo na podršku u izjednačavanju djece i omladine sa smetnjama u razvoju,Broj,Muškarci,Broj djece,237.0
2015,Broj korisnika socijalne zaštite koji ostvaruju pravo na podršku u izjednačavanju djece i omladine sa smetnjama u razvoju,Broj,Muškarci,Broj djece,229.0
2016,Broj korisnika socijalne zaštite koji ostvaruju pravo na podršku u izjednačavanju djece i omladine sa smetnjama u razvoju,Broj,Muškarci,Broj djece,170.0
2017,Broj korisnika socijalne zaštite koji ostvaruju pravo na podršku u izjednačavanju djece i omladine sa smetnjama u razvoju,Broj,Muškarci,Broj djece,175.0
2018,Broj korisnika socijalne zaštite koji ostvaruju pravo na podršku u izjednačavanju djece i omladine sa smetnjama u razvoju,Broj,Muškarci,Broj djece,194.0
2019,Broj korisnika socijalne zaštite koji ostvaruju pravo na podršku u izjednačavanju djece i omladine sa smetnjama u razvoju,Broj,Muškarci,Broj djece,74.0
2020,Broj korisnika socijalne zaštite koji ostvaruju pravo na podršku u izjednačavanju djece i omladine sa smetnjama u razvoju,Broj,Muškarci,Broj djece,75.0
2021,Broj korisnika socijalne zaštite koji ostvaruju pravo na podršku u izjednačavanju djece i omladine sa smetnjama u razvoju,Broj,Muškarci,Broj djece,74.0
2012,Broj korisnika socijalne zaštite koji ostvaruju pravo na podršku u izjednačavanju djece i omladine sa smetnjama u razvoju,Broj,Žene,Broj djece,115.0
2013,Broj korisnika socijalne zaštite koji ostvaruju pravo na podršku u izjednačavanju djece i omladine sa smetnjama u razvoju,Broj,Žene,Broj djece,115.0
2014,Broj korisnika socijalne zaštite koji ostvaruju pravo na podršku u izjednačavanju djece i omladine sa smetnjama u razvoju,Broj,Žene,Broj djece,177.0
2015,Broj korisnika socijalne zaštite koji ostvaruju pravo na podršku u izjednačavanju djece i omladine sa smetnjama u razvoju,Broj,Žene,Broj djece,157.0
2016,Broj korisnika socijalne zaštite koji ostvaruju pravo na podršku u izjednačavanju djece i omladine sa smetnjama u razvoju,Broj,Žene,Broj djece,136.0
2017,Broj korisnika socijalne zaštite koji ostvaruju pravo na podršku u izjednačavanju djece i omladine sa smetnjama u razvoju,Broj,Žene,Broj djece,147.0
2018,Broj korisnika socijalne zaštite koji ostvaruju pravo na podršku u izjednačavanju djece i omladine sa smetnjama u razvoju,Broj,Žene,Broj djece,131.0
2019,Broj korisnika socijalne zaštite koji ostvaruju pravo na podršku u izjednačavanju djece i omladine sa smetnjama u razvoju,Broj,Žene,Broj djece,73.0
2020,Broj korisnika socijalne zaštite koji ostvaruju pravo na podršku u izjednačavanju djece i omladine sa smetnjama u razvoju,Broj,Žene,Broj djece,66.0
2021,Broj korisnika socijalne zaštite koji ostvaruju pravo na podršku u izjednačavanju djece i omladine sa smetnjama u razvoju,Broj,Žene,Broj djece,60.0
2012,Broj korisnika socijalne zaštite koji ostvaruju pravo na smještaj u ustanovu socijalne zaštite i drugu ustanovu,Broj,Oba pola ili bez podjele po polu,Svi starosni rasponi ili nema podjele po godinama,1048.0
2013,Broj korisnika socijalne zaštite koji ostvaruju pravo na smještaj u ustanovu socijalne zaštite i drugu ustanovu,Broj,Oba pola ili bez podjele po polu,Svi starosni rasponi ili nema podjele po godinama,1048.0
2014,Broj korisnika socijalne zaštite koji ostvaruju pravo na smještaj u ustanovu socijalne zaštite i drugu ustanovu,Broj,Oba pola ili bez podjele po polu,Svi starosni rasponi ili nema podjele po godinama,1059.0
2015,Broj korisnika socijalne zaštite koji ostvaruju pravo na smještaj u ustanovu socijalne zaštite i drugu ustanovu,Broj,Oba pola ili bez podjele po polu,Svi starosni rasponi ili nema podjele po godinama,1029.0
2016,Broj korisnika socijalne zaštite koji ostvaruju pravo na smještaj u ustanovu socijalne zaštite i drugu ustanovu,Broj,Oba pola ili bez podjele po polu,Svi starosni rasponi ili nema podjele po godinama,1089.0
2017,Broj korisnika socijalne zaštite koji ostvaruju pravo na smještaj u ustanovu socijalne zaštite i drugu ustanovu,Broj,Oba pola ili bez podjele po polu,Svi starosni rasponi ili nema podjele po godinama,1071.0
2018,Broj korisnika socijalne zaštite koji ostvaruju pravo na smještaj u ustanovu socijalne zaštite i drugu ustanovu,Broj,Oba pola ili bez podjele po polu,Svi starosni rasponi ili nema podjele po godinama,1145.0
2019,Broj korisnika socijalne zaštite koji ostvaruju pravo na smještaj u ustanovu socijalne zaštite i drugu ustanovu,Broj,Oba pola ili bez podjele po polu,Svi starosni rasponi ili nema podjele po godinama,1078.0
2020,Broj korisnika socijalne zaštite koji ostvaruju pravo na smještaj u ustanovu socijalne zaštite i drugu ustanovu,Broj,Oba pola ili bez podjele po polu,Svi starosni rasponi ili nema podjele po godinama,1179.0
2021,Broj korisnika socijalne zaštite koji ostvaruju pravo na smještaj u ustanovu socijalne zaštite i drugu ustanovu,Broj,Oba pola ili bez podjele po polu,Svi starosni rasponi ili nema podjele po godinama,1190.0
2012,Broj korisnika socijalne zaštite koji ostvaruju pravo na smještaj u ustanovu socijalne zaštite i drugu ustanovu,Broj,Muškarci,Svi starosni rasponi ili nema podjele po godinama,473.0
2013,Broj korisnika socijalne zaštite koji ostvaruju pravo na smještaj u ustanovu socijalne zaštite i drugu ustanovu,Broj,Muškarci,Svi starosni rasponi ili nema podjele po godinama,473.0
2014,Broj korisnika socijalne zaštite koji ostvaruju pravo na smještaj u ustanovu socijalne zaštite i drugu ustanovu,Broj,Muškarci,Svi starosni rasponi ili nema podjele po godinama,491.0
2015,Broj korisnika socijalne zaštite koji ostvaruju pravo na smještaj u ustanovu socijalne zaštite i drugu ustanovu,Broj,Muškarci,Svi starosni rasponi ili nema podjele po godinama,504.0
2016,Broj korisnika socijalne zaštite koji ostvaruju pravo na smještaj u ustanovu socijalne zaštite i drugu ustanovu,Broj,Muškarci,Svi starosni rasponi ili nema podjele po godinama,504.0
2017,Broj korisnika socijalne zaštite koji ostvaruju pravo na smještaj u ustanovu socijalne zaštite i drugu ustanovu,Broj,Muškarci,Svi starosni rasponi ili nema podjele po godinama,500.0
2018,Broj korisnika socijalne zaštite koji ostvaruju pravo na smještaj u ustanovu socijalne zaštite i drugu ustanovu,Broj,Muškarci,Svi starosni rasponi ili nema podjele po godinama,525.0
2019,Broj korisnika socijalne zaštite koji ostvaruju pravo na smještaj u ustanovu socijalne zaštite i drugu ustanovu,Broj,Muškarci,Svi starosni rasponi ili nema podjele po godinama,504.0
2020,Broj korisnika socijalne zaštite koji ostvaruju pravo na smještaj u ustanovu socijalne zaštite i drugu ustanovu,Broj,Muškarci,Svi starosni rasponi ili nema podjele po godinama,544.0
2021,Broj korisnika socijalne zaštite koji ostvaruju pravo na smještaj u ustanovu socijalne zaštite i drugu ustanovu,Broj,Muškarci,Svi starosni rasponi ili nema podjele po godinama,533.0
2012,Broj korisnika socijalne zaštite koji ostvaruju pravo na smještaj u ustanovu socijalne zaštite i drugu ustanovu,Broj,Žene,Svi starosni rasponi ili nema podjele po godinama,575.0
2013,Broj korisnika socijalne zaštite koji ostvaruju pravo na smještaj u ustanovu socijalne zaštite i drugu ustanovu,Broj,Žene,Svi starosni rasponi ili nema podjele po godinama,575.0
2014,Broj korisnika socijalne zaštite koji ostvaruju pravo na smještaj u ustanovu socijalne zaštite i drugu ustanovu,Broj,Žene,Svi starosni rasponi ili nema podjele po godinama,568.0
2015,Broj korisnika socijalne zaštite koji ostvaruju pravo na smještaj u ustanovu socijalne zaštite i drugu ustanovu,Broj,Žene,Svi starosni rasponi ili nema podjele po godinama,525.0
2016,Broj korisnika socijalne zaštite koji ostvaruju pravo na smještaj u ustanovu socijalne zaštite i drugu ustanovu,Broj,Žene,Svi starosni rasponi ili nema podjele po godinama,585.0
2017,Broj korisnika socijalne zaštite koji ostvaruju pravo na smještaj u ustanovu socijalne zaštite i drugu ustanovu,Broj,Žene,Svi starosni rasponi ili nema podjele po godinama,571.0
2018,Broj korisnika socijalne zaštite koji ostvaruju pravo na smještaj u ustanovu socijalne zaštite i drugu ustanovu,Broj,Žene,Svi starosni rasponi ili nema podjele po godinama,620.0
2019,Broj korisnika socijalne zaštite koji ostvaruju pravo na smještaj u ustanovu socijalne zaštite i drugu ustanovu,Broj,Žene,Svi starosni rasponi ili nema podjele po godinama,574.0
2020,Broj korisnika socijalne zaštite koji ostvaruju pravo na smještaj u ustanovu socijalne zaštite i drugu ustanovu,Broj,Žene,Svi starosni rasponi ili nema podjele po godinama,635.0
2021,Broj korisnika socijalne zaštite koji ostvaruju pravo na smještaj u ustanovu socijalne zaštite i drugu ustanovu,Broj,Žene,Svi starosni rasponi ili nema podjele po godinama,657.0
2012,Broj korisnika socijalne zaštite koji ostvaruju pravo na smještaj u ustanovu socijalne zaštite i drugu ustanovu,Broj,Oba pola ili bez podjele po polu,Broj djece,225.0
2013,Broj korisnika socijalne zaštite koji ostvaruju pravo na smještaj u ustanovu socijalne zaštite i drugu ustanovu,Broj,Oba pola ili bez podjele po polu,Broj djece,225.0
2014,Broj korisnika socijalne zaštite koji ostvaruju pravo na smještaj u ustanovu socijalne zaštite i drugu ustanovu,Broj,Oba pola ili bez podjele po polu,Broj djece,207.0
2015,Broj korisnika socijalne zaštite koji ostvaruju pravo na smještaj u ustanovu socijalne zaštite i drugu ustanovu,Broj,Oba pola ili bez podjele po polu,Broj djece,199.0
2016,Broj korisnika socijalne zaštite koji ostvaruju pravo na smještaj u ustanovu socijalne zaštite i drugu ustanovu,Broj,Oba pola ili bez podjele po polu,Broj djece,224.0
2017,Broj korisnika socijalne zaštite koji ostvaruju pravo na smještaj u ustanovu socijalne zaštite i drugu ustanovu,Broj,Oba pola ili bez podjele po polu,Broj djece,183.0
2018,Broj korisnika socijalne zaštite koji ostvaruju pravo na smještaj u ustanovu socijalne zaštite i drugu ustanovu,Broj,Oba pola ili bez podjele po polu,Broj djece,170.0
2019,Broj korisnika socijalne zaštite koji ostvaruju pravo na smještaj u ustanovu socijalne zaštite i drugu ustanovu,Broj,Oba pola ili bez podjele po polu,Broj djece,154.0
2020,Broj korisnika socijalne zaštite koji ostvaruju pravo na smještaj u ustanovu socijalne zaštite i drugu ustanovu,Broj,Oba pola ili bez podjele po polu,Broj djece,152.0
2021,Broj korisnika socijalne zaštite koji ostvaruju pravo na smještaj u ustanovu socijalne zaštite i drugu ustanovu,Broj,Oba pola ili bez podjele po polu,Broj djece,159.0
2012,Broj korisnika socijalne zaštite koji ostvaruju pravo na smještaj u ustanovu socijalne zaštite i drugu ustanovu,Broj,Muškarci,Broj djece,119.0
2013,Broj korisnika socijalne zaštite koji ostvaruju pravo na smještaj u ustanovu socijalne zaštite i drugu ustanovu,Broj,Muškarci,Broj djece,119.0
2014,Broj korisnika socijalne zaštite koji ostvaruju pravo na smještaj u ustanovu socijalne zaštite i drugu ustanovu,Broj,Muškarci,Broj djece,106.0
2015,Broj korisnika socijalne zaštite koji ostvaruju pravo na smještaj u ustanovu socijalne zaštite i drugu ustanovu,Broj,Muškarci,Broj djece,106.0
2016,Broj korisnika socijalne zaštite koji ostvaruju pravo na smještaj u ustanovu socijalne zaštite i drugu ustanovu,Broj,Muškarci,Broj djece,118.0
2017,Broj korisnika socijalne zaštite koji ostvaruju pravo na smještaj u ustanovu socijalne zaštite i drugu ustanovu,Broj,Muškarci,Broj djece,94.0
2018,Broj korisnika socijalne zaštite koji ostvaruju pravo na smještaj u ustanovu socijalne zaštite i drugu ustanovu,Broj,Muškarci,Broj djece,90.0
2019,Broj korisnika socijalne zaštite koji ostvaruju pravo na smještaj u ustanovu socijalne zaštite i drugu ustanovu,Broj,Muškarci,Broj djece,73.0
2020,Broj korisnika socijalne zaštite koji ostvaruju pravo na smještaj u ustanovu socijalne zaštite i drugu ustanovu,Broj,Muškarci,Broj djece,74.0
2021,Broj korisnika socijalne zaštite koji ostvaruju pravo na smještaj u ustanovu socijalne zaštite i drugu ustanovu,Broj,Muškarci,Broj djece,82.0
2012,Broj korisnika socijalne zaštite koji ostvaruju pravo na smještaj u ustanovu socijalne zaštite i drugu ustanovu,Broj,Žene,Broj djece,106.0
2013,Broj korisnika socijalne zaštite koji ostvaruju pravo na smještaj u ustanovu socijalne zaštite i drugu ustanovu,Broj,Žene,Broj djece,106.0
2014,Broj korisnika socijalne zaštite koji ostvaruju pravo na smještaj u ustanovu socijalne zaštite i drugu ustanovu,Broj,Žene,Broj djece,101.0
2015,Broj korisnika socijalne zaštite koji ostvaruju pravo na smještaj u ustanovu socijalne zaštite i drugu ustanovu,Broj,Žene,Broj djece,93.0
2016,Broj korisnika socijalne zaštite koji ostvaruju pravo na smještaj u ustanovu socijalne zaštite i drugu ustanovu,Broj,Žene,Broj djece,106.0
2017,Broj korisnika socijalne zaštite koji ostvaruju pravo na smještaj u ustanovu socijalne zaštite i drugu ustanovu,Broj,Žene,Broj djece,89.0
2018,Broj korisnika socijalne zaštite koji ostvaruju pravo na smještaj u ustanovu socijalne zaštite i drugu ustanovu,Broj,Žene,Broj djece,80.0
2019,Broj korisnika socijalne zaštite koji ostvaruju pravo na smještaj u ustanovu socijalne zaštite i drugu ustanovu,Broj,Žene,Broj djece,81.0
2020,Broj korisnika socijalne zaštite koji ostvaruju pravo na smještaj u ustanovu socijalne zaštite i drugu ustanovu,Broj,Žene,Broj djece,78.0
2021,Broj korisnika socijalne zaštite koji ostvaruju pravo na smještaj u ustanovu socijalne zaštite i drugu ustanovu,Broj,Žene,Broj djece,77.0
2012,Broj korisnika socijalne zaštite koji ostvaruju pravo na zbrinjavanje u hraniteljsku porodicu,Broj,Oba pola ili bez podjele po polu,Svi starosni rasponi ili nema podjele po godinama,389.0
2013,Broj korisnika socijalne zaštite koji ostvaruju pravo na zbrinjavanje u hraniteljsku porodicu,Broj,Oba pola ili bez podjele po polu,Svi starosni rasponi ili nema podjele po godinama,389.0
2014,Broj korisnika socijalne zaštite koji ostvaruju pravo na zbrinjavanje u hraniteljsku porodicu,Broj,Oba pola ili bez podjele po polu,Svi starosni rasponi ili nema podjele po godinama,426.0
2015,Broj korisnika socijalne zaštite koji ostvaruju pravo na zbrinjavanje u hraniteljsku porodicu,Broj,Oba pola ili bez podjele po polu,Svi starosni rasponi ili nema podjele po godinama,356.0
2016,Broj korisnika socijalne zaštite koji ostvaruju pravo na zbrinjavanje u hraniteljsku porodicu,Broj,Oba pola ili bez podjele po polu,Svi starosni rasponi ili nema podjele po godinama,356.0
2017,Broj korisnika socijalne zaštite koji ostvaruju pravo na zbrinjavanje u hraniteljsku porodicu,Broj,Oba pola ili bez podjele po polu,Svi starosni rasponi ili nema podjele po godinama,392.0
2018,Broj korisnika socijalne zaštite koji ostvaruju pravo na zbrinjavanje u hraniteljsku porodicu,Broj,Oba pola ili bez podjele po polu,Svi starosni rasponi ili nema podjele po godinama,390.0
2019,Broj korisnika socijalne zaštite koji ostvaruju pravo na zbrinjavanje u hraniteljsku porodicu,Broj,Oba pola ili bez podjele po polu,Svi starosni rasponi ili nema podjele po godinama,373.0
2020,Broj korisnika socijalne zaštite koji ostvaruju pravo na zbrinjavanje u hraniteljsku porodicu,Broj,Oba pola ili bez podjele po polu,Svi starosni rasponi ili nema podjele po godinama,370.0
2021,Broj korisnika socijalne zaštite koji ostvaruju pravo na zbrinjavanje u hraniteljsku porodicu,Broj,Oba pola ili bez podjele po polu,Svi starosni rasponi ili nema podjele po godinama,333.0
2012,Broj korisnika socijalne zaštite koji ostvaruju pravo na zbrinjavanje u hraniteljsku porodicu,Broj,Muškarci,Svi starosni rasponi ili nema podjele po godinama,182.0
2013,Broj korisnika socijalne zaštite koji ostvaruju pravo na zbrinjavanje u hraniteljsku porodicu,Broj,Muškarci,Svi starosni rasponi ili nema podjele po godinama,182.0
2014,Broj korisnika socijalne zaštite koji ostvaruju pravo na zbrinjavanje u hraniteljsku porodicu,Broj,Muškarci,Svi starosni rasponi ili nema podjele po godinama,198.0
2015,Broj korisnika socijalne zaštite koji ostvaruju pravo na zbrinjavanje u hraniteljsku porodicu,Broj,Muškarci,Svi starosni rasponi ili nema podjele po godinama,167.0
2016,Broj korisnika socijalne zaštite koji ostvaruju pravo na zbrinjavanje u hraniteljsku porodicu,Broj,Muškarci,Svi starosni rasponi ili nema podjele po godinama,167.0
2017,Broj korisnika socijalne zaštite koji ostvaruju pravo na zbrinjavanje u hraniteljsku porodicu,Broj,Muškarci,Svi starosni rasponi ili nema podjele po godinama,194.0
2018,Broj korisnika socijalne zaštite koji ostvaruju pravo na zbrinjavanje u hraniteljsku porodicu,Broj,Muškarci,Svi starosni rasponi ili nema podjele po godinama,192.0
2019,Broj korisnika socijalne zaštite koji ostvaruju pravo na zbrinjavanje u hraniteljsku porodicu,Broj,Muškarci,Svi starosni rasponi ili nema podjele po godinama,168.0
2020,Broj korisnika socijalne zaštite koji ostvaruju pravo na zbrinjavanje u hraniteljsku porodicu,Broj,Muškarci,Svi starosni rasponi ili nema podjele po godinama,175.0
2021,Broj korisnika socijalne zaštite koji ostvaruju pravo na zbrinjavanje u hraniteljsku porodicu,Broj,Muškarci,Svi starosni rasponi ili nema podjele po godinama,159.0
2012,Broj korisnika socijalne zaštite koji ostvaruju pravo na zbrinjavanje u hraniteljsku porodicu,Broj,Žene,Svi starosni rasponi ili nema podjele po godinama,211.0
2013,Broj korisnika socijalne zaštite koji ostvaruju pravo na zbrinjavanje u hraniteljsku porodicu,Broj,Žene,Svi starosni rasponi ili nema podjele po godinama,211.0
2014,Broj korisnika socijalne zaštite koji ostvaruju pravo na zbrinjavanje u hraniteljsku porodicu,Broj,Žene,Svi starosni rasponi ili nema podjele po godinama,228.0
2015,Broj korisnika socijalne zaštite koji ostvaruju pravo na zbrinjavanje u hraniteljsku porodicu,Broj,Žene,Svi starosni rasponi ili nema podjele po godinama,189.0
2016,Broj korisnika socijalne zaštite koji ostvaruju pravo na zbrinjavanje u hraniteljsku porodicu,Broj,Žene,Svi starosni rasponi ili nema podjele po godinama,189.0
2017,Broj korisnika socijalne zaštite koji ostvaruju pravo na zbrinjavanje u hraniteljsku porodicu,Broj,Žene,Svi starosni rasponi ili nema podjele po godinama,198.0
2018,Broj korisnika socijalne zaštite koji ostvaruju pravo na zbrinjavanje u hraniteljsku porodicu,Broj,Žene,Svi starosni rasponi ili nema podjele po godinama,198.0
2019,Broj korisnika socijalne zaštite koji ostvaruju pravo na zbrinjavanje u hraniteljsku porodicu,Broj,Žene,Svi starosni rasponi ili nema podjele po godinama,205.0
2020,Broj korisnika socijalne zaštite koji ostvaruju pravo na zbrinjavanje u hraniteljsku porodicu,Broj,Žene,Svi starosni rasponi ili nema podjele po godinama,195.0
2021,Broj korisnika socijalne zaštite koji ostvaruju pravo na zbrinjavanje u hraniteljsku porodicu,Broj,Žene,Svi starosni rasponi ili nema podjele po godinama,174.0
2012,Broj korisnika socijalne zaštite koji ostvaruju pravo na zbrinjavanje u hraniteljsku porodicu,Broj,Oba pola ili bez podjele po polu,Broj djece,119.0
2013,Broj korisnika socijalne zaštite koji ostvaruju pravo na zbrinjavanje u hraniteljsku porodicu,Broj,Oba pola ili bez podjele po polu,Broj djece,119.0
2014,Broj korisnika socijalne zaštite koji ostvaruju pravo na zbrinjavanje u hraniteljsku porodicu,Broj,Oba pola ili bez podjele po polu,Broj djece,196.0
2015,Broj korisnika socijalne zaštite koji ostvaruju pravo na zbrinjavanje u hraniteljsku porodicu,Broj,Oba pola ili bez podjele po polu,Broj djece,252.0
2016,Broj korisnika socijalne zaštite koji ostvaruju pravo na zbrinjavanje u hraniteljsku porodicu,Broj,Oba pola ili bez podjele po polu,Broj djece,259.0
2017,Broj korisnika socijalne zaštite koji ostvaruju pravo na zbrinjavanje u hraniteljsku porodicu,Broj,Oba pola ili bez podjele po polu,Broj djece,272.0
2018,Broj korisnika socijalne zaštite koji ostvaruju pravo na zbrinjavanje u hraniteljsku porodicu,Broj,Oba pola ili bez podjele po polu,Broj djece,223.0
2019,Broj korisnika socijalne zaštite koji ostvaruju pravo na zbrinjavanje u hraniteljsku porodicu,Broj,Oba pola ili bez podjele po polu,Broj djece,210.0
2020,Broj korisnika socijalne zaštite koji ostvaruju pravo na zbrinjavanje u hraniteljsku porodicu,Broj,Oba pola ili bez podjele po polu,Broj djece,206.0
2021,Broj korisnika socijalne zaštite koji ostvaruju pravo na zbrinjavanje u hraniteljsku porodicu,Broj,Oba pola ili bez podjele po polu,Broj djece,208.0
2012,Broj korisnika socijalne zaštite koji ostvaruju pravo na zbrinjavanje u hraniteljsku porodicu,Broj,Muškarci,Broj djece,61.0
2013,Broj korisnika socijalne zaštite koji ostvaruju pravo na zbrinjavanje u hraniteljsku porodicu,Broj,Muškarci,Broj djece,61.0
2014,Broj korisnika socijalne zaštite koji ostvaruju pravo na zbrinjavanje u hraniteljsku porodicu,Broj,Muškarci,Broj djece,101.0
2015,Broj korisnika socijalne zaštite koji ostvaruju pravo na zbrinjavanje u hraniteljsku porodicu,Broj,Muškarci,Broj djece,127.0
2016,Broj korisnika socijalne zaštite koji ostvaruju pravo na zbrinjavanje u hraniteljsku porodicu,Broj,Muškarci,Broj djece,135.0
2017,Broj korisnika socijalne zaštite koji ostvaruju pravo na zbrinjavanje u hraniteljsku porodicu,Broj,Muškarci,Broj djece,137.0
2018,Broj korisnika socijalne zaštite koji ostvaruju pravo na zbrinjavanje u hraniteljsku porodicu,Broj,Muškarci,Broj djece,117.0
2019,Broj korisnika socijalne zaštite koji ostvaruju pravo na zbrinjavanje u hraniteljsku porodicu,Broj,Muškarci,Broj djece,96.0
2020,Broj korisnika socijalne zaštite koji ostvaruju pravo na zbrinjavanje u hraniteljsku porodicu,Broj,Muškarci,Broj djece,102.0
2021,Broj korisnika socijalne zaštite koji ostvaruju pravo na zbrinjavanje u hraniteljsku porodicu,Broj,Muškarci,Broj djece,99.0
2012,Broj korisnika socijalne zaštite koji ostvaruju pravo na zbrinjavanje u hraniteljsku porodicu,Broj,Žene,Broj djece,58.0
2013,Broj korisnika socijalne zaštite koji ostvaruju pravo na zbrinjavanje u hraniteljsku porodicu,Broj,Žene,Broj djece,58.0
2014,Broj korisnika socijalne zaštite koji ostvaruju pravo na zbrinjavanje u hraniteljsku porodicu,Broj,Žene,Broj djece,95.0
2015,Broj korisnika socijalne zaštite koji ostvaruju pravo na zbrinjavanje u hraniteljsku porodicu,Broj,Žene,Broj djece,125.0
2016,Broj korisnika socijalne zaštite koji ostvaruju pravo na zbrinjavanje u hraniteljsku porodicu,Broj,Žene,Broj djece,124.0
2017,Broj korisnika socijalne zaštite koji ostvaruju pravo na zbrinjavanje u hraniteljsku porodicu,Broj,Žene,Broj djece,135.0
2018,Broj korisnika socijalne zaštite koji ostvaruju pravo na zbrinjavanje u hraniteljsku porodicu,Broj,Žene,Broj djece,106.0
2019,Broj korisnika socijalne zaštite koji ostvaruju pravo na zbrinjavanje u hraniteljsku porodicu,Broj,Žene,Broj djece,114.0
2020,Broj korisnika socijalne zaštite koji ostvaruju pravo na zbrinjavanje u hraniteljsku porodicu,Broj,Žene,Broj djece,104.0
2021,Broj korisnika socijalne zaštite koji ostvaruju pravo na zbrinjavanje u hraniteljsku porodicu,Broj,Žene,Broj djece,109.0
2012,Broj korisnika socijalne zaštite koji ostvaruju pravo na pomoć u kući,Broj,Oba pola ili bez podjele po polu,Svi starosni rasponi ili nema podjele po godinama,285.0
2013,Broj korisnika socijalne zaštite koji ostvaruju pravo na pomoć u kući,Broj,Oba pola ili bez podjele po polu,Svi starosni rasponi ili nema podjele po godinama,285.0
2014,Broj korisnika socijalne zaštite koji ostvaruju pravo na pomoć u kući,Broj,Oba pola ili bez podjele po polu,Svi starosni rasponi ili nema podjele po godinama,217.0
2015,Broj korisnika socijalne zaštite koji ostvaruju pravo na pomoć u kući,Broj,Oba pola ili bez podjele po polu,Svi starosni rasponi ili nema podjele po godinama,217.0
2016,Broj korisnika socijalne zaštite koji ostvaruju pravo na pomoć u kući,Broj,Oba pola ili bez podjele po polu,Svi starosni rasponi ili nema podjele po godinama,237.0
2017,Broj korisnika socijalne zaštite koji ostvaruju pravo na pomoć u kući,Broj,Oba pola ili bez podjele po polu,Svi starosni rasponi ili nema podjele po godinama,220.0
2018,Broj korisnika socijalne zaštite koji ostvaruju pravo na pomoć u kući,Broj,Oba pola ili bez podjele po polu,Svi starosni rasponi ili nema podjele po godinama,201.0
2019,Broj korisnika socijalne zaštite koji ostvaruju pravo na pomoć u kući,Broj,Oba pola ili bez podjele po polu,Svi starosni rasponi ili nema podjele po godinama,233.0
2020,Broj korisnika socijalne zaštite koji ostvaruju pravo na pomoć u kući,Broj,Oba pola ili bez podjele po polu,Svi starosni rasponi ili nema podjele po godinama,186.0
2021,Broj korisnika socijalne zaštite koji ostvaruju pravo na pomoć u kući,Broj,Oba pola ili bez podjele po polu,Svi starosni rasponi ili nema podjele po godinama,152.0
2012,Broj korisnika socijalne zaštite koji ostvaruju pravo na pomoć u kući,Broj,Muškarci,Svi starosni rasponi ili nema podjele po godinama,123.0
2013,Broj korisnika socijalne zaštite koji ostvaruju pravo na pomoć u kući,Broj,Muškarci,Svi starosni rasponi ili nema podjele po godinama,123.0
2014,Broj korisnika socijalne zaštite koji ostvaruju pravo na pomoć u kući,Broj,Muškarci,Svi starosni rasponi ili nema podjele po godinama,55.0
2015,Broj korisnika socijalne zaštite koji ostvaruju pravo na pomoć u kući,Broj,Muškarci,Svi starosni rasponi ili nema podjele po godinama,58.0
2016,Broj korisnika socijalne zaštite koji ostvaruju pravo na pomoć u kući,Broj,Muškarci,Svi starosni rasponi ili nema podjele po godinama,67.0
2017,Broj korisnika socijalne zaštite koji ostvaruju pravo na pomoć u kući,Broj,Muškarci,Svi starosni rasponi ili nema podjele po godinama,102.0
2018,Broj korisnika socijalne zaštite koji ostvaruju pravo na pomoć u kući,Broj,Muškarci,Svi starosni rasponi ili nema podjele po godinama,100.0
2019,Broj korisnika socijalne zaštite koji ostvaruju pravo na pomoć u kući,Broj,Muškarci,Svi starosni rasponi ili nema podjele po godinama,69.0
2020,Broj korisnika socijalne zaštite koji ostvaruju pravo na pomoć u kući,Broj,Muškarci,Svi starosni rasponi ili nema podjele po godinama,66.0
2021,Broj korisnika socijalne zaštite koji ostvaruju pravo na pomoć u kući,Broj,Muškarci,Svi starosni rasponi ili nema podjele po godinama,63.0
2012,Broj korisnika socijalne zaštite koji ostvaruju pravo na pomoć u kući,Broj,Žene,Svi starosni rasponi ili nema podjele po godinama,163.0
2013,Broj korisnika socijalne zaštite koji ostvaruju pravo na pomoć u kući,Broj,Žene,Svi starosni rasponi ili nema podjele po godinama,163.0
2014,Broj korisnika socijalne zaštite koji ostvaruju pravo na pomoć u kući,Broj,Žene,Svi starosni rasponi ili nema podjele po godinama,162.0
2015,Broj korisnika socijalne zaštite koji ostvaruju pravo na pomoć u kući,Broj,Žene,Svi starosni rasponi ili nema podjele po godinama,159.0
2016,Broj korisnika socijalne zaštite koji ostvaruju pravo na pomoć u kući,Broj,Žene,Svi starosni rasponi ili nema podjele po godinama,170.0
2017,Broj korisnika socijalne zaštite koji ostvaruju pravo na pomoć u kući,Broj,Žene,Svi starosni rasponi ili nema podjele po godinama,118.0
2018,Broj korisnika socijalne zaštite koji ostvaruju pravo na pomoć u kući,Broj,Žene,Svi starosni rasponi ili nema podjele po godinama,101.0
2019,Broj korisnika socijalne zaštite koji ostvaruju pravo na pomoć u kući,Broj,Žene,Svi starosni rasponi ili nema podjele po godinama,164.0
2020,Broj korisnika socijalne zaštite koji ostvaruju pravo na pomoć u kući,Broj,Žene,Svi starosni rasponi ili nema podjele po godinama,120.0
2021,Broj korisnika socijalne zaštite koji ostvaruju pravo na pomoć u kući,Broj,Žene,Svi starosni rasponi ili nema podjele po godinama,89.0
2012,Broj korisnika socijalne zaštite koji ostvaruju pravo na pomoć u kući,Broj,Oba pola ili bez podjele po polu,Broj djece,15.0
2013,Broj korisnika socijalne zaštite koji ostvaruju pravo na pomoć u kući,Broj,Oba pola ili bez podjele po polu,Broj djece,15.0
2014,Broj korisnika socijalne zaštite koji ostvaruju pravo na pomoć u kući,Broj,Oba pola ili bez podjele po polu,Broj djece,7.0
2015,Broj korisnika socijalne zaštite koji ostvaruju pravo na pomoć u kući,Broj,Oba pola ili bez podjele po polu,Broj djece,6.0
2016,Broj korisnika socijalne zaštite koji ostvaruju pravo na pomoć u kući,Broj,Oba pola ili bez podjele po polu,Broj djece,5.0
2017,Broj korisnika socijalne zaštite koji ostvaruju pravo na pomoć u kući,Broj,Oba pola ili bez podjele po polu,Broj djece,17.0
2018,Broj korisnika socijalne zaštite koji ostvaruju pravo na pomoć u kući,Broj,Oba pola ili bez podjele po polu,Broj djece,1.0
2019,Broj korisnika socijalne zaštite koji ostvaruju pravo na pomoć u kući,Broj,Oba pola ili bez podjele po polu,Broj djece,1.0
2020,Broj korisnika socijalne zaštite koji ostvaruju pravo na pomoć u kući,Broj,Oba pola ili bez podjele po polu,Broj djece,0.0
2021,Broj korisnika socijalne zaštite koji ostvaruju pravo na pomoć u kući,Broj,Oba pola ili bez podjele po polu,Broj djece,0.0
2012,Broj korisnika socijalne zaštite koji ostvaruju pravo na pomoć u kući,Broj,Muškarci,Broj djece,11.0
2013,Broj korisnika socijalne zaštite koji ostvaruju pravo na pomoć u kući,Broj,Muškarci,Broj djece,11.0
2014,Broj korisnika socijalne zaštite koji ostvaruju pravo na pomoć u kući,Broj,Muškarci,Broj djece,5.0
2015,Broj korisnika socijalne zaštite koji ostvaruju pravo na pomoć u kući,Broj,Muškarci,Broj djece,2.0
2016,Broj korisnika socijalne zaštite koji ostvaruju pravo na pomoć u kući,Broj,Muškarci,Broj djece,2.0
2017,Broj korisnika socijalne zaštite koji ostvaruju pravo na pomoć u kući,Broj,Muškarci,Broj djece,5.0
2018,Broj korisnika socijalne zaštite koji ostvaruju pravo na pomoć u kući,Broj,Muškarci,Broj djece,0.0
2019,Broj korisnika socijalne zaštite koji ostvaruju pravo na pomoć u kući,Broj,Muškarci,Broj djece,0.0
2020,Broj korisnika socijalne zaštite koji ostvaruju pravo na pomoć u kući,Broj,Muškarci,Broj djece,0.0
2021,Broj korisnika socijalne zaštite koji ostvaruju pravo na pomoć u kući,Broj,Muškarci,Broj djece,0.0
2012,Broj korisnika socijalne zaštite koji ostvaruju pravo na pomoć u kući,Broj,Žene,Broj djece,4.0
2013,Broj korisnika socijalne zaštite koji ostvaruju pravo na pomoć u kući,Broj,Žene,Broj djece,4.0
2014,Broj korisnika socijalne zaštite koji ostvaruju pravo na pomoć u kući,Broj,Žene,Broj djece,2.0
2015,Broj korisnika socijalne zaštite koji ostvaruju pravo na pomoć u kući,Broj,Žene,Broj djece,4.0
2016,Broj korisnika socijalne zaštite koji ostvaruju pravo na pomoć u kući,Broj,Žene,Broj djece,3.0
2017,Broj korisnika socijalne zaštite koji ostvaruju pravo na pomoć u kući,Broj,Žene,Broj djece,12.0
2018,Broj korisnika socijalne zaštite koji ostvaruju pravo na pomoć u kući,Broj,Žene,Broj djece,1.0
2019,Broj korisnika socijalne zaštite koji ostvaruju pravo na pomoć u kući,Broj,Žene,Broj djece,1.0
2020,Broj korisnika socijalne zaštite koji ostvaruju pravo na pomoć u kući,Broj,Žene,Broj djece,0.0
2021,Broj korisnika socijalne zaštite koji ostvaruju pravo na pomoć u kući,Broj,Žene,Broj djece,0.0
2012,Broj korisnika socijalne zaštite koji ostvaruju pravo na dnevno zbrinjavanje,Broj,Oba pola ili bez podjele po polu,Svi starosni rasponi ili nema podjele po godinama,70.0
2013,Broj korisnika socijalne zaštite koji ostvaruju pravo na dnevno zbrinjavanje,Broj,Oba pola ili bez podjele po polu,Svi starosni rasponi ili nema podjele po godinama,70.0
2014,Broj korisnika socijalne zaštite koji ostvaruju pravo na dnevno zbrinjavanje,Broj,Oba pola ili bez podjele po polu,Svi starosni rasponi ili nema podjele po godinama,230.0
2015,Broj korisnika socijalne zaštite koji ostvaruju pravo na dnevno zbrinjavanje,Broj,Oba pola ili bez podjele po polu,Svi starosni rasponi ili nema podjele po godinama,178.0
2016,Broj korisnika socijalne zaštite koji ostvaruju pravo na dnevno zbrinjavanje,Broj,Oba pola ili bez podjele po polu,Svi starosni rasponi ili nema podjele po godinama,209.0
2017,Broj korisnika socijalne zaštite koji ostvaruju pravo na dnevno zbrinjavanje,Broj,Oba pola ili bez podjele po polu,Svi starosni rasponi ili nema podjele po godinama,286.0
2018,Broj korisnika socijalne zaštite koji ostvaruju pravo na dnevno zbrinjavanje,Broj,Oba pola ili bez podjele po polu,Svi starosni rasponi ili nema podjele po godinama,312.0
2019,Broj korisnika socijalne zaštite koji ostvaruju pravo na dnevno zbrinjavanje,Broj,Oba pola ili bez podjele po polu,Svi starosni rasponi ili nema podjele po godinama,395.0
2020,Broj korisnika socijalne zaštite koji ostvaruju pravo na dnevno zbrinjavanje,Broj,Oba pola ili bez podjele po polu,Svi starosni rasponi ili nema podjele po godinama,335.0
2021,Broj korisnika socijalne zaštite koji ostvaruju pravo na dnevno zbrinjavanje,Broj,Oba pola ili bez podjele po polu,Svi starosni rasponi ili nema podjele po godinama,433.0
2012,Broj korisnika socijalne zaštite koji ostvaruju pravo na dnevno zbrinjavanje,Broj,Muškarci,Svi starosni rasponi ili nema podjele po godinama,39.0
2013,Broj korisnika socijalne zaštite koji ostvaruju pravo na dnevno zbrinjavanje,Broj,Muškarci,Svi starosni rasponi ili nema podjele po godinama,39.0
2014,Broj korisnika socijalne zaštite koji ostvaruju pravo na dnevno zbrinjavanje,Broj,Muškarci,Svi starosni rasponi ili nema podjele po godinama,120.0
2015,Broj korisnika socijalne zaštite koji ostvaruju pravo na dnevno zbrinjavanje,Broj,Muškarci,Svi starosni rasponi ili nema podjele po godinama,105.0
2016,Broj korisnika socijalne zaštite koji ostvaruju pravo na dnevno zbrinjavanje,Broj,Muškarci,Svi starosni rasponi ili nema podjele po godinama,128.0
2017,Broj korisnika socijalne zaštite koji ostvaruju pravo na dnevno zbrinjavanje,Broj,Muškarci,Svi starosni rasponi ili nema podjele po godinama,163.0
2018,Broj korisnika socijalne zaštite koji ostvaruju pravo na dnevno zbrinjavanje,Broj,Muškarci,Svi starosni rasponi ili nema podjele po godinama,180.0
2019,Broj korisnika socijalne zaštite koji ostvaruju pravo na dnevno zbrinjavanje,Broj,Muškarci,Svi starosni rasponi ili nema podjele po godinama,209.0
2020,Broj korisnika socijalne zaštite koji ostvaruju pravo na dnevno zbrinjavanje,Broj,Muškarci,Svi starosni rasponi ili nema podjele po godinama,157.0
2021,Broj korisnika socijalne zaštite koji ostvaruju pravo na dnevno zbrinjavanje,Broj,Muškarci,Svi starosni rasponi ili nema podjele po godinama,255.0
2012,Broj korisnika socijalne zaštite koji ostvaruju pravo na dnevno zbrinjavanje,Broj,Žene,Svi starosni rasponi ili nema podjele po godinama,31.0
2013,Broj korisnika socijalne zaštite koji ostvaruju pravo na dnevno zbrinjavanje,Broj,Žene,Svi starosni rasponi ili nema podjele po godinama,31.0
2014,Broj korisnika socijalne zaštite koji ostvaruju pravo na dnevno zbrinjavanje,Broj,Žene,Svi starosni rasponi ili nema podjele po godinama,110.0
2015,Broj korisnika socijalne zaštite koji ostvaruju pravo na dnevno zbrinjavanje,Broj,Žene,Svi starosni rasponi ili nema podjele po godinama,73.0
2016,Broj korisnika socijalne zaštite koji ostvaruju pravo na dnevno zbrinjavanje,Broj,Žene,Svi starosni rasponi ili nema podjele po godinama,81.0
2017,Broj korisnika socijalne zaštite koji ostvaruju pravo na dnevno zbrinjavanje,Broj,Žene,Svi starosni rasponi ili nema podjele po godinama,123.0
2018,Broj korisnika socijalne zaštite koji ostvaruju pravo na dnevno zbrinjavanje,Broj,Žene,Svi starosni rasponi ili nema podjele po godinama,132.0
2019,Broj korisnika socijalne zaštite koji ostvaruju pravo na dnevno zbrinjavanje,Broj,Žene,Svi starosni rasponi ili nema podjele po godinama,186.0
2020,Broj korisnika socijalne zaštite koji ostvaruju pravo na dnevno zbrinjavanje,Broj,Žene,Svi starosni rasponi ili nema podjele po godinama,178.0
2021,Broj korisnika socijalne zaštite koji ostvaruju pravo na dnevno zbrinjavanje,Broj,Žene,Svi starosni rasponi ili nema podjele po godinama,178.0
2012,Broj korisnika socijalne zaštite koji ostvaruju pravo na dnevno zbrinjavanje,Broj,Oba pola ili bez podjele po polu,Broj djece,52.0
2013,Broj korisnika socijalne zaštite koji ostvaruju pravo na dnevno zbrinjavanje,Broj,Oba pola ili bez podjele po polu,Broj djece,52.0
2014,Broj korisnika socijalne zaštite koji ostvaruju pravo na dnevno zbrinjavanje,Broj,Oba pola ili bez podjele po polu,Broj djece,143.0
2015,Broj korisnika socijalne zaštite koji ostvaruju pravo na dnevno zbrinjavanje,Broj,Oba pola ili bez podjele po polu,Broj djece,137.0
2016,Broj korisnika socijalne zaštite koji ostvaruju pravo na dnevno zbrinjavanje,Broj,Oba pola ili bez podjele po polu,Broj djece,125.0
2017,Broj korisnika socijalne zaštite koji ostvaruju pravo na dnevno zbrinjavanje,Broj,Oba pola ili bez podjele po polu,Broj djece,157.0
2018,Broj korisnika socijalne zaštite koji ostvaruju pravo na dnevno zbrinjavanje,Broj,Oba pola ili bez podjele po polu,Broj djece,107.0
2019,Broj korisnika socijalne zaštite koji ostvaruju pravo na dnevno zbrinjavanje,Broj,Oba pola ili bez podjele po polu,Broj djece,127.0
2020,Broj korisnika socijalne zaštite koji ostvaruju pravo na dnevno zbrinjavanje,Broj,Oba pola ili bez podjele po polu,Broj djece,161.0
2021,Broj korisnika socijalne zaštite koji ostvaruju pravo na dnevno zbrinjavanje,Broj,Oba pola ili bez podjele po polu,Broj djece,192.0
2012,Broj korisnika socijalne zaštite koji ostvaruju pravo na dnevno zbrinjavanje,Broj,Muškarci,Broj djece,27.0
2013,Broj korisnika socijalne zaštite koji ostvaruju pravo na dnevno zbrinjavanje,Broj,Muškarci,Broj djece,27.0
2014,Broj korisnika socijalne zaštite koji ostvaruju pravo na dnevno zbrinjavanje,Broj,Muškarci,Broj djece,81.0
2015,Broj korisnika socijalne zaštite koji ostvaruju pravo na dnevno zbrinjavanje,Broj,Muškarci,Broj djece,77.0
2016,Broj korisnika socijalne zaštite koji ostvaruju pravo na dnevno zbrinjavanje,Broj,Muškarci,Broj djece,72.0
2017,Broj korisnika socijalne zaštite koji ostvaruju pravo na dnevno zbrinjavanje,Broj,Muškarci,Broj djece,83.0
2018,Broj korisnika socijalne zaštite koji ostvaruju pravo na dnevno zbrinjavanje,Broj,Muškarci,Broj djece,62.0
2019,Broj korisnika socijalne zaštite koji ostvaruju pravo na dnevno zbrinjavanje,Broj,Muškarci,Broj djece,65.0
2020,Broj korisnika socijalne zaštite koji ostvaruju pravo na dnevno zbrinjavanje,Broj,Muškarci,Broj djece,85.0
2021,Broj korisnika socijalne zaštite koji ostvaruju pravo na dnevno zbrinjavanje,Broj,Muškarci,Broj djece,137.0
2012,Broj korisnika socijalne zaštite koji ostvaruju pravo na dnevno zbrinjavanje,Broj,Žene,Broj djece,25.0
2013,Broj korisnika socijalne zaštite koji ostvaruju pravo na dnevno zbrinjavanje,Broj,Žene,Broj djece,25.0
2014,Broj korisnika socijalne zaštite koji ostvaruju pravo na dnevno zbrinjavanje,Broj,Žene,Broj djece,62.0
2015,Broj korisnika socijalne zaštite koji ostvaruju pravo na dnevno zbrinjavanje,Broj,Žene,Broj djece,60.0
2016,Broj korisnika socijalne zaštite koji ostvaruju pravo na dnevno zbrinjavanje,Broj,Žene,Broj djece,53.0
2017,Broj korisnika socijalne zaštite koji ostvaruju pravo na dnevno zbrinjavanje,Broj,Žene,Broj djece,74.0
2018,Broj korisnika socijalne zaštite koji ostvaruju pravo na dnevno zbrinjavanje,Broj,Žene,Broj djece,45.0
2019,Broj korisnika socijalne zaštite koji ostvaruju pravo na dnevno zbrinjavanje,Broj,Žene,Broj djece,62.0
2020,Broj korisnika socijalne zaštite koji ostvaruju pravo na dnevno zbrinjavanje,Broj,Žene,Broj djece,76.0
2021,Broj korisnika socijalne zaštite koji ostvaruju pravo na dnevno zbrinjavanje,Broj,Žene,Broj djece,55.0
2012,Broj korisnika socijalne zaštite koji ostvaruju pravo na jednokratnu novčanu pomoć,Broj,Oba pola ili bez podjele po polu,Svi starosni rasponi ili nema podjele po godinama,11586.0
2013,Broj korisnika socijalne zaštite koji ostvaruju pravo na jednokratnu novčanu pomoć,Broj,Oba pola ili bez podjele po polu,Svi starosni rasponi ili nema podjele po godinama,11586.0
2014,Broj korisnika socijalne zaštite koji ostvaruju pravo na jednokratnu novčanu pomoć,Broj,Oba pola ili bez podjele po polu,Svi starosni rasponi ili nema podjele po godinama,11413.0
2015,Broj korisnika socijalne zaštite koji ostvaruju pravo na jednokratnu novčanu pomoć,Broj,Oba pola ili bez podjele po polu,Svi starosni rasponi ili nema podjele po godinama,11105.0
2016,Broj korisnika socijalne zaštite koji ostvaruju pravo na jednokratnu novčanu pomoć,Broj,Oba pola ili bez podjele po polu,Svi starosni rasponi ili nema podjele po godinama,11301.0
2017,Broj korisnika socijalne zaštite koji ostvaruju pravo na jednokratnu novčanu pomoć,Broj,Oba pola ili bez podjele po polu,Svi starosni rasponi ili nema podjele po godinama,10481.0
2018,Broj korisnika socijalne zaštite koji ostvaruju pravo na jednokratnu novčanu pomoć,Broj,Oba pola ili bez podjele po polu,Svi starosni rasponi ili nema podjele po godinama,11418.0
2019,Broj korisnika socijalne zaštite koji ostvaruju pravo na jednokratnu novčanu pomoć,Broj,Oba pola ili bez podjele po polu,Svi starosni rasponi ili nema podjele po godinama,9732.0
2020,Broj korisnika socijalne zaštite koji ostvaruju pravo na jednokratnu novčanu pomoć,Broj,Oba pola ili bez podjele po polu,Svi starosni rasponi ili nema podjele po godinama,9735.0
2021,Broj korisnika socijalne zaštite koji ostvaruju pravo na jednokratnu novčanu pomoć,Broj,Oba pola ili bez podjele po polu,Svi starosni rasponi ili nema podjele po godinama,9152.0
2012,Broj korisnika socijalne zaštite koji ostvaruju pravo na jednokratnu novčanu pomoć,Broj,Muškarci,Svi starosni rasponi ili nema podjele po godinama,5566.0
2013,Broj korisnika socijalne zaštite koji ostvaruju pravo na jednokratnu novčanu pomoć,Broj,Muškarci,Svi starosni rasponi ili nema podjele po godinama,5566.0
2014,Broj korisnika socijalne zaštite koji ostvaruju pravo na jednokratnu novčanu pomoć,Broj,Muškarci,Svi starosni rasponi ili nema podjele po godinama,5516.0
2015,Broj korisnika socijalne zaštite koji ostvaruju pravo na jednokratnu novčanu pomoć,Broj,Muškarci,Svi starosni rasponi ili nema podjele po godinama,5480.0
2016,Broj korisnika socijalne zaštite koji ostvaruju pravo na jednokratnu novčanu pomoć,Broj,Muškarci,Svi starosni rasponi ili nema podjele po godinama,5534.0
2017,Broj korisnika socijalne zaštite koji ostvaruju pravo na jednokratnu novčanu pomoć,Broj,Muškarci,Svi starosni rasponi ili nema podjele po godinama,5020.0
2018,Broj korisnika socijalne zaštite koji ostvaruju pravo na jednokratnu novčanu pomoć,Broj,Muškarci,Svi starosni rasponi ili nema podjele po godinama,5340.0
2019,Broj korisnika socijalne zaštite koji ostvaruju pravo na jednokratnu novčanu pomoć,Broj,Muškarci,Svi starosni rasponi ili nema podjele po godinama,4726.0
2020,Broj korisnika socijalne zaštite koji ostvaruju pravo na jednokratnu novčanu pomoć,Broj,Muškarci,Svi starosni rasponi ili nema podjele po godinama,4787.0
2021,Broj korisnika socijalne zaštite koji ostvaruju pravo na jednokratnu novčanu pomoć,Broj,Muškarci,Svi starosni rasponi ili nema podjele po godinama,4360.0
2012,Broj korisnika socijalne zaštite koji ostvaruju pravo na jednokratnu novčanu pomoć,Broj,Žene,Svi starosni rasponi ili nema podjele po godinama,6020.0
2013,Broj korisnika socijalne zaštite koji ostvaruju pravo na jednokratnu novčanu pomoć,Broj,Žene,Svi starosni rasponi ili nema podjele po godinama,6020.0
2014,Broj korisnika socijalne zaštite koji ostvaruju pravo na jednokratnu novčanu pomoć,Broj,Žene,Svi starosni rasponi ili nema podjele po godinama,5897.0
2015,Broj korisnika socijalne zaštite koji ostvaruju pravo na jednokratnu novčanu pomoć,Broj,Žene,Svi starosni rasponi ili nema podjele po godinama,5625.0
2016,Broj korisnika socijalne zaštite koji ostvaruju pravo na jednokratnu novčanu pomoć,Broj,Žene,Svi starosni rasponi ili nema podjele po godinama,5767.0
2017,Broj korisnika socijalne zaštite koji ostvaruju pravo na jednokratnu novčanu pomoć,Broj,Žene,Svi starosni rasponi ili nema podjele po godinama,5461.0
2018,Broj korisnika socijalne zaštite koji ostvaruju pravo na jednokratnu novčanu pomoć,Broj,Žene,Svi starosni rasponi ili nema podjele po godinama,6078.0
2019,Broj korisnika socijalne zaštite koji ostvaruju pravo na jednokratnu novčanu pomoć,Broj,Žene,Svi starosni rasponi ili nema podjele po godinama,5006.0
2020,Broj korisnika socijalne zaštite koji ostvaruju pravo na jednokratnu novčanu pomoć,Broj,Žene,Svi starosni rasponi ili nema podjele po godinama,4948.0
2021,Broj korisnika socijalne zaštite koji ostvaruju pravo na jednokratnu novčanu pomoć,Broj,Žene,Svi starosni rasponi ili nema podjele po godinama,4792.0
2012,Broj korisnika socijalne zaštite koji ostvaruju pravo na jednokratnu novčanu pomoć,Broj,Oba pola ili bez podjele po polu,Broj djece,1836.0
2013,Broj korisnika socijalne zaštite koji ostvaruju pravo na jednokratnu novčanu pomoć,Broj,Oba pola ili bez podjele po polu,Broj djece,1836.0
2014,Broj korisnika socijalne zaštite koji ostvaruju pravo na jednokratnu novčanu pomoć,Broj,Oba pola ili bez podjele po polu,Broj djece,1172.0
2015,Broj korisnika socijalne zaštite koji ostvaruju pravo na jednokratnu novčanu pomoć,Broj,Oba pola ili bez podjele po polu,Broj djece,657.0
2016,Broj korisnika socijalne zaštite koji ostvaruju pravo na jednokratnu novčanu pomoć,Broj,Oba pola ili bez podjele po polu,Broj djece,752.0
2017,Broj korisnika socijalne zaštite koji ostvaruju pravo na jednokratnu novčanu pomoć,Broj,Oba pola ili bez podjele po polu,Broj djece,783.0
2018,Broj korisnika socijalne zaštite koji ostvaruju pravo na jednokratnu novčanu pomoć,Broj,Oba pola ili bez podjele po polu,Broj djece,625.0
2019,Broj korisnika socijalne zaštite koji ostvaruju pravo na jednokratnu novčanu pomoć,Broj,Oba pola ili bez podjele po polu,Broj djece,643.0
2020,Broj korisnika socijalne zaštite koji ostvaruju pravo na jednokratnu novčanu pomoć,Broj,Oba pola ili bez podjele po polu,Broj djece,560.0
2021,Broj korisnika socijalne zaštite koji ostvaruju pravo na jednokratnu novčanu pomoć,Broj,Oba pola ili bez podjele po polu,Broj djece,575.0
2012,Broj korisnika socijalne zaštite koji ostvaruju pravo na jednokratnu novčanu pomoć,Broj,Muškarci,Broj djece,839.0
2013,Broj korisnika socijalne zaštite koji ostvaruju pravo na jednokratnu novčanu pomoć,Broj,Muškarci,Broj djece,839.0
2014,Broj korisnika socijalne zaštite koji ostvaruju pravo na jednokratnu novčanu pomoć,Broj,Muškarci,Broj djece,534.0
2015,Broj korisnika socijalne zaštite koji ostvaruju pravo na jednokratnu novčanu pomoć,Broj,Muškarci,Broj djece,319.0
2016,Broj korisnika socijalne zaštite koji ostvaruju pravo na jednokratnu novčanu pomoć,Broj,Muškarci,Broj djece,395.0
2017,Broj korisnika socijalne zaštite koji ostvaruju pravo na jednokratnu novčanu pomoć,Broj,Muškarci,Broj djece,357.0
2018,Broj korisnika socijalne zaštite koji ostvaruju pravo na jednokratnu novčanu pomoć,Broj,Muškarci,Broj djece,289.0
2019,Broj korisnika socijalne zaštite koji ostvaruju pravo na jednokratnu novčanu pomoć,Broj,Muškarci,Broj djece,373.0
2020,Broj korisnika socijalne zaštite koji ostvaruju pravo na jednokratnu novčanu pomoć,Broj,Muškarci,Broj djece,268.0
2021,Broj korisnika socijalne zaštite koji ostvaruju pravo na jednokratnu novčanu pomoć,Broj,Muškarci,Broj djece,293.0
2012,Broj korisnika socijalne zaštite koji ostvaruju pravo na jednokratnu novčanu pomoć,Broj,Žene,Broj djece,997.0
2013,Broj korisnika socijalne zaštite koji ostvaruju pravo na jednokratnu novčanu pomoć,Broj,Žene,Broj djece,997.0
2014,Broj korisnika socijalne zaštite koji ostvaruju pravo na jednokratnu novčanu pomoć,Broj,Žene,Broj djece,638.0
2015,Broj korisnika socijalne zaštite koji ostvaruju pravo na jednokratnu novčanu pomoć,Broj,Žene,Broj djece,338.0
2016,Broj korisnika socijalne zaštite koji ostvaruju pravo na jednokratnu novčanu pomoć,Broj,Žene,Broj djece,357.0
2017,Broj korisnika socijalne zaštite koji ostvaruju pravo na jednokratnu novčanu pomoć,Broj,Žene,Broj djece,426.0
2018,Broj korisnika socijalne zaštite koji ostvaruju pravo na jednokratnu novčanu pomoć,Broj,Žene,Broj djece,336.0
2019,Broj korisnika socijalne zaštite koji ostvaruju pravo na jednokratnu novčanu pomoć,Broj,Žene,Broj djece,270.0
2020,Broj korisnika socijalne zaštite koji ostvaruju pravo na jednokratnu novčanu pomoć,Broj,Žene,Broj djece,292.0
2021,Broj korisnika socijalne zaštite koji ostvaruju pravo na jednokratnu novčanu pomoć,Broj,Žene,Broj djece,282.0
2018,Broj korisnika socijalne zaštite koji ostvaruju pravo na ličnu invalidninu,Broj,Oba pola ili bez podjele po polu,Svi starosni rasponi ili nema podjele po godinama,4192.0
2019,Broj korisnika socijalne zaštite koji ostvaruju pravo na ličnu invalidninu,Broj,Oba pola ili bez podjele po polu,Svi starosni rasponi ili nema podjele po godinama,4944.0
2020,Broj korisnika socijalne zaštite koji ostvaruju pravo na ličnu invalidninu,Broj,Oba pola ili bez podjele po polu,Svi starosni rasponi ili nema podjele po godinama,6278.0
2021,Broj korisnika socijalne zaštite koji ostvaruju pravo na ličnu invalidninu,Broj,Oba pola ili bez podjele po polu,Svi starosni rasponi ili nema podjele po godinama,6727.0
2018,Broj korisnika socijalne zaštite koji ostvaruju pravo na ličnu invalidninu,Broj,Muškarci,Svi starosni rasponi ili nema podjele po godinama,2233.0
2019,Broj korisnika socijalne zaštite koji ostvaruju pravo na ličnu invalidninu,Broj,Muškarci,Svi starosni rasponi ili nema podjele po godinama,2843.0
2020,Broj korisnika socijalne zaštite koji ostvaruju pravo na ličnu invalidninu,Broj,Muškarci,Svi starosni rasponi ili nema podjele po godinama,3665.0
2021,Broj korisnika socijalne zaštite koji ostvaruju pravo na ličnu invalidninu,Broj,Muškarci,Svi starosni rasponi ili nema podjele po godinama,3953.0
2018,Broj korisnika socijalne zaštite koji ostvaruju pravo na ličnu invalidninu,Broj,Žene,Svi starosni rasponi ili nema podjele po godinama,1959.0
2019,Broj korisnika socijalne zaštite koji ostvaruju pravo na ličnu invalidninu,Broj,Žene,Svi starosni rasponi ili nema podjele po godinama,2101.0
2020,Broj korisnika socijalne zaštite koji ostvaruju pravo na ličnu invalidninu,Broj,Žene,Svi starosni rasponi ili nema podjele po godinama,2613.0
2021,Broj korisnika socijalne zaštite koji ostvaruju pravo na ličnu invalidninu,Broj,Žene,Svi starosni rasponi ili nema podjele po godinama,2774.0
2018,Broj korisnika socijalne zaštite koji ostvaruju pravo na ličnu invalidninu,Broj,Oba pola ili bez podjele po polu,Broj djece,1048.0
2019,Broj korisnika socijalne zaštite koji ostvaruju pravo na ličnu invalidninu,Broj,Oba pola ili bez podjele po polu,Broj djece,1214.0
2020,Broj korisnika socijalne zaštite koji ostvaruju pravo na ličnu invalidninu,Broj,Oba pola ili bez podjele po polu,Broj djece,1445.0
2021,Broj korisnika socijalne zaštite koji ostvaruju pravo na ličnu invalidninu,Broj,Oba pola ili bez podjele po polu,Broj djece,1626.0
2018,Broj korisnika socijalne zaštite koji ostvaruju pravo na ličnu invalidninu,Broj,Muškarci,Broj djece,670.0
2019,Broj korisnika socijalne zaštite koji ostvaruju pravo na ličnu invalidninu,Broj,Muškarci,Broj djece,777.0
2020,Broj korisnika socijalne zaštite koji ostvaruju pravo na ličnu invalidninu,Broj,Muškarci,Broj djece,912.0
2021,Broj korisnika socijalne zaštite koji ostvaruju pravo na ličnu invalidninu,Broj,Muškarci,Broj djece,1019.0
2018,Broj korisnika socijalne zaštite koji ostvaruju pravo na ličnu invalidninu,Broj,Žene,Broj djece,378.0
2019,Broj korisnika socijalne zaštite koji ostvaruju pravo na ličnu invalidninu,Broj,Žene,Broj djece,437.0
2020,Broj korisnika socijalne zaštite koji ostvaruju pravo na ličnu invalidninu,Broj,Žene,Broj djece,533.0
2021,Broj korisnika socijalne zaštite koji ostvaruju pravo na ličnu invalidninu,Broj,Žene,Broj djece,607.0
