Year,SERIES,UNIT_MEASURE,Value
2000,Likvidna sredstva prema kratkoročnim finansijskim obavezama (%),Procenat,54.0494
2001,Likvidna sredstva prema kratkoročnim finansijskim obavezama (%),Procenat,65.07871
2002,Likvidna sredstva prema kratkoročnim finansijskim obavezama (%),Procenat,51.51903
2003,Likvidna sredstva prema kratkoročnim finansijskim obavezama (%),Procenat,58.73752
2004,Likvidna sredstva prema kratkoročnim finansijskim obavezama (%),Procenat,59.52544
2005,Likvidna sredstva prema kratkoročnim finansijskim obavezama (%),Procenat,61.91274
2006,Likvidna sredstva prema kratkoročnim finansijskim obavezama (%),Procenat,60.77306
2007,Likvidna sredstva prema kratkoročnim finansijskim obavezama (%),Procenat,61.28471
2008,Likvidna sredstva prema kratkoročnim finansijskim obavezama (%),Procenat,78.89405
2009,Likvidna sredstva prema kratkoročnim finansijskim obavezama (%),Procenat,81.60722
2010,Likvidna sredstva prema kratkoročnim finansijskim obavezama (%),Procenat,71.74154
2011,Likvidna sredstva prema kratkoročnim finansijskim obavezama (%),Procenat,67.32943
2012,Likvidna sredstva prema kratkoročnim finansijskim obavezama (%),Procenat,65.28876
2013,Likvidna sredstva prema kratkoročnim finansijskim obavezama (%),Procenat,65.89659
2014,Likvidna sredstva prema kratkoročnim finansijskim obavezama (%),Procenat,65.61993
2015,Likvidna sredstva prema kratkoročnim finansijskim obavezama (%),Procenat,61.92074
2016,Likvidna sredstva prema kratkoročnim finansijskim obavezama (%),Procenat,61.61892
2017,Likvidna sredstva prema kratkoročnim finansijskim obavezama (%),Procenat,59.85051
2018,Likvidna sredstva prema kratkoročnim finansijskim obavezama (%),Procenat,60.43847
2019,Likvidna sredstva prema kratkoročnim finansijskim obavezama (%),Procenat,61.03062
2020,Likvidna sredstva prema kratkoročnim finansijskim obavezama (%),Procenat,51.34221
2000,Neto otvorena pozicija (%),Procenat,0.0
2001,Neto otvorena pozicija (%),Procenat,0.0
2002,Neto otvorena pozicija (%),Procenat,0.0
2003,Neto otvorena pozicija (%),Procenat,33.09814
2004,Neto otvorena pozicija (%),Procenat,9.20791
2005,Neto otvorena pozicija (%),Procenat,6.34987
2006,Neto otvorena pozicija (%),Procenat,6.81397
2007,Neto otvorena pozicija (%),Procenat,4.3397
2008,Neto otvorena pozicija (%),Procenat,4.61266
2009,Neto otvorena pozicija (%),Procenat,1.31004
2010,Neto otvorena pozicija (%),Procenat,3.41532
2011,Neto otvorena pozicija (%),Procenat,12.70493
2012,Neto otvorena pozicija (%),Procenat,4.41682
2013,Neto otvorena pozicija (%),Procenat,5.72097
2014,Neto otvorena pozicija (%),Procenat,9.85365
2015,Neto otvorena pozicija (%),Procenat,8.30719
2016,Neto otvorena pozicija (%),Procenat,1.58889
2017,Neto otvorena pozicija (%),Procenat,-0.21428
2018,Neto otvorena pozicija (%),Procenat,2.10767
2019,Neto otvorena pozicija (%),Procenat,3.42322
2020,Neto otvorena pozicija (%),Procenat,4.17421
2000,Nekvalitetni krediti umanjeni za rezervisanja prema osnovnom kapitalu (%),Procenat,30.30251
2001,Nekvalitetni krediti umanjeni za rezervisanja prema osnovnom kapitalu (%),Procenat,33.46471
2002,Nekvalitetni krediti umanjeni za rezervisanja prema osnovnom kapitalu (%),Procenat,24.41932
2003,Nekvalitetni krediti umanjeni za rezervisanja prema osnovnom kapitalu (%),Procenat,19.77382
2004,Nekvalitetni krediti umanjeni za rezervisanja prema osnovnom kapitalu (%),Procenat,15.53339
2005,Nekvalitetni krediti umanjeni za rezervisanja prema osnovnom kapitalu (%),Procenat,15.65278
2006,Nekvalitetni krediti umanjeni za rezervisanja prema osnovnom kapitalu (%),Procenat,11.76116
2007,Nekvalitetni krediti umanjeni za rezervisanja prema osnovnom kapitalu (%),Procenat,9.53645
2008,Nekvalitetni krediti umanjeni za rezervisanja prema osnovnom kapitalu (%),Procenat,10.27404
2009,Nekvalitetni krediti umanjeni za rezervisanja prema osnovnom kapitalu (%),Procenat,19.64209
2010,Nekvalitetni krediti umanjeni za rezervisanja prema osnovnom kapitalu (%),Procenat,32.8362
2011,Nekvalitetni krediti umanjeni za rezervisanja prema osnovnom kapitalu (%),Procenat,20.59918
2012,Nekvalitetni krediti umanjeni za rezervisanja prema osnovnom kapitalu (%),Procenat,24.78804
2013,Nekvalitetni krediti umanjeni za rezervisanja prema osnovnom kapitalu (%),Procenat,26.44458
2014,Nekvalitetni krediti umanjeni za rezervisanja prema osnovnom kapitalu (%),Procenat,24.63512
2015,Nekvalitetni krediti umanjeni za rezervisanja prema osnovnom kapitalu (%),Procenat,24.8954
2016,Nekvalitetni krediti umanjeni za rezervisanja prema osnovnom kapitalu (%),Procenat,17.55071
2017,Nekvalitetni krediti umanjeni za rezervisanja prema osnovnom kapitalu (%),Procenat,13.51627
2018,Nekvalitetni krediti umanjeni za rezervisanja prema osnovnom kapitalu (%),Procenat,11.42326
2019,Nekvalitetni krediti umanjeni za rezervisanja prema osnovnom kapitalu (%),Procenat,9.61235
2020,Nekvalitetni krediti umanjeni za rezervisanja prema osnovnom kapitalu (%),Procenat,7.3803
2000,NPL prema ukupnim kreditima (%),Procenat,21.21596
2001,NPL prema ukupnim kreditima (%),Procenat,17.9071
2002,NPL prema ukupnim kreditima (%),Procenat,11.01722
2003,NPL prema ukupnim kreditima (%),Procenat,8.38583
2004,NPL prema ukupnim kreditima (%),Procenat,6.07354
2005,NPL prema ukupnim kreditima (%),Procenat,5.2756
2006,NPL prema ukupnim kreditima (%),Procenat,3.99876
2007,NPL prema ukupnim kreditima (%),Procenat,3.01859
2008,NPL prema ukupnim kreditima (%),Procenat,3.0912
2009,NPL prema ukupnim kreditima (%),Procenat,5.87121
2010,NPL prema ukupnim kreditima (%),Procenat,11.42178
2011,NPL prema ukupnim kreditima (%),Procenat,11.79971
2012,NPL prema ukupnim kreditima (%),Procenat,13.46569
2013,NPL prema ukupnim kreditima (%),Procenat,15.11985
2014,NPL prema ukupnim kreditima (%),Procenat,14.16531
2015,NPL prema ukupnim kreditima (%),Procenat,13.70842
2016,NPL prema ukupnim kreditima (%),Procenat,11.77772
2017,NPL prema ukupnim kreditima (%),Procenat,10.04628
2018,NPL prema ukupnim kreditima (%),Procenat,8.770334
2019,NPL prema ukupnim kreditima (%),Procenat,7.41166
2020,NPL prema ukupnim kreditima (%),Procenat,6.1224
2021,NPL prema ukupnim kreditima (%),Procenat,5.7789
2000,Osnovni kapital prema ukupnom iznosu izloženosti riziku (%),Procenat,26.47587
2001,Osnovni kapital prema ukupnom iznosu izloženosti riziku (%),Procenat,22.35867
2002,Osnovni kapital prema ukupnom iznosu izloženosti riziku (%),Procenat,18.94798
2003,Osnovni kapital prema ukupnom iznosu izloženosti riziku (%),Procenat,15.92226
2004,Osnovni kapital prema ukupnom iznosu izloženosti riziku (%),Procenat,14.92504
2005,Osnovni kapital prema ukupnom iznosu izloženosti riziku (%),Procenat,13.67148
2006,Osnovni kapital prema ukupnom iznosu izloženosti riziku (%),Procenat,13.61705
2007,Osnovni kapital prema ukupnom iznosu izloženosti riziku (%),Procenat,12.59725
2008,Osnovni kapital prema ukupnom iznosu izloženosti riziku (%),Procenat,12.00377
2009,Osnovni kapital prema ukupnom iznosu izloženosti riziku (%),Procenat,12.39212
2010,Osnovni kapital prema ukupnom iznosu izloženosti riziku (%),Procenat,12.64014
2011,Osnovni kapital prema ukupnom iznosu izloženosti riziku (%),Procenat,13.56927
2012,Osnovni kapital prema ukupnom iznosu izloženosti riziku (%),Procenat,14.06259
2013,Osnovni kapital prema ukupnom iznosu izloženosti riziku (%),Procenat,15.23422
2014,Osnovni kapital prema ukupnom iznosu izloženosti riziku (%),Procenat,14.34523
2015,Osnovni kapital prema ukupnom iznosu izloženosti riziku (%),Procenat,13.76124
2016,Osnovni kapital prema ukupnom iznosu izloženosti riziku (%),Procenat,15.02839
2017,Osnovni kapital prema ukupnom iznosu izloženosti riziku (%),Procenat,14.76778
2018,Osnovni kapital prema ukupnom iznosu izloženosti riziku (%),Procenat,16.48705
2019,Osnovni kapital prema ukupnom iznosu izloženosti riziku (%),Procenat,17.47287
2020,Osnovni kapital prema ukupnom iznosu izloženosti riziku (%),Procenat,18.0835
2000,Kapital prema aktivi (%),Procenat,20.43923
2001,Kapital prema aktivi (%),Procenat,14.52766
2002,Kapital prema aktivi (%),Procenat,14.93297
2003,Kapital prema aktivi (%),Procenat,11.79346
2004,Kapital prema aktivi (%),Procenat,10.73723
2005,Kapital prema aktivi (%),Procenat,9.72961
2006,Kapital prema aktivi (%),Procenat,9.73689
2007,Kapital prema aktivi (%),Procenat,8.81781
2008,Kapital prema aktivi (%),Procenat,9.20405
2009,Kapital prema aktivi (%),Procenat,9.69789
2010,Kapital prema aktivi (%),Procenat,10.27702
2011,Kapital prema aktivi (%),Procenat,10.61361
2012,Kapital prema aktivi (%),Procenat,10.93375
2013,Kapital prema aktivi (%),Procenat,11.53761
2014,Kapital prema aktivi (%),Procenat,10.66636
2015,Kapital prema aktivi (%),Procenat,10.07751
2016,Kapital prema aktivi (%),Procenat,10.86116
2017,Kapital prema aktivi (%),Procenat,10.67599
2018,Kapital prema aktivi (%),Procenat,10.43046
2019,Kapital prema aktivi (%),Procenat,10.78633
2020,Kapital prema aktivi (%),Procenat,10.47051
2003,Povrat na aktivu (ROA) (%),Procenat,0.44729
2004,Povrat na aktivu (ROA) (%),Procenat,0.68858
2005,Povrat na aktivu (ROA) (%),Procenat,0.69402
2006,Povrat na aktivu (ROA) (%),Procenat,0.86978
2007,Povrat na aktivu (ROA) (%),Procenat,0.83502
2008,Povrat na aktivu (ROA) (%),Procenat,0.52437
2009,Povrat na aktivu (ROA) (%),Procenat,0.14323
2010,Povrat na aktivu (ROA) (%),Procenat,-0.50973
2011,Povrat na aktivu (ROA) (%),Procenat,0.77874
2012,Povrat na aktivu (ROA) (%),Procenat,0.71634
2013,Povrat na aktivu (ROA) (%),Procenat,-0.06861
2014,Povrat na aktivu (ROA) (%),Procenat,0.77246
2015,Povrat na aktivu (ROA) (%),Procenat,0.29679
2016,Povrat na aktivu (ROA) (%),Procenat,1.05432
2017,Povrat na aktivu (ROA) (%),Procenat,1.44967
2018,Povrat na aktivu (ROA) (%),Procenat,1.29306
2019,Povrat na aktivu (ROA) (%),Procenat,1.35167
2020,Povrat na aktivu (ROA) (%),Procenat,0.74568
