Year,SERIES,UNIT_MEASURE,Value
2000,Prosječan udio pokrivenih ključnih područja slatkovodne biološke raznolikosti prema zaštićenim područjima,Procenat,33.29165
2001,Prosječan udio pokrivenih ključnih područja slatkovodne biološke raznolikosti prema zaštićenim područjima,Procenat,33.29165
2002,Prosječan udio pokrivenih ključnih područja slatkovodne biološke raznolikosti prema zaštićenim područjima,Procenat,33.29165
2003,Prosječan udio pokrivenih ključnih područja slatkovodne biološke raznolikosti prema zaštićenim područjima,Procenat,33.29165
2004,Prosječan udio pokrivenih ključnih područja slatkovodne biološke raznolikosti prema zaštićenim područjima,Procenat,33.29165
2005,Prosječan udio pokrivenih ključnih područja slatkovodne biološke raznolikosti prema zaštićenim područjima,Procenat,33.29165
2006,Prosječan udio pokrivenih ključnih područja slatkovodne biološke raznolikosti prema zaštićenim područjima,Procenat,33.29165
2007,Prosječan udio pokrivenih ključnih područja slatkovodne biološke raznolikosti prema zaštićenim područjima,Procenat,66.62498
2008,Prosječan udio pokrivenih ključnih područja slatkovodne biološke raznolikosti prema zaštićenim područjima,Procenat,99.95832
2009,Prosječan udio pokrivenih ključnih područja slatkovodne biološke raznolikosti prema zaštićenim područjima,Procenat,99.95832
2010,Prosječan udio pokrivenih ključnih područja slatkovodne biološke raznolikosti prema zaštićenim područjima,Procenat,99.95832
2011,Prosječan udio pokrivenih ključnih područja slatkovodne biološke raznolikosti prema zaštićenim područjima,Procenat,99.95832
2012,Prosječan udio pokrivenih ključnih područja slatkovodne biološke raznolikosti prema zaštićenim područjima,Procenat,99.95832
2013,Prosječan udio pokrivenih ključnih područja slatkovodne biološke raznolikosti prema zaštićenim područjima,Procenat,99.95832
2014,Prosječan udio pokrivenih ključnih područja slatkovodne biološke raznolikosti prema zaštićenim područjima,Procenat,99.95832
2015,Prosječan udio pokrivenih ključnih područja slatkovodne biološke raznolikosti prema zaštićenim područjima,Procenat,99.95832
2016,Prosječan udio pokrivenih ključnih područja slatkovodne biološke raznolikosti prema zaštićenim područjima,Procenat,99.95832
2017,Prosječan udio pokrivenih ključnih područja slatkovodne biološke raznolikosti prema zaštićenim područjima,Procenat,99.95832
2018,Prosječan udio pokrivenih ključnih područja slatkovodne biološke raznolikosti prema zaštićenim područjima,Procenat,99.95832
2019,Prosječan udio pokrivenih ključnih područja slatkovodne biološke raznolikosti prema zaštićenim područjima,Procenat,99.95832
2020,Prosječan udio pokrivenih ključnih područja slatkovodne biološke raznolikosti prema zaštićenim područjima,Procenat,99.95832
2021,Prosječan udio pokrivenih ključnih područja slatkovodne biološke raznolikosti prema zaštićenim područjima,Procenat,99.95832
2000,Prosječan udio pokrivenih ključnih područja slatkovodne biološke raznolikosti prema zaštićenim područjima,Procenat,10.69048
2001,Prosječan udio pokrivenih ključnih područja slatkovodne biološke raznolikosti prema zaštićenim područjima,Procenat,10.69048
2002,Prosječan udio pokrivenih ključnih područja slatkovodne biološke raznolikosti prema zaštićenim područjima,Procenat,10.69048
2003,Prosječan udio pokrivenih ključnih područja slatkovodne biološke raznolikosti prema zaštićenim područjima,Procenat,10.69048
2004,Prosječan udio pokrivenih ključnih područja slatkovodne biološke raznolikosti prema zaštićenim područjima,Procenat,10.69048
2005,Prosječan udio pokrivenih ključnih područja slatkovodne biološke raznolikosti prema zaštićenim područjima,Procenat,10.69048
2006,Prosječan udio pokrivenih ključnih područja slatkovodne biološke raznolikosti prema zaštićenim područjima,Procenat,10.69048
2007,Prosječan udio pokrivenih ključnih područja slatkovodne biološke raznolikosti prema zaštićenim područjima,Procenat,19.78139
2008,Prosječan udio pokrivenih ključnih područja slatkovodne biološke raznolikosti prema zaštićenim područjima,Procenat,28.8723
2009,Prosječan udio pokrivenih ključnih područja slatkovodne biološke raznolikosti prema zaštićenim područjima,Procenat,28.8723
2010,Prosječan udio pokrivenih ključnih područja slatkovodne biološke raznolikosti prema zaštićenim područjima,Procenat,28.8723
2011,Prosječan udio pokrivenih ključnih područja slatkovodne biološke raznolikosti prema zaštićenim područjima,Procenat,28.99239
2012,Prosječan udio pokrivenih ključnih područja slatkovodne biološke raznolikosti prema zaštićenim područjima,Procenat,28.99239
2013,Prosječan udio pokrivenih ključnih područja slatkovodne biološke raznolikosti prema zaštićenim područjima,Procenat,28.99239
2014,Prosječan udio pokrivenih ključnih područja slatkovodne biološke raznolikosti prema zaštićenim područjima,Procenat,28.99239
2015,Prosječan udio pokrivenih ključnih područja slatkovodne biološke raznolikosti prema zaštićenim područjima,Procenat,28.99239
2016,Prosječan udio pokrivenih ključnih područja slatkovodne biološke raznolikosti prema zaštićenim područjima,Procenat,28.99239
2017,Prosječan udio pokrivenih ključnih područja slatkovodne biološke raznolikosti prema zaštićenim područjima,Procenat,28.99239
2018,Prosječan udio pokrivenih ključnih područja slatkovodne biološke raznolikosti prema zaštićenim područjima,Procenat,28.99239
2019,Prosječan udio pokrivenih ključnih područja slatkovodne biološke raznolikosti prema zaštićenim područjima,Procenat,28.99239
2020,Prosječan udio pokrivenih ključnih područja slatkovodne biološke raznolikosti prema zaštićenim područjima,Procenat,28.99239
2021,Prosječan udio pokrivenih ključnih područja slatkovodne biološke raznolikosti prema zaštićenim područjima,Procenat,28.99239
