Year,SERIES,UNIT_MEASURE,Unnamed: 4,Unnamed: 5,Unnamed: 6,Unnamed: 7,Unnamed: 8,Value
2014,Procenat lica starosti 16–74 godine koja su koristila internet u posljednja tri mjeseca,Procenat,,,,,,38.0
2015,Procenat lica starosti 16–74 godine koja su koristila internet u posljednja tri mjeseca,Procenat,,,,,,43.4
2016,Procenat lica starosti 16–74 godine koja su koristila internet u posljednja tri mjeseca,Procenat,,,,,,42.8
2017,Procenat lica starosti 16–74 godine koja su koristila internet u posljednja tri mjeseca,Procenat,,,,,,64.9
2018,Procenat lica starosti 16–74 godine koja su koristila internet u posljednja tri mjeseca,Procenat,,,,,,71.2
2019,Procenat lica starosti 16–74 godine koja su koristila internet u posljednja tri mjeseca,Procenat,,,,,,72.1
2020,Procenat lica starosti 16–74 godine koja su koristila internet u posljednja tri mjeseca,Procenat,,,,,,72.8
2021,Procenat lica starosti 16–74 godine koja su koristila internet u posljednja tri mjeseca,Procenat,,,,,,80.3
