Year,SERIES,UNIT_MEASURE,Value
2019,Stopa mortaliteta koja se pripisuje zagađenju okolnog zraka,Na 100 000 stanovnika,55
2019,Stopa smrtnosti koja se pripisuje zagađenjem zraka domaćinstava,Na 100 000 stanovnika,72
2019,Starosno standardizirana stopa smrtnosti koja se pripisuje zagađenju domaćinstva i okolnog zraka (umrli na 100 000 stanovnika),Na 100 000 stanovnika,114
2016,Stopa sirovog mortaliteta koja se pripisuje zagađenju okolnog zraka,Na 100 000 stanovnika,87
2016,Sirova stopa smrtnosti koja se pripisuje zagađenjem zraka domaćinstava,Na 100 000 stanovnika,85
2016,Stopa smrtnosti koja se pripisuje zagađenju domaćinstva i okolnog zraka,Na 100 000 stanovnika,159
