Year,SERIES,UNIT_MEASURE,COMPOSITE_BREAKDOWN,Value
2012,"Udio djece koja su razvojno na pravom putu u najmanje tri od sljedećih domena: pismenost-računanje, fizički razvoj, socijalno-emocionalni razvoj i učenje",Procenat,CHDEV_DOMAIN_00,98.3
2012,"Udio djece koja su razvojno na pravom putu u najmanje tri od sljedećih domena: pismenost-računanje, fizički razvoj, socijalno-emocionalni razvoj i učenje",Procenat,CHDEV_DOMAIN_01,99.1
2012,"Udio djece koja su razvojno na pravom putu u najmanje tri od sljedećih domena: pismenost-računanje, fizički razvoj, socijalno-emocionalni razvoj i učenje",Procenat,CHDEV_DOMAIN_02,98.6
2012,"Udio djece koja su razvojno na pravom putu u najmanje tri od sljedećih domena: pismenost-računanje, fizički razvoj, socijalno-emocionalni razvoj i učenje",Procenat,CHDEV_DOMAIN_03,100.0
2012,"Udio djece koja su razvojno na pravom putu u najmanje tri od sljedećih domena: pismenost-računanje, fizički razvoj, socijalno-emocionalni razvoj i učenje",Procenat,CHDEV_DOMAIN_04,20.1
