Year,SERIES,UNIT_MEASURE,COMPOSITE_BREAKDOWN,Value
2012,"Indeks ranog rasta i razvoja djece - procenat djece uzrasta 36–59 mjeseci koja su dostigla očekivani razvoj u bar tri sljedeća domena: pismenost, poznavanje brojeva, fizički razvoj, socijalno-emocionalni razvoj i učenje",Procenat,Indeks ranog rasta i razvoja djece,98.3
2012,"Indeks ranog rasta i razvoja djece - procenat djece uzrasta 36–59 mjeseci koja su dostigla očekivani razvoj u bar tri sljedeća domena: pismenost, poznavanje brojeva, fizički razvoj, socijalno-emocionalni razvoj i učenje",Procenat,Učenje,99.1
2012,"Indeks ranog rasta i razvoja djece - procenat djece uzrasta 36–59 mjeseci koja su dostigla očekivani razvoj u bar tri sljedeća domena: pismenost, poznavanje brojeva, fizički razvoj, socijalno-emocionalni razvoj i učenje",Procenat,Socijalno-emocionalni razvoj,98.6
2012,"Indeks ranog rasta i razvoja djece - procenat djece uzrasta 36–59 mjeseci koja su dostigla očekivani razvoj u bar tri sljedeća domena: pismenost, poznavanje brojeva, fizički razvoj, socijalno-emocionalni razvoj i učenje",Procenat,Fizički razvoj,100.0
2012,"Indeks ranog rasta i razvoja djece - procenat djece uzrasta 36–59 mjeseci koja su dostigla očekivani razvoj u bar tri sljedeća domena: pismenost, poznavanje brojeva, fizički razvoj, socijalno-emocionalni razvoj i učenje",Procenat,Pismenost/poznavanje brojeva,20.1
