Year,SERIES,UNIT_MEASURE,Pol,Value
2019,Procenat djece uzrasta pet godina obuhvaćene programom predškolskog vaspitanja i obrazovanja pred polazak u školu,Procenat,Oba pola ili bez podjele po polu,27.52321
2020,Procenat djece uzrasta pet godina obuhvaćene programom predškolskog vaspitanja i obrazovanja pred polazak u školu,Procenat,Oba pola ili bez podjele po polu,29.34612
2019,Procenat djece uzrasta pet godina obuhvaćene programom predškolskog vaspitanja i obrazovanja pred polazak u školu,Procenat,Žene,27.12233
2020,Procenat djece uzrasta pet godina obuhvaćene programom predškolskog vaspitanja i obrazovanja pred polazak u školu,Procenat,Žene,28.59121
2019,Procenat djece uzrasta pet godina obuhvaćene programom predškolskog vaspitanja i obrazovanja pred polazak u školu,Procenat,Muškarci,27.90273
2020,Procenat djece uzrasta pet godina obuhvaćene programom predškolskog vaspitanja i obrazovanja pred polazak u školu,Procenat,Muškarci,30.0612
