Year,SERIES,UNIT_MEASURE,Pol,COMPOSITE_BREAKDOWN,Value
2017,Udio mladih i odraslih sa vještinama u informacionim i komunikacionim tehnologijama (IKT),Procenat,Oba pola ili bez podjele po polu,Korištenje osnovne aritmetičke formule u proračunskoj tabeli,9.16614
2019,Udio mladih i odraslih sa vještinama u informacionim i komunikacionim tehnologijama (IKT),Procenat,Oba pola ili bez podjele po polu,Korištenje osnovne aritmetičke formule u proračunskoj tabeli,7.52968
2017,Udio mladih i odraslih sa vještinama u informacionim i komunikacionim tehnologijama (IKT),Procenat,Oba pola ili bez podjele po polu,Kopiranje ili premještanje datoteke ili mape,59.63432
2019,Udio mladih i odraslih sa vještinama u informacionim i komunikacionim tehnologijama (IKT),Procenat,Oba pola ili bez podjele po polu,Kopiranje ili premještanje datoteke ili mape,44.59803
2017,Udio mladih i odraslih sa vještinama u informacionim i komunikacionim tehnologijama (IKT),Procenat,Oba pola ili bez podjele po polu,Korišćenje alata kopiranja i lijepljenja za dupliranje ili premještanje podataka unutar dokumenta,28.14609
2019,Udio mladih i odraslih sa vještinama u informacionim i komunikacionim tehnologijama (IKT),Procenat,Oba pola ili bez podjele po polu,Korišćenje alata kopiranja i lijepljenja za dupliranje ili premještanje podataka unutar dokumenta,22.46445
2019,Udio mladih i odraslih sa vještinama u informacionim i komunikacionim tehnologijama (IKT),Procenat,Oba pola ili bez podjele po polu,Slanje e-pošte s priloženim datotekama,30.09595
2017,Udio mladih i odraslih sa vještinama u informacionim i komunikacionim tehnologijama (IKT),Procenat,Oba pola ili bez podjele po polu,Izrada elektronskih prezentacija pomoću softvera za prezentacije,12.45847
2019,Udio mladih i odraslih sa vještinama u informacionim i komunikacionim tehnologijama (IKT),Procenat,Oba pola ili bez podjele po polu,Izrada elektronskih prezentacija pomoću softvera za prezentacije,11.0905
2017,Udio mladih i odraslih sa vještinama u informacionim i komunikacionim tehnologijama (IKT),Procenat,Oba pola ili bez podjele po polu,SKILL_ICTPCPR,2.08691
2019,Udio mladih i odraslih sa vještinama u informacionim i komunikacionim tehnologijama (IKT),Procenat,Oba pola ili bez podjele po polu,SKILL_ICTPCPR,2.13639
2017,Udio mladih i odraslih sa vještinama u informacionim i komunikacionim tehnologijama (IKT),Procenat,Oba pola ili bez podjele po polu,"Pronalaženje, preuzimanje, instaliranje i konfigurisanje softvera",22.29269
2017,Udio mladih i odraslih sa vještinama u informacionim i komunikacionim tehnologijama (IKT),Procenat,Oba pola ili bez podjele po polu,Prijenos datoteka između računara i drugih uređaja,59.74172
2019,Udio mladih i odraslih sa vještinama u informacionim i komunikacionim tehnologijama (IKT),Procenat,Oba pola ili bez podjele po polu,Prijenos datoteka između računara i drugih uređaja,49.02722
2017,Udio mladih i odraslih sa vještinama u informacionim i komunikacionim tehnologijama (IKT),Procenat,Žene,Korištenje osnovne aritmetičke formule u proračunskoj tabeli,9.29936
2019,Udio mladih i odraslih sa vještinama u informacionim i komunikacionim tehnologijama (IKT),Procenat,Žene,Korištenje osnovne aritmetičke formule u proračunskoj tabeli,6.28157
2017,Udio mladih i odraslih sa vještinama u informacionim i komunikacionim tehnologijama (IKT),Procenat,Žene,Kopiranje ili premještanje datoteke ili mape,57.95128
2019,Udio mladih i odraslih sa vještinama u informacionim i komunikacionim tehnologijama (IKT),Procenat,Žene,Kopiranje ili premještanje datoteke ili mape,43.36247
2017,Udio mladih i odraslih sa vještinama u informacionim i komunikacionim tehnologijama (IKT),Procenat,Žene,Korišćenje alata kopiranja i lijepljenja za dupliranje ili premještanje podataka unutar dokumenta,25.87817
2019,Udio mladih i odraslih sa vještinama u informacionim i komunikacionim tehnologijama (IKT),Procenat,Žene,Korišćenje alata kopiranja i lijepljenja za dupliranje ili premještanje podataka unutar dokumenta,19.28883
2019,Udio mladih i odraslih sa vještinama u informacionim i komunikacionim tehnologijama (IKT),Procenat,Žene,Slanje e-pošte s priloženim datotekama,26.12795
2017,Udio mladih i odraslih sa vještinama u informacionim i komunikacionim tehnologijama (IKT),Procenat,Žene,Izrada elektronskih prezentacija pomoću softvera za prezentacije,10.67309
2019,Udio mladih i odraslih sa vještinama u informacionim i komunikacionim tehnologijama (IKT),Procenat,Žene,Izrada elektronskih prezentacija pomoću softvera za prezentacije,9.24555
2017,Udio mladih i odraslih sa vještinama u informacionim i komunikacionim tehnologijama (IKT),Procenat,Žene,SKILL_ICTPCPR,1.0229
2019,Udio mladih i odraslih sa vještinama u informacionim i komunikacionim tehnologijama (IKT),Procenat,Žene,SKILL_ICTPCPR,0.98752
2017,Udio mladih i odraslih sa vještinama u informacionim i komunikacionim tehnologijama (IKT),Procenat,Žene,"Pronalaženje, preuzimanje, instaliranje i konfigurisanje softvera",19.90068
2017,Udio mladih i odraslih sa vještinama u informacionim i komunikacionim tehnologijama (IKT),Procenat,Žene,Prijenos datoteka između računara i drugih uređaja,56.43204
2019,Udio mladih i odraslih sa vještinama u informacionim i komunikacionim tehnologijama (IKT),Procenat,Žene,Prijenos datoteka između računara i drugih uređaja,46.93722
2017,Udio mladih i odraslih sa vještinama u informacionim i komunikacionim tehnologijama (IKT),Procenat,Muškarci,Korištenje osnovne aritmetičke formule u proračunskoj tabeli,9.01728
2019,Udio mladih i odraslih sa vještinama u informacionim i komunikacionim tehnologijama (IKT),Procenat,Muškarci,Korištenje osnovne aritmetičke formule u proračunskoj tabeli,8.9678
2017,Udio mladih i odraslih sa vještinama u informacionim i komunikacionim tehnologijama (IKT),Procenat,Muškarci,Kopiranje ili premještanje datoteke ili mape,61.51488
2019,Udio mladih i odraslih sa vještinama u informacionim i komunikacionim tehnologijama (IKT),Procenat,Muškarci,Kopiranje ili premještanje datoteke ili mape,46.02169
2017,Udio mladih i odraslih sa vještinama u informacionim i komunikacionim tehnologijama (IKT),Procenat,Muškarci,Korišćenje alata kopiranja i lijepljenja za dupliranje ili premještanje podataka unutar dokumenta,30.68018
2019,Udio mladih i odraslih sa vještinama u informacionim i komunikacionim tehnologijama (IKT),Procenat,Muškarci,Korišćenje alata kopiranja i lijepljenja za dupliranje ili premještanje podataka unutar dokumenta,26.12354
2019,Udio mladih i odraslih sa vještinama u informacionim i komunikacionim tehnologijama (IKT),Procenat,Muškarci,Slanje e-pošte s priloženim datotekama,34.66806
2017,Udio mladih i odraslih sa vještinama u informacionim i komunikacionim tehnologijama (IKT),Procenat,Muškarci,Izrada elektronskih prezentacija pomoću softvera za prezentacije,14.45337
2019,Udio mladih i odraslih sa vještinama u informacionim i komunikacionim tehnologijama (IKT),Procenat,Muškarci,Izrada elektronskih prezentacija pomoću softvera za prezentacije,13.21634
2017,Udio mladih i odraslih sa vještinama u informacionim i komunikacionim tehnologijama (IKT),Procenat,Muškarci,SKILL_ICTPCPR,3.27579
2019,Udio mladih i odraslih sa vještinama u informacionim i komunikacionim tehnologijama (IKT),Procenat,Muškarci,SKILL_ICTPCPR,3.46017
2017,Udio mladih i odraslih sa vještinama u informacionim i komunikacionim tehnologijama (IKT),Procenat,Muškarci,"Pronalaženje, preuzimanje, instaliranje i konfigurisanje softvera",24.96542
2017,Udio mladih i odraslih sa vještinama u informacionim i komunikacionim tehnologijama (IKT),Procenat,Muškarci,Prijenos datoteka između računara i drugih uređaja,63.43982
2019,Udio mladih i odraslih sa vještinama u informacionim i komunikacionim tehnologijama (IKT),Procenat,Muškarci,Prijenos datoteka između računara i drugih uređaja,51.43541
