Year,SERIES,UNIT_MEASURE,Pol,COMPOSITE_BREAKDOWN,Value
2018,"Udio žena starosti 18–74 godine koje su bile izložene fizičkom i seksualnom nasilju od strane osoba koje nisu njihov bliski partner, u proteklih 12 mjeseci (%)",Procenat,Žene,Fizičko nasilje,2
2018,"Udio žena starosti 18–74 godine koje su bile izložene fizičkom i seksualnom nasilju od strane osoba koje nisu njihov bliski partner, u proteklih 12 mjeseci (%)",Procenat,Žene,Seksualno nasilje,0
2018,"Udio žena starosti 18–74 godine koje su bile izložene fizičkom i seksualnom nasilju od strane osoba koje nisu njihov bliski partner, od 15. godine života (%)",Procenat,Žene,Fizičko nasilje,7
2018,"Udio žena starosti 18–74 godine koje su bile izložene fizičkom i seksualnom nasilju od strane osoba koje nisu njihov bliski partner, od 15. godine života (%)",Procenat,Žene,Seksualno nasilje,2
