Year,SERIES,UNIT_MEASURE,Djelatnost,Stepen urbanizacije,Value
2020,Udio sigurno prečišćenih protoka otpadnih voda iz domaćinstva,Procenat,,,46.7966
2015,Udio pročišćenih otpadnih voda prema djelatnosti i lokaciji (%),Procenat,Industrije,Ukupno,100.0
2015,Udio pročišćenih otpadnih voda prema djelatnosti i lokaciji (%),Procenat,Bez podjele,Ukupno,54.3595
2015,Ukupna generisana otpadna voda (milion m3/godišnje),Milion kubnih metara godišnje,Industrije,Ukupno,8.6
2015,Ukupna generisana otpadna voda (milion m3/godišnje),Milion kubnih metara godišnje,"Poljoprivreda, šumarstvo i ribolov",Ukupno,0.5
2015,Ukupna generisana otpadna voda (milion m3/godišnje),Milion kubnih metara godišnje,Prerađivačka industrija,Ukupno,8.6
2015,Ukupna generisana otpadna voda (milion m3/godišnje),Milion kubnih metara godišnje,Privatna domaćinstva,Ukupno,70.0
2015,Ukupna generisana otpadna voda (milion m3/godišnje),Milion kubnih metara godišnje,Usluge i aktivnosti domaćinstava,Ukupno,84.0
2015,Ukupna generisana otpadna voda (milion m3/godišnje),Milion kubnih metara godišnje,Usluge,Ukupno,13.8
2015,Ukupna generisana otpadna voda (milion m3/godišnje),Milion kubnih metara godišnje,Bez podjele,Ukupno,92.9
2015,Ukupna prečišćena otpadna voda (milion m3/godišnje),Milion kubnih metara godišnje,Industrije,Ukupno,45.8
2015,Ukupna prečišćena otpadna voda (milion m3/godišnje),Milion kubnih metara godišnje,Bez podjele,Ukupno,50.5
