Year,SERIES,UNIT_MEASURE,Djelatnost,Value
2017,Efikasnost upotrebe vode (u američkim dolarima po kubnom metru),USD/m3,Industrije,46.05902
2018,Efikasnost upotrebe vode (u američkim dolarima po kubnom metru),USD/m3,Industrije,43.40114
2019,Efikasnost upotrebe vode (u američkim dolarima po kubnom metru),USD/m3,Industrije,72.97611
2017,Efikasnost upotrebe vode (u američkim dolarima po kubnom metru),USD/m3,Usluge (G do T),28.93954
2018,Efikasnost upotrebe vode (u američkim dolarima po kubnom metru),USD/m3,Usluge (G do T),33.87362
2019,Efikasnost upotrebe vode (u američkim dolarima po kubnom metru),USD/m3,Usluge (G do T),35.06756
