Year,SERIES,UNIT_MEASURE,COMPOSITE_BREAKDOWN,Unnamed: 5,Unnamed: 6,Unnamed: 7,Unnamed: 8,Unnamed: 9,Unnamed: 10,Unnamed: 11,Unnamed: 12,Unnamed: 13,Unnamed: 14,Unnamed: 15,Unnamed: 16,Unnamed: 17,Unnamed: 18,Unnamed: 19,Unnamed: 20,Unnamed: 21,Unnamed: 22,Value
2009,Obim putnika (putnički kilometri),Hiljade,Bez podjele,,,,,,,,,,,,,,,,,,,29026
2010,Obim putnika (putnički kilometri),Hiljade,Bez podjele,,,,,,,,,,,,,,,,,,,30901
2011,Obim putnika (putnički kilometri),Hiljade,Bez podjele,,,,,,,,,,,,,,,,,,,32488
2012,Obim putnika (putnički kilometri),Hiljade,Bez podjele,,,,,,,,,,,,,,,,,,,32933
2013,Obim putnika (putnički kilometri),Hiljade,Bez podjele,,,,,,,,,,,,,,,,,,,31686
2014,Obim putnika (putnički kilometri),Hiljade,Bez podjele,,,,,,,,,,,,,,,,,,,31554
2015,Obim putnika (putnički kilometri),Hiljade,Bez podjele,,,,,,,,,,,,,,,,,,,29745
2016,Obim putnika (putnički kilometri),Hiljade,Bez podjele,,,,,,,,,,,,,,,,,,,28637
2017,Obim putnika (putnički kilometri),Hiljade,Bez podjele,,,,,,,,,,,,,,,,,,,29451
2018,Obim putnika (putnički kilometri),Hiljade,Bez podjele,,,,,,,,,,,,,,,,,,,27806
2019,Obim putnika (putnički kilometri),Hiljade,Bez podjele,,,,,,,,,,,,,,,,,,,25726
2020,Obim putnika (putnički kilometri),Hiljade,Bez podjele,,,,,,,,,,,,,,,,,,,13543
2021,Obim putnika (putnički kilometri),Hiljade,Bez podjele,,,,,,,,,,,,,,,,,,,15005
2009,Obim putnika (putnički kilometri),Hiljade,Željeznički,,,,,,,,,,,,,,,,,,,448
2010,Obim putnika (putnički kilometri),Hiljade,Željeznički,,,,,,,,,,,,,,,,,,,402
2011,Obim putnika (putnički kilometri),Hiljade,Željeznički,,,,,,,,,,,,,,,,,,,317
2012,Obim putnika (putnički kilometri),Hiljade,Željeznički,,,,,,,,,,,,,,,,,,,321
2013,Obim putnika (putnički kilometri),Hiljade,Željeznički,,,,,,,,,,,,,,,,,,,211
2014,Obim putnika (putnički kilometri),Hiljade,Željeznički,,,,,,,,,,,,,,,,,,,173
2015,Obim putnika (putnički kilometri),Hiljade,Željeznički,,,,,,,,,,,,,,,,,,,178
2016,Obim putnika (putnički kilometri),Hiljade,Željeznički,,,,,,,,,,,,,,,,,,,160
2017,Obim putnika (putnički kilometri),Hiljade,Željeznički,,,,,,,,,,,,,,,,,,,117
2018,Obim putnika (putnički kilometri),Hiljade,Željeznički,,,,,,,,,,,,,,,,,,,137
2019,Obim putnika (putnički kilometri),Hiljade,Željeznički,,,,,,,,,,,,,,,,,,,160
2020,Obim putnika (putnički kilometri),Hiljade,Željeznički,,,,,,,,,,,,,,,,,,,58
2021,Obim putnika (putnički kilometri),Hiljade,Željeznički,,,,,,,,,,,,,,,,,,,60
2009,Obim putnika (putnički kilometri),Hiljade,Cestovni,,,,,,,,,,,,,,,,,,,28578
2010,Obim putnika (putnički kilometri),Hiljade,Cestovni,,,,,,,,,,,,,,,,,,,30499
2011,Obim putnika (putnički kilometri),Hiljade,Cestovni,,,,,,,,,,,,,,,,,,,32171
2012,Obim putnika (putnički kilometri),Hiljade,Cestovni,,,,,,,,,,,,,,,,,,,32612
2013,Obim putnika (putnički kilometri),Hiljade,Cestovni,,,,,,,,,,,,,,,,,,,31745
2014,Obim putnika (putnički kilometri),Hiljade,Cestovni,,,,,,,,,,,,,,,,,,,31381
2015,Obim putnika (putnički kilometri),Hiljade,Cestovni,,,,,,,,,,,,,,,,,,,29567
2016,Obim putnika (putnički kilometri),Hiljade,Cestovni,,,,,,,,,,,,,,,,,,,28477
2017,Obim putnika (putnički kilometri),Hiljade,Cestovni,,,,,,,,,,,,,,,,,,,29334
2018,Obim putnika (putnički kilometri),Hiljade,Cestovni,,,,,,,,,,,,,,,,,,,27670
2019,Obim putnika (putnički kilometri),Hiljade,Cestovni,,,,,,,,,,,,,,,,,,,25566
2020,Obim putnika (putnički kilometri),Hiljade,Cestovni,,,,,,,,,,,,,,,,,,,13485
2021,Obim putnika (putnički kilometri),Hiljade,Cestovni,,,,,,,,,,,,,,,,,,,14945
2009,Obim putnika (putnički kilometri),P_KM_MIL,Bez podjele,,,,,,,,,,,,,,,,,,,477
2010,Obim putnika (putnički kilometri),P_KM_MIL,Bez podjele,,,,,,,,,,,,,,,,,,,474
2011,Obim putnika (putnički kilometri),P_KM_MIL,Bez podjele,,,,,,,,,,,,,,,,,,,480
2012,Obim putnika (putnički kilometri),P_KM_MIL,Bez podjele,,,,,,,,,,,,,,,,,,,586
2013,Obim putnika (putnički kilometri),P_KM_MIL,Bez podjele,,,,,,,,,,,,,,,,,,,472
2014,Obim putnika (putnički kilometri),P_KM_MIL,Bez podjele,,,,,,,,,,,,,,,,,,,444
2015,Obim putnika (putnički kilometri),P_KM_MIL,Bez podjele,,,,,,,,,,,,,,,,,,,418
2016,Obim putnika (putnički kilometri),P_KM_MIL,Bez podjele,,,,,,,,,,,,,,,,,,,396
2017,Obim putnika (putnički kilometri),P_KM_MIL,Bez podjele,,,,,,,,,,,,,,,,,,,425
2018,Obim putnika (putnički kilometri),P_KM_MIL,Bez podjele,,,,,,,,,,,,,,,,,,,379
2019,Obim putnika (putnički kilometri),P_KM_MIL,Bez podjele,,,,,,,,,,,,,,,,,,,353
2020,Obim putnika (putnički kilometri),P_KM_MIL,Bez podjele,,,,,,,,,,,,,,,,,,,180
2021,Obim putnika (putnički kilometri),P_KM_MIL,Bez podjele,,,,,,,,,,,,,,,,,,,239
2009,Obim putnika (putnički kilometri),P_KM_MIL,Željeznički,,,,,,,,,,,,,,,,,,,27
2010,Obim putnika (putnički kilometri),P_KM_MIL,Željeznički,,,,,,,,,,,,,,,,,,,25
2011,Obim putnika (putnički kilometri),P_KM_MIL,Željeznički,,,,,,,,,,,,,,,,,,,22
2012,Obim putnika (putnički kilometri),P_KM_MIL,Željeznički,,,,,,,,,,,,,,,,,,,23
2013,Obim putnika (putnički kilometri),P_KM_MIL,Željeznički,,,,,,,,,,,,,,,,,,,15
2014,Obim putnika (putnički kilometri),P_KM_MIL,Željeznički,,,,,,,,,,,,,,,,,,,12
2015,Obim putnika (putnički kilometri),P_KM_MIL,Željeznički,,,,,,,,,,,,,,,,,,,13
2016,Obim putnika (putnički kilometri),P_KM_MIL,Željeznički,,,,,,,,,,,,,,,,,,,11
2017,Obim putnika (putnički kilometri),P_KM_MIL,Željeznički,,,,,,,,,,,,,,,,,,,7
2018,Obim putnika (putnički kilometri),P_KM_MIL,Željeznički,,,,,,,,,,,,,,,,,,,9
2019,Obim putnika (putnički kilometri),P_KM_MIL,Željeznički,,,,,,,,,,,,,,,,,,,15
2020,Obim putnika (putnički kilometri),P_KM_MIL,Željeznički,,,,,,,,,,,,,,,,,,,4
2021,Obim putnika (putnički kilometri),P_KM_MIL,Željeznički,,,,,,,,,,,,,,,,,,,3
2009,Obim putnika (putnički kilometri),P_KM_MIL,Cestovni,,,,,,,,,,,,,,,,,,,450
2010,Obim putnika (putnički kilometri),P_KM_MIL,Cestovni,,,,,,,,,,,,,,,,,,,449
2011,Obim putnika (putnički kilometri),P_KM_MIL,Cestovni,,,,,,,,,,,,,,,,,,,458
2012,Obim putnika (putnički kilometri),P_KM_MIL,Cestovni,,,,,,,,,,,,,,,,,,,563
2013,Obim putnika (putnički kilometri),P_KM_MIL,Cestovni,,,,,,,,,,,,,,,,,,,457
2014,Obim putnika (putnički kilometri),P_KM_MIL,Cestovni,,,,,,,,,,,,,,,,,,,432
2015,Obim putnika (putnički kilometri),P_KM_MIL,Cestovni,,,,,,,,,,,,,,,,,,,405
2016,Obim putnika (putnički kilometri),P_KM_MIL,Cestovni,,,,,,,,,,,,,,,,,,,385
2017,Obim putnika (putnički kilometri),P_KM_MIL,Cestovni,,,,,,,,,,,,,,,,,,,418
2018,Obim putnika (putnički kilometri),P_KM_MIL,Cestovni,,,,,,,,,,,,,,,,,,,370
2019,Obim putnika (putnički kilometri),P_KM_MIL,Cestovni,,,,,,,,,,,,,,,,,,,342
2020,Obim putnika (putnički kilometri),P_KM_MIL,Cestovni,,,,,,,,,,,,,,,,,,,176
2021,Obim putnika (putnički kilometri),P_KM_MIL,Cestovni,,,,,,,,,,,,,,,,,,,236
2009,Obim tereta (tonski kilometri),OOOt,Bez podjele,,,,,,,,,,,,,,,,,,,5498
2010,Obim tereta (tonski kilometri),OOOt,Bez podjele,,,,,,,,,,,,,,,,,,,6534
2011,Obim tereta (tonski kilometri),OOOt,Bez podjele,,,,,,,,,,,,,,,,,,,6932
2012,Obim tereta (tonski kilometri),OOOt,Bez podjele,,,,,,,,,,,,,,,,,,,7435
2013,Obim tereta (tonski kilometri),OOOt,Bez podjele,,,,,,,,,,,,,,,,,,,7635
2014,Obim tereta (tonski kilometri),OOOt,Bez podjele,,,,,,,,,,,,,,,,,,,7674
2015,Obim tereta (tonski kilometri),OOOt,Bez podjele,,,,,,,,,,,,,,,,,,,8711
2016,Obim tereta (tonski kilometri),OOOt,Bez podjele,,,,,,,,,,,,,,,,,,,7938
2017,Obim tereta (tonski kilometri),OOOt,Bez podjele,,,,,,,,,,,,,,,,,,,8549
2018,Obim tereta (tonski kilometri),OOOt,Bez podjele,,,,,,,,,,,,,,,,,,,8753
2019,Obim tereta (tonski kilometri),OOOt,Bez podjele,,,,,,,,,,,,,,,,,,,7507
2020,Obim tereta (tonski kilometri),OOOt,Bez podjele,,,,,,,,,,,,,,,,,,,6780
2021,Obim tereta (tonski kilometri),OOOt,Bez podjele,,,,,,,,,,,,,,,,,,,7805
2009,Obim tereta (tonski kilometri),OOOt,Željeznički,,,,,,,,,,,,,,,,,,,4101
2010,Obim tereta (tonski kilometri),OOOt,Željeznički,,,,,,,,,,,,,,,,,,,5087
2011,Obim tereta (tonski kilometri),OOOt,Željeznički,,,,,,,,,,,,,,,,,,,5191
2012,Obim tereta (tonski kilometri),OOOt,Željeznički,,,,,,,,,,,,,,,,,,,5372
2013,Obim tereta (tonski kilometri),OOOt,Željeznički,,,,,,,,,,,,,,,,,,,5191
2014,Obim tereta (tonski kilometri),OOOt,Željeznički,,,,,,,,,,,,,,,,,,,5009
2015,Obim tereta (tonski kilometri),OOOt,Željeznički,,,,,,,,,,,,,,,,,,,4964
2016,Obim tereta (tonski kilometri),OOOt,Željeznički,,,,,,,,,,,,,,,,,,,4416
2017,Obim tereta (tonski kilometri),OOOt,Željeznički,,,,,,,,,,,,,,,,,,,4529
2018,Obim tereta (tonski kilometri),OOOt,Željeznički,,,,,,,,,,,,,,,,,,,4569
2019,Obim tereta (tonski kilometri),OOOt,Željeznički,,,,,,,,,,,,,,,,,,,4567
2020,Obim tereta (tonski kilometri),OOOt,Željeznički,,,,,,,,,,,,,,,,,,,3798
2021,Obim tereta (tonski kilometri),OOOt,Željeznički,,,,,,,,,,,,,,,,,,,4385
2009,Obim tereta (tonski kilometri),OOOt,Cestovni,,,,,,,,,,,,,,,,,,,1397
2010,Obim tereta (tonski kilometri),OOOt,Cestovni,,,,,,,,,,,,,,,,,,,1447
2011,Obim tereta (tonski kilometri),OOOt,Cestovni,,,,,,,,,,,,,,,,,,,1741
2012,Obim tereta (tonski kilometri),OOOt,Cestovni,,,,,,,,,,,,,,,,,,,2063
2013,Obim tereta (tonski kilometri),OOOt,Cestovni,,,,,,,,,,,,,,,,,,,2444
2014,Obim tereta (tonski kilometri),OOOt,Cestovni,,,,,,,,,,,,,,,,,,,2665
2015,Obim tereta (tonski kilometri),OOOt,Cestovni,,,,,,,,,,,,,,,,,,,3747
2016,Obim tereta (tonski kilometri),OOOt,Cestovni,,,,,,,,,,,,,,,,,,,3522
2017,Obim tereta (tonski kilometri),OOOt,Cestovni,,,,,,,,,,,,,,,,,,,4020
2018,Obim tereta (tonski kilometri),OOOt,Cestovni,,,,,,,,,,,,,,,,,,,4184
2019,Obim tereta (tonski kilometri),OOOt,Cestovni,,,,,,,,,,,,,,,,,,,2940
2020,Obim tereta (tonski kilometri),OOOt,Cestovni,,,,,,,,,,,,,,,,,,,2982
2021,Obim tereta (tonski kilometri),OOOt,Cestovni,,,,,,,,,,,,,,,,,,,3420
2009,Obim tereta (tonski kilometri),T_KM_MIL,Bez podjele,,,,,,,,,,,,,,,,,,,947
2010,Obim tereta (tonski kilometri),T_KM_MIL,Bez podjele,,,,,,,,,,,,,,,,,,,1076
2011,Obim tereta (tonski kilometri),T_KM_MIL,Bez podjele,,,,,,,,,,,,,,,,,,,1431
2012,Obim tereta (tonski kilometri),T_KM_MIL,Bez podjele,,,,,,,,,,,,,,,,,,,1399
2013,Obim tereta (tonski kilometri),T_KM_MIL,Bez podjele,,,,,,,,,,,,,,,,,,,1556
2014,Obim tereta (tonski kilometri),T_KM_MIL,Bez podjele,,,,,,,,,,,,,,,,,,,1651
2015,Obim tereta (tonski kilometri),T_KM_MIL,Bez podjele,,,,,,,,,,,,,,,,,,,1768
2016,Obim tereta (tonski kilometri),T_KM_MIL,Bez podjele,,,,,,,,,,,,,,,,,,,1723
2017,Obim tereta (tonski kilometri),T_KM_MIL,Bez podjele,,,,,,,,,,,,,,,,,,,1931
2018,Obim tereta (tonski kilometri),T_KM_MIL,Bez podjele,,,,,,,,,,,,,,,,,,,1877
2019,Obim tereta (tonski kilometri),T_KM_MIL,Bez podjele,,,,,,,,,,,,,,,,,,,1881
2020,Obim tereta (tonski kilometri),T_KM_MIL,Bez podjele,,,,,,,,,,,,,,,,,,,1709
2021,Obim tereta (tonski kilometri),T_KM_MIL,Bez podjele,,,,,,,,,,,,,,,,,,,1846
2009,Obim tereta (tonski kilometri),T_KM_MIL,Željeznički,,,,,,,,,,,,,,,,,,,327
2010,Obim tereta (tonski kilometri),T_KM_MIL,Željeznički,,,,,,,,,,,,,,,,,,,387
2011,Obim tereta (tonski kilometri),T_KM_MIL,Željeznički,,,,,,,,,,,,,,,,,,,425
2012,Obim tereta (tonski kilometri),T_KM_MIL,Željeznički,,,,,,,,,,,,,,,,,,,457
2013,Obim tereta (tonski kilometri),T_KM_MIL,Željeznički,,,,,,,,,,,,,,,,,,,455
2014,Obim tereta (tonski kilometri),T_KM_MIL,Željeznički,,,,,,,,,,,,,,,,,,,428
2015,Obim tereta (tonski kilometri),T_KM_MIL,Željeznički,,,,,,,,,,,,,,,,,,,450
2016,Obim tereta (tonski kilometri),T_KM_MIL,Željeznički,,,,,,,,,,,,,,,,,,,374
2017,Obim tereta (tonski kilometri),T_KM_MIL,Željeznički,,,,,,,,,,,,,,,,,,,386
2018,Obim tereta (tonski kilometri),T_KM_MIL,Željeznički,,,,,,,,,,,,,,,,,,,372
2019,Obim tereta (tonski kilometri),T_KM_MIL,Željeznički,,,,,,,,,,,,,,,,,,,403
2020,Obim tereta (tonski kilometri),T_KM_MIL,Željeznički,,,,,,,,,,,,,,,,,,,363
2021,Obim tereta (tonski kilometri),T_KM_MIL,Željeznički,,,,,,,,,,,,,,,,,,,380
2009,Obim tereta (tonski kilometri),T_KM_MIL,Cestovni,,,,,,,,,,,,,,,,,,,620
2010,Obim tereta (tonski kilometri),T_KM_MIL,Cestovni,,,,,,,,,,,,,,,,,,,689
2011,Obim tereta (tonski kilometri),T_KM_MIL,Cestovni,,,,,,,,,,,,,,,,,,,1006
2012,Obim tereta (tonski kilometri),T_KM_MIL,Cestovni,,,,,,,,,,,,,,,,,,,942
2013,Obim tereta (tonski kilometri),T_KM_MIL,Cestovni,,,,,,,,,,,,,,,,,,,1101
2014,Obim tereta (tonski kilometri),T_KM_MIL,Cestovni,,,,,,,,,,,,,,,,,,,1223
2015,Obim tereta (tonski kilometri),T_KM_MIL,Cestovni,,,,,,,,,,,,,,,,,,,1318
2016,Obim tereta (tonski kilometri),T_KM_MIL,Cestovni,,,,,,,,,,,,,,,,,,,1341
2017,Obim tereta (tonski kilometri),T_KM_MIL,Cestovni,,,,,,,,,,,,,,,,,,,1545
2018,Obim tereta (tonski kilometri),T_KM_MIL,Cestovni,,,,,,,,,,,,,,,,,,,1505
2019,Obim tereta (tonski kilometri),T_KM_MIL,Cestovni,,,,,,,,,,,,,,,,,,,1477
2020,Obim tereta (tonski kilometri),T_KM_MIL,Cestovni,,,,,,,,,,,,,,,,,,,1346
2021,Obim tereta (tonski kilometri),T_KM_MIL,Cestovni,,,,,,,,,,,,,,,,,,,1466
