Year,SERIES,UNIT_MEASURE,Value
2000,Udio dodate vrijednosti srednje i visokotehnološke industrije u odnosu na ukupnu dodatnu vrijednost,Procenat,29.17
2001,Udio dodate vrijednosti srednje i visokotehnološke industrije u odnosu na ukupnu dodatnu vrijednost,Procenat,16.14
2002,Udio dodate vrijednosti srednje i visokotehnološke industrije u odnosu na ukupnu dodatnu vrijednost,Procenat,16.14
2003,Udio dodate vrijednosti srednje i visokotehnološke industrije u odnosu na ukupnu dodatnu vrijednost,Procenat,16.14
2004,Udio dodate vrijednosti srednje i visokotehnološke industrije u odnosu na ukupnu dodatnu vrijednost,Procenat,16.14
2005,Udio dodate vrijednosti srednje i visokotehnološke industrije u odnosu na ukupnu dodatnu vrijednost,Procenat,16.14
2006,Udio dodate vrijednosti srednje i visokotehnološke industrije u odnosu na ukupnu dodatnu vrijednost,Procenat,16.14
2007,Udio dodate vrijednosti srednje i visokotehnološke industrije u odnosu na ukupnu dodatnu vrijednost,Procenat,16.14
2008,Udio dodate vrijednosti srednje i visokotehnološke industrije u odnosu na ukupnu dodatnu vrijednost,Procenat,16.14
2009,Udio dodate vrijednosti srednje i visokotehnološke industrije u odnosu na ukupnu dodatnu vrijednost,Procenat,16.14
2010,Udio dodate vrijednosti srednje i visokotehnološke industrije u odnosu na ukupnu dodatnu vrijednost,Procenat,16.14
2011,Udio dodate vrijednosti srednje i visokotehnološke industrije u odnosu na ukupnu dodatnu vrijednost,Procenat,17.17
2012,Udio dodate vrijednosti srednje i visokotehnološke industrije u odnosu na ukupnu dodatnu vrijednost,Procenat,19.26
2013,Udio dodate vrijednosti srednje i visokotehnološke industrije u odnosu na ukupnu dodatnu vrijednost,Procenat,17.69
2014,Udio dodate vrijednosti srednje i visokotehnološke industrije u odnosu na ukupnu dodatnu vrijednost,Procenat,17.92
2015,Udio dodate vrijednosti srednje i visokotehnološke industrije u odnosu na ukupnu dodatnu vrijednost,Procenat,18.47
2016,Udio dodate vrijednosti srednje i visokotehnološke industrije u odnosu na ukupnu dodatnu vrijednost,Procenat,17.41
2017,Udio dodate vrijednosti srednje i visokotehnološke industrije u odnosu na ukupnu dodatnu vrijednost,Procenat,17.29
2018,Udio dodate vrijednosti srednje i visokotehnološke industrije u odnosu na ukupnu dodatnu vrijednost,Procenat,18.06
2019,Udio dodate vrijednosti srednje i visokotehnološke industrije u odnosu na ukupnu dodatnu vrijednost,Procenat,19.15
2020,Udio dodate vrijednosti srednje i visokotehnološke industrije u odnosu na ukupnu dodatnu vrijednost,Procenat,19.04
