Year,UNIT_MEASURE,Tip,Value
a)Januar,u hiljadama KM,Izvoz 2019,856376
b)Februar,u hiljadama KM,Izvoz 2019,926443
c)Mart,u hiljadama KM,Izvoz 2019,989133
d)April,u hiljadama KM,Izvoz 2019,1034867
e)Maj,u hiljadama KM,Izvoz 2019,1028163
f)Jun,u hiljadama KM,Izvoz 2019,995601
g)Jul,u hiljadama KM,Izvoz 2019,1005663
h)August,u hiljadama KM,Izvoz 2019,844904
i)Septembar,u hiljadama KM,Izvoz 2019,983719
j)Oktobar,u hiljadama KM,Izvoz 2019,1013456
k)Novembar,u hiljadama KM,Izvoz 2019,981349
l)Decembar,u hiljadama KM,Izvoz 2019,832891
a)Januar,u hiljadama KM,Uvoz 2019,1292899
b)Februar,u hiljadama KM,Uvoz 2019,1549613
c)Mart,u hiljadama KM,Uvoz 2019,1772859
d)April,u hiljadama KM,Uvoz 2019,1750450
e)Maj,u hiljadama KM,Uvoz 2019,1809099
f)Jun,u hiljadama KM,Uvoz 2019,1608480
g)Jul,u hiljadama KM,Uvoz 2019,1745495
h)August,u hiljadama KM,Uvoz 2019,1526382
i)Septembar,u hiljadama KM,Uvoz 2019,1572606
j)Oktobar,u hiljadama KM,Uvoz 2019,1708558
k)Novembar,u hiljadama KM,Uvoz 2019,1609355
l)Decembar,u hiljadama KM,Uvoz 2019,1552789
a)Januar,u hiljadama KM,Izvoz 2020,855977
b)Februar,u hiljadama KM,Izvoz 2020,923256
c)Mart,u hiljadama KM,Izvoz 2020,848386
d)April,u hiljadama KM,Izvoz 2020,696198
e)Maj,u hiljadama KM,Izvoz 2020,736613
f)Jun,u hiljadama KM,Izvoz 2020,888104
g)Jul,u hiljadama KM,Izvoz 2020,874153
h)August,u hiljadama KM,Izvoz 2020,775220
i)Septembar,u hiljadama KM,Izvoz 2020,977148
j)Oktobar,u hiljadama KM,Izvoz 2020,1019625
k)Novembar,u hiljadama KM,Izvoz 2020,963423
l)Decembar,u hiljadama KM,Izvoz 2020,955873
a)Januar,u hiljadama KM,Uvoz 2020,1235871
b)Februar,u hiljadama KM,Uvoz 2020,1567515
c)Mart,u hiljadama KM,Uvoz 2020,1483047
d)April,u hiljadama KM,Uvoz 2020,1133427
e)Maj,u hiljadama KM,Uvoz 2020,1183197
f)Jun,u hiljadama KM,Uvoz 2020,1416588
g)Jul,u hiljadama KM,Uvoz 2020,1511289
h)August,u hiljadama KM,Uvoz 2020,1306882
i)Septembar,u hiljadama KM,Uvoz 2020,1483216
j)Oktobar,u hiljadama KM,Uvoz 2020,1600786
k)Novembar,u hiljadama KM,Uvoz 2020,1445602
l)Decembar,u hiljadama KM,Uvoz 2020,1517666
a)Januar,u hiljadama KM,Izvoz 2022,881277
b)Februar,u hiljadama KM,Izvoz 2022,923011
c)Mart,u hiljadama KM,Izvoz 2022,848261
a)Januar,u hiljadama KM,Uvoz 2022,1236794
b)Februar,u hiljadama KM,Uvoz 2022,1567650
c)Mart,u hiljadama KM,Uvoz 2022,1483138
