Year,SERIES,UNIT_MEASURE,Razina obrazovanja,Spol,COMPOSITE_BREAKDOWN,Value
2007,Udio djece i mladih koja postižu najmanju minimalnu razinu dostignuća u čitanju i  matematici,Postotak,Niže srednje obrazovanje,Oba spola ili bez podjele po spolu,Matematika,42.15
2018,Udio djece i mladih koja postižu najmanju minimalnu razinu dostignuća u čitanju i  matematici,Postotak,Niže srednje obrazovanje,Oba spola ili bez podjele po spolu,Čitanje,46.32
2019,Udio djece i mladih koja postižu najmanju minimalnu razinu dostignuća u čitanju i  matematici,Postotak,Osnovno obrazovanje,T,Matematika,39.55
2007,Udio djece i mladih koja postižu najmanju minimalnu razinu dostignuća u čitanju i  matematici,Postotak,Niže srednje obrazovanje,Žene,Matematika,42.68
2018,Udio djece i mladih koja postižu najmanju minimalnu razinu dostignuća u čitanju i  matematici,Postotak,Niže srednje obrazovanje,Žene,Čitanje,54.77
2019,Udio djece i mladih koja postižu najmanju minimalnu razinu dostignuća u čitanju i  matematici,Postotak,Osnovno obrazovanje,Žene,Matematika,36.47
2007,Udio djece i mladih koja postižu najmanju minimalnu razinu dostignuća u čitanju i  matematici,Postotak,Niže srednje obrazovanje,Muškarci,Matematika,41.70517
2018,Udio djece i mladih koja postižu najmanju minimalnu razinu dostignuća u čitanju i  matematici,Postotak,Niže srednje obrazovanje,Muškarci,Čitanje,38.29
2019,Udio djece i mladih koja postižu najmanju minimalnu razinu dostignuća u čitanju i  matematici,Postotak,Osnovno obrazovanje,Muškarci,Matematika,42.57
