Year,SERIES,UNIT_MEASURE,Spol,Value
2019,"Stopa učešća u organiziranom učenju (godinu dana prije službenog osnovnog uzrasta), prema spolu (%)",Postotak,Oba spola ili bez podjele po spolu,27.52321
2020,"Stopa učešća u organiziranom učenju (godinu dana prije službenog osnovnog uzrasta), prema spolu (%)",Postotak,Oba spola ili bez podjele po spolu,29.34612
2019,"Stopa učešća u organiziranom učenju (godinu dana prije službenog osnovnog uzrasta), prema spolu (%)",Postotak,Žene,27.12233
2020,"Stopa učešća u organiziranom učenju (godinu dana prije službenog osnovnog uzrasta), prema spolu (%)",Postotak,Žene,28.59121
2019,"Stopa učešća u organiziranom učenju (godinu dana prije službenog osnovnog uzrasta), prema spolu (%)",Postotak,Muškarci,27.90273
2020,"Stopa učešća u organiziranom učenju (godinu dana prije službenog osnovnog uzrasta), prema spolu (%)",Postotak,Muškarci,30.0612
