Year,SERIES,UNIT_MEASURE,SEX,AGE,Value
2009,SI_COV_SOCUSALL,PT,_T,_T,3.1
2010,SI_COV_SOCUSALL,PT,_T,_T,3.2
2011,SI_COV_SOCUSALL,PT,_T,_T,3.1
2012,SI_COV_SOCUSALL,PT,_T,_T,3.5
2013,SI_COV_SOCUSALL,PT,_T,_T,3.5
2014,SI_COV_SOCUSALL,PT,_T,_T,4.2
2015,SI_COV_SOCUSALL,PT,_T,_T,3.6
2016,SI_COV_SOCUSALL,PT,_T,_T,3.8
2017,SI_COV_SOCUSALL,PT,_T,_T,3.7
2018,SI_COV_SOCUSALL,PT,_T,_T,4.3
2019,SI_COV_SOCUSALL,PT,_T,_T,4.3
2020,SI_COV_SOCUSALL,PT,_T,_T,4.5
2021,SI_COV_SOCUSALL,PT,_T,_T,4.6
2009,SI_COV_SOCUSALL,NUMBER,_T,_T,36917.0
2010,SI_COV_SOCUSALL,NUMBER,_T,_T,37178.0
2011,SI_COV_SOCUSALL,NUMBER,_T,_T,36323.0
2012,SI_COV_SOCUSALL,NUMBER,_T,_T,41157.0
2013,SI_COV_SOCUSALL,NUMBER,_T,_T,41212.0
2014,SI_COV_SOCUSALL,NUMBER,_T,_T,49147.0
2015,SI_COV_SOCUSALL,NUMBER,_T,_T,41410.0
2016,SI_COV_SOCUSALL,NUMBER,_T,_T,43582.0
2017,SI_COV_SOCUSALL,NUMBER,_T,_T,43062.0
2018,SI_COV_SOCUSALL,NUMBER,_T,_T,48921.0
2019,SI_COV_SOCUSALL,NUMBER,_T,_T,49252.0
2020,SI_COV_SOCUSALL,NUMBER,_T,_T,50652.0
2021,SI_COV_SOCUSALL,NUMBER,_T,_T,52068.0
2012,SI_COV_SOCUSSA,NUMBER,M,_T,18712.0
2013,SI_COV_SOCUSSA,NUMBER,M,_T,19143.0
2014,SI_COV_SOCUSSA,NUMBER,M,_T,23658.0
2015,SI_COV_SOCUSSA,NUMBER,M,_T,18963.0
2016,SI_COV_SOCUSSA,NUMBER,M,_T,19926.0
2017,SI_COV_SOCUSSA,NUMBER,M,_T,19812.0
2018,SI_COV_SOCUSSA,NUMBER,M,_T,23658.0
2019,SI_COV_SOCUSSA,NUMBER,M,_T,23293.0
2020,SI_COV_SOCUSSA,NUMBER,M,_T,23661.0
2021,SI_COV_SOCUSSA,NUMBER,M,_T,24954.0
2012,SI_COV_SOCUSSA,NUMBER,M,_M,2811.0
2013,SI_COV_SOCUSSA,NUMBER,M,_M,2812.0
2014,SI_COV_SOCUSSA,NUMBER,M,_M,2653.0
2015,SI_COV_SOCUSSA,NUMBER,M,_M,1586.0
2016,SI_COV_SOCUSSA,NUMBER,M,_M,1797.0
2017,SI_COV_SOCUSSA,NUMBER,M,_M,2065.0
2018,SI_COV_SOCUSSA,NUMBER,M,_M,2430.0
2019,SI_COV_SOCUSSA,NUMBER,M,_M,2564.0
2020,SI_COV_SOCUSSA,NUMBER,M,_M,2754.0
2021,SI_COV_SOCUSSA,NUMBER,M,_M,2986.0
2012,SI_COV_SOCUSSA,NUMBER,M,_A,15901.0
2013,SI_COV_SOCUSSA,NUMBER,M,_A,16331.0
2014,SI_COV_SOCUSSA,NUMBER,M,_A,21005.0
2015,SI_COV_SOCUSSA,NUMBER,M,_A,17377.0
2016,SI_COV_SOCUSSA,NUMBER,M,_A,18129.0
2017,SI_COV_SOCUSSA,NUMBER,M,_A,17747.0
2018,SI_COV_SOCUSSA,NUMBER,M,_A,21228.0
2019,SI_COV_SOCUSSA,NUMBER,M,_A,20729.0
2020,SI_COV_SOCUSSA,NUMBER,M,_A,20907.0
2021,SI_COV_SOCUSSA,NUMBER,M,_A,21968.0
2012,SI_COV_SOCUSSA,NUMBER,F,_T,22445.0
2013,SI_COV_SOCUSSA,NUMBER,F,_T,22069.0
2014,SI_COV_SOCUSSA,NUMBER,F,_T,25489.0
2015,SI_COV_SOCUSSA,NUMBER,F,_T,22447.0
2016,SI_COV_SOCUSSA,NUMBER,F,_T,23656.0
2017,SI_COV_SOCUSSA,NUMBER,F,_T,23250.0
2018,SI_COV_SOCUSSA,NUMBER,F,_T,25263.0
2019,SI_COV_SOCUSSA,NUMBER,F,_T,25959.0
2020,SI_COV_SOCUSSA,NUMBER,F,_T,26991.0
2021,SI_COV_SOCUSSA,NUMBER,F,_T,27114.0
2012,SI_COV_SOCUSSA,NUMBER,F,_M,2289.0
2013,SI_COV_SOCUSSA,NUMBER,F,_M,2830.0
2014,SI_COV_SOCUSSA,NUMBER,F,_M,2557.0
2015,SI_COV_SOCUSSA,NUMBER,F,_M,1339.0
2016,SI_COV_SOCUSSA,NUMBER,F,_M,1366.0
2017,SI_COV_SOCUSSA,NUMBER,F,_M,1876.0
2018,SI_COV_SOCUSSA,NUMBER,F,_M,2608.0
2019,SI_COV_SOCUSSA,NUMBER,F,_M,1790.0
2020,SI_COV_SOCUSSA,NUMBER,F,_M,1978.0
2021,SI_COV_SOCUSSA,NUMBER,F,_M,2050.0
2012,SI_COV_SOCUSSA,NUMBER,F,_A,20156.0
2013,SI_COV_SOCUSSA,NUMBER,F,_A,19239.0
2014,SI_COV_SOCUSSA,NUMBER,F,_A,22932.0
2015,SI_COV_SOCUSSA,NUMBER,F,_A,21108.0
2016,SI_COV_SOCUSSA,NUMBER,F,_A,22290.0
2017,SI_COV_SOCUSSA,NUMBER,F,_A,21374.0
2018,SI_COV_SOCUSSA,NUMBER,F,_A,22655.0
2019,SI_COV_SOCUSSA,NUMBER,F,_A,24169.0
2020,SI_COV_SOCUSSA,NUMBER,F,_A,25013.0
2021,SI_COV_SOCUSSA,NUMBER,F,_A,25064.0
2012,SI_COV_SOCNP,NUMBER,_T,_T,5156.0
2013,SI_COV_SOCNP,NUMBER,_T,_T,5156.0
2014,SI_COV_SOCNP,NUMBER,_T,_T,5219.0
2015,SI_COV_SOCNP,NUMBER,_T,_T,5067.0
2016,SI_COV_SOCNP,NUMBER,_T,_T,5071.0
2017,SI_COV_SOCNP,NUMBER,_T,_T,4905.0
2018,SI_COV_SOCNP,NUMBER,_T,_T,4487.0
2019,SI_COV_SOCNP,NUMBER,_T,_T,4487.0
2020,SI_COV_SOCNP,NUMBER,_T,_T,4076.0
2021,SI_COV_SOCNP,NUMBER,_T,_T,4142.0
2012,SI_COV_SOCNP,NUMBER,M,_T,1852.0
2013,SI_COV_SOCNP,NUMBER,M,_T,1852.0
2014,SI_COV_SOCNP,NUMBER,M,_T,1940.0
2015,SI_COV_SOCNP,NUMBER,M,_T,1948.0
2016,SI_COV_SOCNP,NUMBER,M,_T,2020.0
2017,SI_COV_SOCNP,NUMBER,M,_T,1955.0
2018,SI_COV_SOCNP,NUMBER,M,_T,1800.0
2019,SI_COV_SOCNP,NUMBER,M,_T,1846.0
2020,SI_COV_SOCNP,NUMBER,M,_T,1727.0
2021,SI_COV_SOCNP,NUMBER,M,_T,1821.0
2012,SI_COV_SOCNP,NUMBER,F,_T,3304.0
2013,SI_COV_SOCNP,NUMBER,F,_T,3304.0
2014,SI_COV_SOCNP,NUMBER,F,_T,3279.0
2015,SI_COV_SOCNP,NUMBER,F,_T,3119.0
2016,SI_COV_SOCNP,NUMBER,F,_T,3051.0
2017,SI_COV_SOCNP,NUMBER,F,_T,2950.0
2018,SI_COV_SOCNP,NUMBER,F,_T,2687.0
2019,SI_COV_SOCNP,NUMBER,F,_T,2641.0
2020,SI_COV_SOCNP,NUMBER,F,_T,2349.0
2021,SI_COV_SOCNP,NUMBER,F,_T,2321.0
2012,SI_COV_SOCDL,NUMBER,_T,_T,17219.0
2013,SI_COV_SOCDL,NUMBER,_T,_T,17219.0
2014,SI_COV_SOCDL,NUMBER,_T,_T,20286.0
2015,SI_COV_SOCDL,NUMBER,_T,_T,23048.0
2016,SI_COV_SOCDL,NUMBER,_T,_T,25127.0
2017,SI_COV_SOCDL,NUMBER,_T,_T,25944.0
2018,SI_COV_SOCDL,NUMBER,_T,_T,26394.0
2019,SI_COV_SOCDL,NUMBER,_T,_T,27774.0
2020,SI_COV_SOCDL,NUMBER,_T,_T,28270.0
2021,SI_COV_SOCDL,NUMBER,_T,_T,29691.0
2012,SI_COV_SOCDL,NUMBER,M,_T,8008.0
2013,SI_COV_SOCDL,NUMBER,M,_T,8008.0
2014,SI_COV_SOCDL,NUMBER,M,_T,9264.0
2015,SI_COV_SOCDL,NUMBER,M,_T,10465.0
2016,SI_COV_SOCDL,NUMBER,M,_T,11383.0
2017,SI_COV_SOCDL,NUMBER,M,_T,11987.0
2018,SI_COV_SOCDL,NUMBER,M,_T,12123.0
2019,SI_COV_SOCDL,NUMBER,M,_T,12813.0
2020,SI_COV_SOCDL,NUMBER,M,_T,12419.0
2021,SI_COV_SOCDL,NUMBER,M,_T,13673.0
2012,SI_COV_SOCDL,NUMBER,F,_T,9211.0
2013,SI_COV_SOCDL,NUMBER,F,_T,9211.0
2014,SI_COV_SOCDL,NUMBER,F,_T,11022.0
2015,SI_COV_SOCDL,NUMBER,F,_T,12581.0
2016,SI_COV_SOCDL,NUMBER,F,_T,13744.0
2017,SI_COV_SOCDL,NUMBER,F,_T,13957.0
2018,SI_COV_SOCDL,NUMBER,F,_T,14271.0
2019,SI_COV_SOCDL,NUMBER,F,_T,14961.0
2020,SI_COV_SOCDL,NUMBER,F,_T,15851.0
2021,SI_COV_SOCDL,NUMBER,F,_T,16018.0
2012,SI_COV_SOCDL,NUMBER,_T,_OWCH,1849.0
2013,SI_COV_SOCDL,NUMBER,_T,_OWCH,1849.0
2014,SI_COV_SOCDL,NUMBER,_T,_OWCH,1501.0
2015,SI_COV_SOCDL,NUMBER,_T,_OWCH,1272.0
2016,SI_COV_SOCDL,NUMBER,_T,_OWCH,1492.0
2017,SI_COV_SOCDL,NUMBER,_T,_OWCH,2022.0
2018,SI_COV_SOCDL,NUMBER,_T,_OWCH,1538.0
2019,SI_COV_SOCDL,NUMBER,_T,_OWCH,1689.0
2020,SI_COV_SOCDL,NUMBER,_T,_OWCH,1982.0
2021,SI_COV_SOCDL,NUMBER,_T,_OWCH,2021.0
2012,SI_COV_SOCDL,NUMBER,M,_OWCH,937.0
2013,SI_COV_SOCDL,NUMBER,M,_OWCH,937.0
2014,SI_COV_SOCDL,NUMBER,M,_OWCH,848.0
2015,SI_COV_SOCDL,NUMBER,M,_OWCH,718.0
2016,SI_COV_SOCDL,NUMBER,M,_OWCH,905.0
2017,SI_COV_SOCDL,NUMBER,M,_OWCH,1129.0
2018,SI_COV_SOCDL,NUMBER,M,_OWCH,919.0
2019,SI_COV_SOCDL,NUMBER,M,_OWCH,1010.0
2020,SI_COV_SOCDL,NUMBER,M,_OWCH,1189.0
2021,SI_COV_SOCDL,NUMBER,M,_OWCH,1220.0
2012,SI_COV_SOCDL,NUMBER,F,_OWCH,912.0
2013,SI_COV_SOCDL,NUMBER,F,_OWCH,912.0
2014,SI_COV_SOCDL,NUMBER,F,_OWCH,653.0
2015,SI_COV_SOCDL,NUMBER,F,_OWCH,554.0
2016,SI_COV_SOCDL,NUMBER,F,_OWCH,587.0
2017,SI_COV_SOCDL,NUMBER,F,_OWCH,893.0
2018,SI_COV_SOCDL,NUMBER,F,_OWCH,619.0
2019,SI_COV_SOCDL,NUMBER,F,_OWCH,679.0
2020,SI_COV_SOCDL,NUMBER,F,_OWCH,793.0
2021,SI_COV_SOCDL,NUMBER,F,_OWCH,801.0
2012,SI_COV_SOCSRAZ,NUMBER,_T,_T,333.0
2013,SI_COV_SOCSRAZ,NUMBER,_T,_T,333.0
2014,SI_COV_SOCSRAZ,NUMBER,_T,_T,432.0
2015,SI_COV_SOCSRAZ,NUMBER,_T,_T,410.0
2016,SI_COV_SOCSRAZ,NUMBER,_T,_T,339.0
2017,SI_COV_SOCSRAZ,NUMBER,_T,_T,349.0
2018,SI_COV_SOCSRAZ,NUMBER,_T,_T,382.0
2019,SI_COV_SOCSRAZ,NUMBER,_T,_T,239.0
2020,SI_COV_SOCSRAZ,NUMBER,_T,_T,223.0
2021,SI_COV_SOCSRAZ,NUMBER,_T,_T,248.0
2012,SI_COV_SOCSRAZ,NUMBER,M,_T,199.0
2013,SI_COV_SOCSRAZ,NUMBER,M,_T,199.0
2014,SI_COV_SOCSRAZ,NUMBER,M,_T,248.0
2015,SI_COV_SOCSRAZ,NUMBER,M,_T,235.0
2016,SI_COV_SOCSRAZ,NUMBER,M,_T,186.0
2017,SI_COV_SOCSRAZ,NUMBER,M,_T,184.0
2018,SI_COV_SOCSRAZ,NUMBER,M,_T,204.0
2019,SI_COV_SOCSRAZ,NUMBER,M,_T,115.0
2020,SI_COV_SOCSRAZ,NUMBER,M,_T,112.0
2021,SI_COV_SOCSRAZ,NUMBER,M,_T,137.0
2012,SI_COV_SOCSRAZ,NUMBER,F,_T,134.0
2013,SI_COV_SOCSRAZ,NUMBER,F,_T,134.0
2014,SI_COV_SOCSRAZ,NUMBER,F,_T,184.0
2015,SI_COV_SOCSRAZ,NUMBER,F,_T,175.0
2016,SI_COV_SOCSRAZ,NUMBER,F,_T,153.0
2017,SI_COV_SOCSRAZ,NUMBER,F,_T,165.0
2018,SI_COV_SOCSRAZ,NUMBER,F,_T,178.0
2019,SI_COV_SOCSRAZ,NUMBER,F,_T,121.0
2020,SI_COV_SOCSRAZ,NUMBER,F,_T,111.0
2021,SI_COV_SOCSRAZ,NUMBER,F,_T,111.0
2012,SI_COV_SOCSRAZ,NUMBER,_T,_OWCH,290.0
2013,SI_COV_SOCSRAZ,NUMBER,_T,_OWCH,290.0
2014,SI_COV_SOCSRAZ,NUMBER,_T,_OWCH,414.0
2015,SI_COV_SOCSRAZ,NUMBER,_T,_OWCH,386.0
2016,SI_COV_SOCSRAZ,NUMBER,_T,_OWCH,306.0
2017,SI_COV_SOCSRAZ,NUMBER,_T,_OWCH,322.0
2018,SI_COV_SOCSRAZ,NUMBER,_T,_OWCH,325.0
2019,SI_COV_SOCSRAZ,NUMBER,_T,_OWCH,147.0
2020,SI_COV_SOCSRAZ,NUMBER,_T,_OWCH,141.0
2021,SI_COV_SOCSRAZ,NUMBER,_T,_OWCH,134.0
2012,SI_COV_SOCSRAZ,NUMBER,M,_OWCH,175.0
2013,SI_COV_SOCSRAZ,NUMBER,M,_OWCH,175.0
2014,SI_COV_SOCSRAZ,NUMBER,M,_OWCH,237.0
2015,SI_COV_SOCSRAZ,NUMBER,M,_OWCH,229.0
2016,SI_COV_SOCSRAZ,NUMBER,M,_OWCH,170.0
2017,SI_COV_SOCSRAZ,NUMBER,M,_OWCH,175.0
2018,SI_COV_SOCSRAZ,NUMBER,M,_OWCH,194.0
2019,SI_COV_SOCSRAZ,NUMBER,M,_OWCH,74.0
2020,SI_COV_SOCSRAZ,NUMBER,M,_OWCH,75.0
2021,SI_COV_SOCSRAZ,NUMBER,M,_OWCH,74.0
2012,SI_COV_SOCSRAZ,NUMBER,F,_OWCH,115.0
2013,SI_COV_SOCSRAZ,NUMBER,F,_OWCH,115.0
2014,SI_COV_SOCSRAZ,NUMBER,F,_OWCH,177.0
2015,SI_COV_SOCSRAZ,NUMBER,F,_OWCH,157.0
2016,SI_COV_SOCSRAZ,NUMBER,F,_OWCH,136.0
2017,SI_COV_SOCSRAZ,NUMBER,F,_OWCH,147.0
2018,SI_COV_SOCSRAZ,NUMBER,F,_OWCH,131.0
2019,SI_COV_SOCSRAZ,NUMBER,F,_OWCH,73.0
2020,SI_COV_SOCSRAZ,NUMBER,F,_OWCH,66.0
2021,SI_COV_SOCSRAZ,NUMBER,F,_OWCH,60.0
2012,SI_COV_SOCSUST,NUMBER,_T,_T,1048.0
2013,SI_COV_SOCSUST,NUMBER,_T,_T,1048.0
2014,SI_COV_SOCSUST,NUMBER,_T,_T,1059.0
2015,SI_COV_SOCSUST,NUMBER,_T,_T,1029.0
2016,SI_COV_SOCSUST,NUMBER,_T,_T,1089.0
2017,SI_COV_SOCSUST,NUMBER,_T,_T,1071.0
2018,SI_COV_SOCSUST,NUMBER,_T,_T,1145.0
2019,SI_COV_SOCSUST,NUMBER,_T,_T,1078.0
2020,SI_COV_SOCSUST,NUMBER,_T,_T,1179.0
2021,SI_COV_SOCSUST,NUMBER,_T,_T,1190.0
2012,SI_COV_SOCSUST,NUMBER,M,_T,473.0
2013,SI_COV_SOCSUST,NUMBER,M,_T,473.0
2014,SI_COV_SOCSUST,NUMBER,M,_T,491.0
2015,SI_COV_SOCSUST,NUMBER,M,_T,504.0
2016,SI_COV_SOCSUST,NUMBER,M,_T,504.0
2017,SI_COV_SOCSUST,NUMBER,M,_T,500.0
2018,SI_COV_SOCSUST,NUMBER,M,_T,525.0
2019,SI_COV_SOCSUST,NUMBER,M,_T,504.0
2020,SI_COV_SOCSUST,NUMBER,M,_T,544.0
2021,SI_COV_SOCSUST,NUMBER,M,_T,533.0
2012,SI_COV_SOCSUST,NUMBER,F,_T,575.0
2013,SI_COV_SOCSUST,NUMBER,F,_T,575.0
2014,SI_COV_SOCSUST,NUMBER,F,_T,568.0
2015,SI_COV_SOCSUST,NUMBER,F,_T,525.0
2016,SI_COV_SOCSUST,NUMBER,F,_T,585.0
2017,SI_COV_SOCSUST,NUMBER,F,_T,571.0
2018,SI_COV_SOCSUST,NUMBER,F,_T,620.0
2019,SI_COV_SOCSUST,NUMBER,F,_T,574.0
2020,SI_COV_SOCSUST,NUMBER,F,_T,635.0
2021,SI_COV_SOCSUST,NUMBER,F,_T,657.0
2012,SI_COV_SOCSUST,NUMBER,_T,_OWCH,225.0
2013,SI_COV_SOCSUST,NUMBER,_T,_OWCH,225.0
2014,SI_COV_SOCSUST,NUMBER,_T,_OWCH,207.0
2015,SI_COV_SOCSUST,NUMBER,_T,_OWCH,199.0
2016,SI_COV_SOCSUST,NUMBER,_T,_OWCH,224.0
2017,SI_COV_SOCSUST,NUMBER,_T,_OWCH,183.0
2018,SI_COV_SOCSUST,NUMBER,_T,_OWCH,170.0
2019,SI_COV_SOCSUST,NUMBER,_T,_OWCH,154.0
2020,SI_COV_SOCSUST,NUMBER,_T,_OWCH,152.0
2021,SI_COV_SOCSUST,NUMBER,_T,_OWCH,159.0
2012,SI_COV_SOCSUST,NUMBER,M,_OWCH,119.0
2013,SI_COV_SOCSUST,NUMBER,M,_OWCH,119.0
2014,SI_COV_SOCSUST,NUMBER,M,_OWCH,106.0
2015,SI_COV_SOCSUST,NUMBER,M,_OWCH,106.0
2016,SI_COV_SOCSUST,NUMBER,M,_OWCH,118.0
2017,SI_COV_SOCSUST,NUMBER,M,_OWCH,94.0
2018,SI_COV_SOCSUST,NUMBER,M,_OWCH,90.0
2019,SI_COV_SOCSUST,NUMBER,M,_OWCH,73.0
2020,SI_COV_SOCSUST,NUMBER,M,_OWCH,74.0
2021,SI_COV_SOCSUST,NUMBER,M,_OWCH,82.0
2012,SI_COV_SOCSUST,NUMBER,F,_OWCH,106.0
2013,SI_COV_SOCSUST,NUMBER,F,_OWCH,106.0
2014,SI_COV_SOCSUST,NUMBER,F,_OWCH,101.0
2015,SI_COV_SOCSUST,NUMBER,F,_OWCH,93.0
2016,SI_COV_SOCSUST,NUMBER,F,_OWCH,106.0
2017,SI_COV_SOCSUST,NUMBER,F,_OWCH,89.0
2018,SI_COV_SOCSUST,NUMBER,F,_OWCH,80.0
2019,SI_COV_SOCSUST,NUMBER,F,_OWCH,81.0
2020,SI_COV_SOCSUST,NUMBER,F,_OWCH,78.0
2021,SI_COV_SOCSUST,NUMBER,F,_OWCH,77.0
2012,SI_COV_SOCHRP,NUMBER,_T,_T,389.0
2013,SI_COV_SOCHRP,NUMBER,_T,_T,389.0
2014,SI_COV_SOCHRP,NUMBER,_T,_T,426.0
2015,SI_COV_SOCHRP,NUMBER,_T,_T,356.0
2016,SI_COV_SOCHRP,NUMBER,_T,_T,356.0
2017,SI_COV_SOCHRP,NUMBER,_T,_T,392.0
2018,SI_COV_SOCHRP,NUMBER,_T,_T,390.0
2019,SI_COV_SOCHRP,NUMBER,_T,_T,373.0
2020,SI_COV_SOCHRP,NUMBER,_T,_T,370.0
2021,SI_COV_SOCHRP,NUMBER,_T,_T,333.0
2012,SI_COV_SOCHRP,NUMBER,M,_T,182.0
2013,SI_COV_SOCHRP,NUMBER,M,_T,182.0
2014,SI_COV_SOCHRP,NUMBER,M,_T,198.0
2015,SI_COV_SOCHRP,NUMBER,M,_T,167.0
2016,SI_COV_SOCHRP,NUMBER,M,_T,167.0
2017,SI_COV_SOCHRP,NUMBER,M,_T,194.0
2018,SI_COV_SOCHRP,NUMBER,M,_T,192.0
2019,SI_COV_SOCHRP,NUMBER,M,_T,168.0
2020,SI_COV_SOCHRP,NUMBER,M,_T,175.0
2021,SI_COV_SOCHRP,NUMBER,M,_T,159.0
2012,SI_COV_SOCHRP,NUMBER,F,_T,211.0
2013,SI_COV_SOCHRP,NUMBER,F,_T,211.0
2014,SI_COV_SOCHRP,NUMBER,F,_T,228.0
2015,SI_COV_SOCHRP,NUMBER,F,_T,189.0
2016,SI_COV_SOCHRP,NUMBER,F,_T,189.0
2017,SI_COV_SOCHRP,NUMBER,F,_T,198.0
2018,SI_COV_SOCHRP,NUMBER,F,_T,198.0
2019,SI_COV_SOCHRP,NUMBER,F,_T,205.0
2020,SI_COV_SOCHRP,NUMBER,F,_T,195.0
2021,SI_COV_SOCHRP,NUMBER,F,_T,174.0
2012,SI_COV_SOCHRP,NUMBER,_T,_OWCH,119.0
2013,SI_COV_SOCHRP,NUMBER,_T,_OWCH,119.0
2014,SI_COV_SOCHRP,NUMBER,_T,_OWCH,196.0
2015,SI_COV_SOCHRP,NUMBER,_T,_OWCH,252.0
2016,SI_COV_SOCHRP,NUMBER,_T,_OWCH,259.0
2017,SI_COV_SOCHRP,NUMBER,_T,_OWCH,272.0
2018,SI_COV_SOCHRP,NUMBER,_T,_OWCH,223.0
2019,SI_COV_SOCHRP,NUMBER,_T,_OWCH,210.0
2020,SI_COV_SOCHRP,NUMBER,_T,_OWCH,206.0
2021,SI_COV_SOCHRP,NUMBER,_T,_OWCH,208.0
2012,SI_COV_SOCHRP,NUMBER,M,_OWCH,61.0
2013,SI_COV_SOCHRP,NUMBER,M,_OWCH,61.0
2014,SI_COV_SOCHRP,NUMBER,M,_OWCH,101.0
2015,SI_COV_SOCHRP,NUMBER,M,_OWCH,127.0
2016,SI_COV_SOCHRP,NUMBER,M,_OWCH,135.0
2017,SI_COV_SOCHRP,NUMBER,M,_OWCH,137.0
2018,SI_COV_SOCHRP,NUMBER,M,_OWCH,117.0
2019,SI_COV_SOCHRP,NUMBER,M,_OWCH,96.0
2020,SI_COV_SOCHRP,NUMBER,M,_OWCH,102.0
2021,SI_COV_SOCHRP,NUMBER,M,_OWCH,99.0
2012,SI_COV_SOCHRP,NUMBER,F,_OWCH,58.0
2013,SI_COV_SOCHRP,NUMBER,F,_OWCH,58.0
2014,SI_COV_SOCHRP,NUMBER,F,_OWCH,95.0
2015,SI_COV_SOCHRP,NUMBER,F,_OWCH,125.0
2016,SI_COV_SOCHRP,NUMBER,F,_OWCH,124.0
2017,SI_COV_SOCHRP,NUMBER,F,_OWCH,135.0
2018,SI_COV_SOCHRP,NUMBER,F,_OWCH,106.0
2019,SI_COV_SOCHRP,NUMBER,F,_OWCH,114.0
2020,SI_COV_SOCHRP,NUMBER,F,_OWCH,104.0
2021,SI_COV_SOCHRP,NUMBER,F,_OWCH,109.0
2012,SI_COV_SOCHHLP,NUMBER,_T,_T,285.0
2013,SI_COV_SOCHHLP,NUMBER,_T,_T,285.0
2014,SI_COV_SOCHHLP,NUMBER,_T,_T,217.0
2015,SI_COV_SOCHHLP,NUMBER,_T,_T,217.0
2016,SI_COV_SOCHHLP,NUMBER,_T,_T,237.0
2017,SI_COV_SOCHHLP,NUMBER,_T,_T,220.0
2018,SI_COV_SOCHHLP,NUMBER,_T,_T,201.0
2019,SI_COV_SOCHHLP,NUMBER,_T,_T,233.0
2020,SI_COV_SOCHHLP,NUMBER,_T,_T,186.0
2021,SI_COV_SOCHHLP,NUMBER,_T,_T,152.0
2012,SI_COV_SOCHHLP,NUMBER,M,_T,123.0
2013,SI_COV_SOCHHLP,NUMBER,M,_T,123.0
2014,SI_COV_SOCHHLP,NUMBER,M,_T,55.0
2015,SI_COV_SOCHHLP,NUMBER,M,_T,58.0
2016,SI_COV_SOCHHLP,NUMBER,M,_T,67.0
2017,SI_COV_SOCHHLP,NUMBER,M,_T,102.0
2018,SI_COV_SOCHHLP,NUMBER,M,_T,100.0
2019,SI_COV_SOCHHLP,NUMBER,M,_T,69.0
2020,SI_COV_SOCHHLP,NUMBER,M,_T,66.0
2021,SI_COV_SOCHHLP,NUMBER,M,_T,63.0
2012,SI_COV_SOCHHLP,NUMBER,F,_T,163.0
2013,SI_COV_SOCHHLP,NUMBER,F,_T,163.0
2014,SI_COV_SOCHHLP,NUMBER,F,_T,162.0
2015,SI_COV_SOCHHLP,NUMBER,F,_T,159.0
2016,SI_COV_SOCHHLP,NUMBER,F,_T,170.0
2017,SI_COV_SOCHHLP,NUMBER,F,_T,118.0
2018,SI_COV_SOCHHLP,NUMBER,F,_T,101.0
2019,SI_COV_SOCHHLP,NUMBER,F,_T,164.0
2020,SI_COV_SOCHHLP,NUMBER,F,_T,120.0
2021,SI_COV_SOCHHLP,NUMBER,F,_T,89.0
2012,SI_COV_SOCHHLP,NUMBER,_T,_OWCH,15.0
2013,SI_COV_SOCHHLP,NUMBER,_T,_OWCH,15.0
2014,SI_COV_SOCHHLP,NUMBER,_T,_OWCH,7.0
2015,SI_COV_SOCHHLP,NUMBER,_T,_OWCH,6.0
2016,SI_COV_SOCHHLP,NUMBER,_T,_OWCH,5.0
2017,SI_COV_SOCHHLP,NUMBER,_T,_OWCH,17.0
2018,SI_COV_SOCHHLP,NUMBER,_T,_OWCH,1.0
2019,SI_COV_SOCHHLP,NUMBER,_T,_OWCH,1.0
2020,SI_COV_SOCHHLP,NUMBER,_T,_OWCH,0.0
2021,SI_COV_SOCHHLP,NUMBER,_T,_OWCH,0.0
2012,SI_COV_SOCHHLP,NUMBER,M,_OWCH,11.0
2013,SI_COV_SOCHHLP,NUMBER,M,_OWCH,11.0
2014,SI_COV_SOCHHLP,NUMBER,M,_OWCH,5.0
2015,SI_COV_SOCHHLP,NUMBER,M,_OWCH,2.0
2016,SI_COV_SOCHHLP,NUMBER,M,_OWCH,2.0
2017,SI_COV_SOCHHLP,NUMBER,M,_OWCH,5.0
2018,SI_COV_SOCHHLP,NUMBER,M,_OWCH,0.0
2019,SI_COV_SOCHHLP,NUMBER,M,_OWCH,0.0
2020,SI_COV_SOCHHLP,NUMBER,M,_OWCH,0.0
2021,SI_COV_SOCHHLP,NUMBER,M,_OWCH,0.0
2012,SI_COV_SOCHHLP,NUMBER,F,_OWCH,4.0
2013,SI_COV_SOCHHLP,NUMBER,F,_OWCH,4.0
2014,SI_COV_SOCHHLP,NUMBER,F,_OWCH,2.0
2015,SI_COV_SOCHHLP,NUMBER,F,_OWCH,4.0
2016,SI_COV_SOCHHLP,NUMBER,F,_OWCH,3.0
2017,SI_COV_SOCHHLP,NUMBER,F,_OWCH,12.0
2018,SI_COV_SOCHHLP,NUMBER,F,_OWCH,1.0
2019,SI_COV_SOCHHLP,NUMBER,F,_OWCH,1.0
2020,SI_COV_SOCHHLP,NUMBER,F,_OWCH,0.0
2021,SI_COV_SOCHHLP,NUMBER,F,_OWCH,0.0
2012,SI_COV_SOCDC,NUMBER,_T,_T,70.0
2013,SI_COV_SOCDC,NUMBER,_T,_T,70.0
2014,SI_COV_SOCDC,NUMBER,_T,_T,230.0
2015,SI_COV_SOCDC,NUMBER,_T,_T,178.0
2016,SI_COV_SOCDC,NUMBER,_T,_T,209.0
2017,SI_COV_SOCDC,NUMBER,_T,_T,286.0
2018,SI_COV_SOCDC,NUMBER,_T,_T,312.0
2019,SI_COV_SOCDC,NUMBER,_T,_T,395.0
2020,SI_COV_SOCDC,NUMBER,_T,_T,335.0
2021,SI_COV_SOCDC,NUMBER,_T,_T,433.0
2012,SI_COV_SOCDC,NUMBER,M,_T,39.0
2013,SI_COV_SOCDC,NUMBER,M,_T,39.0
2014,SI_COV_SOCDC,NUMBER,M,_T,120.0
2015,SI_COV_SOCDC,NUMBER,M,_T,105.0
2016,SI_COV_SOCDC,NUMBER,M,_T,128.0
2017,SI_COV_SOCDC,NUMBER,M,_T,163.0
2018,SI_COV_SOCDC,NUMBER,M,_T,180.0
2019,SI_COV_SOCDC,NUMBER,M,_T,209.0
2020,SI_COV_SOCDC,NUMBER,M,_T,157.0
2021,SI_COV_SOCDC,NUMBER,M,_T,255.0
2012,SI_COV_SOCDC,NUMBER,F,_T,31.0
2013,SI_COV_SOCDC,NUMBER,F,_T,31.0
2014,SI_COV_SOCDC,NUMBER,F,_T,110.0
2015,SI_COV_SOCDC,NUMBER,F,_T,73.0
2016,SI_COV_SOCDC,NUMBER,F,_T,81.0
2017,SI_COV_SOCDC,NUMBER,F,_T,123.0
2018,SI_COV_SOCDC,NUMBER,F,_T,132.0
2019,SI_COV_SOCDC,NUMBER,F,_T,186.0
2020,SI_COV_SOCDC,NUMBER,F,_T,178.0
2021,SI_COV_SOCDC,NUMBER,F,_T,178.0
2012,SI_COV_SOCDC,NUMBER,_T,_OWCH,52.0
2013,SI_COV_SOCDC,NUMBER,_T,_OWCH,52.0
2014,SI_COV_SOCDC,NUMBER,_T,_OWCH,143.0
2015,SI_COV_SOCDC,NUMBER,_T,_OWCH,137.0
2016,SI_COV_SOCDC,NUMBER,_T,_OWCH,125.0
2017,SI_COV_SOCDC,NUMBER,_T,_OWCH,157.0
2018,SI_COV_SOCDC,NUMBER,_T,_OWCH,107.0
2019,SI_COV_SOCDC,NUMBER,_T,_OWCH,127.0
2020,SI_COV_SOCDC,NUMBER,_T,_OWCH,161.0
2021,SI_COV_SOCDC,NUMBER,_T,_OWCH,192.0
2012,SI_COV_SOCDC,NUMBER,M,_OWCH,27.0
2013,SI_COV_SOCDC,NUMBER,M,_OWCH,27.0
2014,SI_COV_SOCDC,NUMBER,M,_OWCH,81.0
2015,SI_COV_SOCDC,NUMBER,M,_OWCH,77.0
2016,SI_COV_SOCDC,NUMBER,M,_OWCH,72.0
2017,SI_COV_SOCDC,NUMBER,M,_OWCH,83.0
2018,SI_COV_SOCDC,NUMBER,M,_OWCH,62.0
2019,SI_COV_SOCDC,NUMBER,M,_OWCH,65.0
2020,SI_COV_SOCDC,NUMBER,M,_OWCH,85.0
2021,SI_COV_SOCDC,NUMBER,M,_OWCH,137.0
2012,SI_COV_SOCDC,NUMBER,F,_OWCH,25.0
2013,SI_COV_SOCDC,NUMBER,F,_OWCH,25.0
2014,SI_COV_SOCDC,NUMBER,F,_OWCH,62.0
2015,SI_COV_SOCDC,NUMBER,F,_OWCH,60.0
2016,SI_COV_SOCDC,NUMBER,F,_OWCH,53.0
2017,SI_COV_SOCDC,NUMBER,F,_OWCH,74.0
2018,SI_COV_SOCDC,NUMBER,F,_OWCH,45.0
2019,SI_COV_SOCDC,NUMBER,F,_OWCH,62.0
2020,SI_COV_SOCDC,NUMBER,F,_OWCH,76.0
2021,SI_COV_SOCDC,NUMBER,F,_OWCH,55.0
2012,SI_COV_SOCOTFA,NUMBER,_T,_T,11586.0
2013,SI_COV_SOCOTFA,NUMBER,_T,_T,11586.0
2014,SI_COV_SOCOTFA,NUMBER,_T,_T,11413.0
2015,SI_COV_SOCOTFA,NUMBER,_T,_T,11105.0
2016,SI_COV_SOCOTFA,NUMBER,_T,_T,11301.0
2017,SI_COV_SOCOTFA,NUMBER,_T,_T,10481.0
2018,SI_COV_SOCOTFA,NUMBER,_T,_T,11418.0
2019,SI_COV_SOCOTFA,NUMBER,_T,_T,9732.0
2020,SI_COV_SOCOTFA,NUMBER,_T,_T,9735.0
2021,SI_COV_SOCOTFA,NUMBER,_T,_T,9152.0
2012,SI_COV_SOCOTFA,NUMBER,M,_T,5566.0
2013,SI_COV_SOCOTFA,NUMBER,M,_T,5566.0
2014,SI_COV_SOCOTFA,NUMBER,M,_T,5516.0
2015,SI_COV_SOCOTFA,NUMBER,M,_T,5480.0
2016,SI_COV_SOCOTFA,NUMBER,M,_T,5534.0
2017,SI_COV_SOCOTFA,NUMBER,M,_T,5020.0
2018,SI_COV_SOCOTFA,NUMBER,M,_T,5340.0
2019,SI_COV_SOCOTFA,NUMBER,M,_T,4726.0
2020,SI_COV_SOCOTFA,NUMBER,M,_T,4787.0
2021,SI_COV_SOCOTFA,NUMBER,M,_T,4360.0
2012,SI_COV_SOCOTFA,NUMBER,F,_T,6020.0
2013,SI_COV_SOCOTFA,NUMBER,F,_T,6020.0
2014,SI_COV_SOCOTFA,NUMBER,F,_T,5897.0
2015,SI_COV_SOCOTFA,NUMBER,F,_T,5625.0
2016,SI_COV_SOCOTFA,NUMBER,F,_T,5767.0
2017,SI_COV_SOCOTFA,NUMBER,F,_T,5461.0
2018,SI_COV_SOCOTFA,NUMBER,F,_T,6078.0
2019,SI_COV_SOCOTFA,NUMBER,F,_T,5006.0
2020,SI_COV_SOCOTFA,NUMBER,F,_T,4948.0
2021,SI_COV_SOCOTFA,NUMBER,F,_T,4792.0
2012,SI_COV_SOCOTFA,NUMBER,_T,_OWCH,1836.0
2013,SI_COV_SOCOTFA,NUMBER,_T,_OWCH,1836.0
2014,SI_COV_SOCOTFA,NUMBER,_T,_OWCH,1172.0
2015,SI_COV_SOCOTFA,NUMBER,_T,_OWCH,657.0
2016,SI_COV_SOCOTFA,NUMBER,_T,_OWCH,752.0
2017,SI_COV_SOCOTFA,NUMBER,_T,_OWCH,783.0
2018,SI_COV_SOCOTFA,NUMBER,_T,_OWCH,625.0
2019,SI_COV_SOCOTFA,NUMBER,_T,_OWCH,643.0
2020,SI_COV_SOCOTFA,NUMBER,_T,_OWCH,560.0
2021,SI_COV_SOCOTFA,NUMBER,_T,_OWCH,575.0
2012,SI_COV_SOCOTFA,NUMBER,M,_OWCH,839.0
2013,SI_COV_SOCOTFA,NUMBER,M,_OWCH,839.0
2014,SI_COV_SOCOTFA,NUMBER,M,_OWCH,534.0
2015,SI_COV_SOCOTFA,NUMBER,M,_OWCH,319.0
2016,SI_COV_SOCOTFA,NUMBER,M,_OWCH,395.0
2017,SI_COV_SOCOTFA,NUMBER,M,_OWCH,357.0
2018,SI_COV_SOCOTFA,NUMBER,M,_OWCH,289.0
2019,SI_COV_SOCOTFA,NUMBER,M,_OWCH,373.0
2020,SI_COV_SOCOTFA,NUMBER,M,_OWCH,268.0
2021,SI_COV_SOCOTFA,NUMBER,M,_OWCH,293.0
2012,SI_COV_SOCOTFA,NUMBER,F,_OWCH,997.0
2013,SI_COV_SOCOTFA,NUMBER,F,_OWCH,997.0
2014,SI_COV_SOCOTFA,NUMBER,F,_OWCH,638.0
2015,SI_COV_SOCOTFA,NUMBER,F,_OWCH,338.0
2016,SI_COV_SOCOTFA,NUMBER,F,_OWCH,357.0
2017,SI_COV_SOCOTFA,NUMBER,F,_OWCH,426.0
2018,SI_COV_SOCOTFA,NUMBER,F,_OWCH,336.0
2019,SI_COV_SOCOTFA,NUMBER,F,_OWCH,270.0
2020,SI_COV_SOCOTFA,NUMBER,F,_OWCH,292.0
2021,SI_COV_SOCOTFA,NUMBER,F,_OWCH,282.0
2018,SI_COV_SOCPDPENS,NUMBER,_T,_T,4192.0
2019,SI_COV_SOCPDPENS,NUMBER,_T,_T,4944.0
2020,SI_COV_SOCPDPENS,NUMBER,_T,_T,6278.0
2021,SI_COV_SOCPDPENS,NUMBER,_T,_T,6727.0
2018,SI_COV_SOCPDPENS,NUMBER,M,_T,2233.0
2019,SI_COV_SOCPDPENS,NUMBER,M,_T,2843.0
2020,SI_COV_SOCPDPENS,NUMBER,M,_T,3665.0
2021,SI_COV_SOCPDPENS,NUMBER,M,_T,3953.0
2018,SI_COV_SOCPDPENS,NUMBER,F,_T,1959.0
2019,SI_COV_SOCPDPENS,NUMBER,F,_T,2101.0
2020,SI_COV_SOCPDPENS,NUMBER,F,_T,2613.0
2021,SI_COV_SOCPDPENS,NUMBER,F,_T,2774.0
2018,SI_COV_SOCPDPENS,NUMBER,_T,_OWCH,1048.0
2019,SI_COV_SOCPDPENS,NUMBER,_T,_OWCH,1214.0
2020,SI_COV_SOCPDPENS,NUMBER,_T,_OWCH,1445.0
2021,SI_COV_SOCPDPENS,NUMBER,_T,_OWCH,1626.0
2018,SI_COV_SOCPDPENS,NUMBER,M,_OWCH,670.0
2019,SI_COV_SOCPDPENS,NUMBER,M,_OWCH,777.0
2020,SI_COV_SOCPDPENS,NUMBER,M,_OWCH,912.0
2021,SI_COV_SOCPDPENS,NUMBER,M,_OWCH,1019.0
2018,SI_COV_SOCPDPENS,NUMBER,F,_OWCH,378.0
2019,SI_COV_SOCPDPENS,NUMBER,F,_OWCH,437.0
2020,SI_COV_SOCPDPENS,NUMBER,F,_OWCH,533.0
2021,SI_COV_SOCPDPENS,NUMBER,F,_OWCH,607.0
