Year,SERIES,UNIT_MEASURE,SEX,AGE,COMPOSITE_BREAKDOWN,Unnamed: 7,Unnamed: 8,Unnamed: 9,Unnamed: 10,Value
2009.0,VC_HTF_DETCA,NUMBER,_T,,_T,,,,,0.0
2010.0,VC_HTF_DETCA,NUMBER,_T,,_T,,,,,0.0
2011.0,VC_HTF_DETCA,NUMBER,_T,,_T,,,,,1.0
2012.0,VC_HTF_DETCA,NUMBER,_T,,_T,,,,,1.0
2013.0,VC_HTF_DETCA,NUMBER,_T,,_T,,,,,0.0
2014.0,VC_HTF_DETCA,NUMBER,_T,,_T,,,,,0.0
2015.0,VC_HTF_DETCA,NUMBER,_T,,_T,,,,,1.0
2016.0,VC_HTF_DETCA,NUMBER,_T,,_T,,,,,1.0
2017.0,VC_HTF_DETCA,NUMBER,_T,,_T,,,,,1.0
2018.0,VC_HTF_DETCA,NUMBER,_T,,_T,,,,,0.0
2019.0,VC_HTF_DETCA,NUMBER,_T,,_T,,,,,1.0
2020.0,VC_HTF_DETCA,NUMBER,_T,,_T,,,,,1.0
2021.0,VC_HTF_DETCA,NUMBER,_T,,_T,,,,,0.0
2009.0,VC_HTF_DETCA,NUMBER,_T,,VC_HTF_01,,,,,0.0
2010.0,VC_HTF_DETCA,NUMBER,_T,,VC_HTF_01,,,,,0.0
2011.0,VC_HTF_DETCA,NUMBER,_T,,VC_HTF_01,,,,,1.0
2012.0,VC_HTF_DETCA,NUMBER,_T,,VC_HTF_01,,,,,1.0
2013.0,VC_HTF_DETCA,NUMBER,_T,,VC_HTF_01,,,,,0.0
2014.0,VC_HTF_DETCA,NUMBER,_T,,VC_HTF_01,,,,,0.0
2015.0,VC_HTF_DETCA,NUMBER,_T,,VC_HTF_01,,,,,1.0
2016.0,VC_HTF_DETCA,NUMBER,_T,,VC_HTF_01,,,,,1.0
2017.0,VC_HTF_DETCA,NUMBER,_T,,VC_HTF_01,,,,,0.0
2018.0,VC_HTF_DETCA,NUMBER,_T,,VC_HTF_01,,,,,0.0
2019.0,VC_HTF_DETCA,NUMBER,_T,,VC_HTF_01,,,,,0.0
2020.0,VC_HTF_DETCA,NUMBER,_T,,VC_HTF_01,,,,,0.0
2021.0,VC_HTF_DETCA,NUMBER,_T,,VC_HTF_01,,,,,0.0
2009.0,VC_HTF_DETCA,NUMBER,_T,,VC_HTF_02,,,,,0.0
2010.0,VC_HTF_DETCA,NUMBER,_T,,VC_HTF_02,,,,,0.0
2011.0,VC_HTF_DETCA,NUMBER,_T,,VC_HTF_02,,,,,0.0
2012.0,VC_HTF_DETCA,NUMBER,_T,,VC_HTF_02,,,,,0.0
2013.0,VC_HTF_DETCA,NUMBER,_T,,VC_HTF_02,,,,,0.0
2014.0,VC_HTF_DETCA,NUMBER,_T,,VC_HTF_02,,,,,0.0
2015.0,VC_HTF_DETCA,NUMBER,_T,,VC_HTF_02,,,,,0.0
2016.0,VC_HTF_DETCA,NUMBER,_T,,VC_HTF_02,,,,,0.0
2017.0,VC_HTF_DETCA,NUMBER,_T,,VC_HTF_02,,,,,0.0
2018.0,VC_HTF_DETCA,NUMBER,_T,,VC_HTF_02,,,,,0.0
2019.0,VC_HTF_DETCA,NUMBER,_T,,VC_HTF_02,,,,,0.0
2020.0,VC_HTF_DETCA,NUMBER,_T,,VC_HTF_02,,,,,0.0
2021.0,VC_HTF_DETCA,NUMBER,_T,,VC_HTF_02,,,,,0.0
2009.0,VC_HTF_DETCA,NUMBER,_T,,VC_HTF_03,,,,,0.0
2010.0,VC_HTF_DETCA,NUMBER,_T,,VC_HTF_03,,,,,0.0
2011.0,VC_HTF_DETCA,NUMBER,_T,,VC_HTF_03,,,,,0.0
2012.0,VC_HTF_DETCA,NUMBER,_T,,VC_HTF_03,,,,,0.0
2013.0,VC_HTF_DETCA,NUMBER,_T,,VC_HTF_03,,,,,0.0
2014.0,VC_HTF_DETCA,NUMBER,_T,,VC_HTF_03,,,,,0.0
2015.0,VC_HTF_DETCA,NUMBER,_T,,VC_HTF_03,,,,,0.0
2016.0,VC_HTF_DETCA,NUMBER,_T,,VC_HTF_03,,,,,0.0
2017.0,VC_HTF_DETCA,NUMBER,_T,,VC_HTF_03,,,,,1.0
2018.0,VC_HTF_DETCA,NUMBER,_T,,VC_HTF_03,,,,,0.0
2019.0,VC_HTF_DETCA,NUMBER,_T,,VC_HTF_03,,,,,1.0
2020.0,VC_HTF_DETCA,NUMBER,_T,,VC_HTF_03,,,,,1.0
2021.0,VC_HTF_DETCA,NUMBER,_T,,VC_HTF_03,,,,,0.0
2009.0,VC_HTF_DETV,NUMBER,_T,_T,,,,,,0.0
2010.0,VC_HTF_DETV,NUMBER,_T,_T,,,,,,0.0
2011.0,VC_HTF_DETV,NUMBER,_T,_T,,,,,,1.0
2012.0,VC_HTF_DETV,NUMBER,_T,_T,,,,,,2.0
2013.0,VC_HTF_DETV,NUMBER,_T,_T,,,,,,0.0
2014.0,VC_HTF_DETV,NUMBER,_T,_T,,,,,,0.0
2015.0,VC_HTF_DETV,NUMBER,_T,_T,,,,,,1.0
2016.0,VC_HTF_DETV,NUMBER,_T,_T,,,,,,1.0
2017.0,VC_HTF_DETV,NUMBER,_T,_T,,,,,,1.0
2018.0,VC_HTF_DETV,NUMBER,_T,_T,,,,,,0.0
2019.0,VC_HTF_DETV,NUMBER,_T,_T,,,,,,1.0
2020.0,VC_HTF_DETV,NUMBER,_T,_T,,,,,,1.0
2021.0,VC_HTF_DETV,NUMBER,_T,_T,,,,,,0.0
2009.0,VC_HTF_DETV,NUMBER,M,_A,,,,,,0.0
2010.0,VC_HTF_DETV,NUMBER,M,_A,,,,,,0.0
2011.0,VC_HTF_DETV,NUMBER,M,_A,,,,,,0.0
2012.0,VC_HTF_DETV,NUMBER,M,_A,,,,,,0.0
2013.0,VC_HTF_DETV,NUMBER,M,_A,,,,,,0.0
2014.0,VC_HTF_DETV,NUMBER,M,_A,,,,,,0.0
2015.0,VC_HTF_DETV,NUMBER,M,_A,,,,,,0.0
2016.0,VC_HTF_DETV,NUMBER,M,_A,,,,,,1.0
2017.0,VC_HTF_DETV,NUMBER,M,_A,,,,,,0.0
2018.0,VC_HTF_DETV,NUMBER,M,_A,,,,,,0.0
2019.0,VC_HTF_DETV,NUMBER,M,_A,,,,,,0.0
2020.0,VC_HTF_DETV,NUMBER,M,_A,,,,,,0.0
2021.0,VC_HTF_DETV,NUMBER,M,_A,,,,,,0.0
2009.0,VC_HTF_DETV,NUMBER,F,_A,,,,,,0.0
2010.0,VC_HTF_DETV,NUMBER,F,_A,,,,,,0.0
2011.0,VC_HTF_DETV,NUMBER,F,_A,,,,,,1.0
2012.0,VC_HTF_DETV,NUMBER,F,_A,,,,,,2.0
2013.0,VC_HTF_DETV,NUMBER,F,_A,,,,,,0.0
2014.0,VC_HTF_DETV,NUMBER,F,_A,,,,,,0.0
2015.0,VC_HTF_DETV,NUMBER,F,_A,,,,,,1.0
2016.0,VC_HTF_DETV,NUMBER,F,_A,,,,,,0.0
2017.0,VC_HTF_DETV,NUMBER,F,_A,,,,,,0.0
2018.0,VC_HTF_DETV,NUMBER,F,_A,,,,,,0.0
2019.0,VC_HTF_DETV,NUMBER,F,_A,,,,,,0.0
2020.0,VC_HTF_DETV,NUMBER,F,_A,,,,,,0.0
2021.0,VC_HTF_DETV,NUMBER,F,_A,,,,,,0.0
2009.0,VC_HTF_DETV,NUMBER,F,_M,,,,,,0.0
2010.0,VC_HTF_DETV,NUMBER,F,_M,,,,,,0.0
2011.0,VC_HTF_DETV,NUMBER,F,_M,,,,,,0.0
2012.0,VC_HTF_DETV,NUMBER,F,_M,,,,,,0.0
2013.0,VC_HTF_DETV,NUMBER,F,_M,,,,,,0.0
2014.0,VC_HTF_DETV,NUMBER,F,_M,,,,,,0.0
2015.0,VC_HTF_DETV,NUMBER,F,_M,,,,,,0.0
2016.0,VC_HTF_DETV,NUMBER,F,_M,,,,,,0.0
2017.0,VC_HTF_DETV,NUMBER,F,_M,,,,,,1.0
2018.0,VC_HTF_DETV,NUMBER,F,_M,,,,,,0.0
2019.0,VC_HTF_DETV,NUMBER,F,_M,,,,,,1.0
2020.0,VC_HTF_DETV,NUMBER,F,_M,,,,,,1.0
2021.0,VC_HTF_DETV,NUMBER,F,_M,,,,,,0.0
2009.0,VC_HTF_DETV,NUMBER,_T,_T,VC_HTFET_01,,,,,0.0
2010.0,VC_HTF_DETV,NUMBER,_T,_T,VC_HTFET_01,,,,,0.0
2011.0,VC_HTF_DETV,NUMBER,_T,_T,VC_HTFET_01,,,,,1.0
2012.0,VC_HTF_DETV,NUMBER,_T,_T,VC_HTFET_01,,,,,2.0
2013.0,VC_HTF_DETV,NUMBER,_T,_T,VC_HTFET_01,,,,,0.0
2014.0,VC_HTF_DETV,NUMBER,_T,_T,VC_HTFET_01,,,,,0.0
2015.0,VC_HTF_DETV,NUMBER,_T,_T,VC_HTFET_01,,,,,1.0
2016.0,VC_HTF_DETV,NUMBER,_T,_T,VC_HTFET_01,,,,,0.0
2017.0,VC_HTF_DETV,NUMBER,_T,_T,VC_HTFET_01,,,,,1.0
2018.0,VC_HTF_DETV,NUMBER,_T,_T,VC_HTFET_01,,,,,0.0
2019.0,VC_HTF_DETV,NUMBER,_T,_T,VC_HTFET_01,,,,,1.0
2020.0,VC_HTF_DETV,NUMBER,_T,_T,VC_HTFET_01,,,,,0.0
2021.0,VC_HTF_DETV,NUMBER,_T,_T,VC_HTFET_01,,,,,0.0
2009.0,VC_HTF_DETV,NUMBER,_T,_T,VC_HTFET_02,,,,,0.0
2010.0,VC_HTF_DETV,NUMBER,_T,_T,VC_HTFET_02,,,,,0.0
2011.0,VC_HTF_DETV,NUMBER,_T,_T,VC_HTFET_02,,,,,0.0
2012.0,VC_HTF_DETV,NUMBER,_T,_T,VC_HTFET_02,,,,,0.0
2013.0,VC_HTF_DETV,NUMBER,_T,_T,VC_HTFET_02,,,,,0.0
2014.0,VC_HTF_DETV,NUMBER,_T,_T,VC_HTFET_02,,,,,0.0
2015.0,VC_HTF_DETV,NUMBER,_T,_T,VC_HTFET_02,,,,,0.0
2016.0,VC_HTF_DETV,NUMBER,_T,_T,VC_HTFET_02,,,,,0.0
2017.0,VC_HTF_DETV,NUMBER,_T,_T,VC_HTFET_02,,,,,0.0
2018.0,VC_HTF_DETV,NUMBER,_T,_T,VC_HTFET_02,,,,,0.0
2019.0,VC_HTF_DETV,NUMBER,_T,_T,VC_HTFET_02,,,,,0.0
2020.0,VC_HTF_DETV,NUMBER,_T,_T,VC_HTFET_02,,,,,1.0
2021.0,VC_HTF_DETV,NUMBER,_T,_T,VC_HTFET_02,,,,,0.0
2009.0,VC_HTF_DETV,NUMBER,_T,_T,UNK,,,,,0.0
2010.0,VC_HTF_DETV,NUMBER,_T,_T,UNK,,,,,0.0
2011.0,VC_HTF_DETV,NUMBER,_T,_T,UNK,,,,,0.0
2012.0,VC_HTF_DETV,NUMBER,_T,_T,UNK,,,,,0.0
2013.0,VC_HTF_DETV,NUMBER,_T,_T,UNK,,,,,0.0
2014.0,VC_HTF_DETV,NUMBER,_T,_T,UNK,,,,,0.0
2015.0,VC_HTF_DETV,NUMBER,_T,_T,UNK,,,,,0.0
2016.0,VC_HTF_DETV,NUMBER,_T,_T,UNK,,,,,1.0
2017.0,VC_HTF_DETV,NUMBER,_T,_T,UNK,,,,,0.0
2018.0,VC_HTF_DETV,NUMBER,_T,_T,UNK,,,,,0.0
2019.0,VC_HTF_DETV,NUMBER,_T,_T,UNK,,,,,0.0
2020.0,VC_HTF_DETV,NUMBER,_T,_T,UNK,,,,,0.0
2021.0,VC_HTF_DETV,NUMBER,_T,_T,UNK,,,,,0.0
2009.0,VC_HTF_DETVR,PER_100000_POP,,,,,,,,0.0
2010.0,VC_HTF_DETVR,PER_100000_POP,,,,,,,,0.0
2011.0,VC_HTF_DETVR,PER_100000_POP,,,,,,,,0.1
2012.0,VC_HTF_DETVR,PER_100000_POP,,,,,,,,0.2
2013.0,VC_HTF_DETVR,PER_100000_POP,,,,,,,,0.0
2014.0,VC_HTF_DETVR,PER_100000_POP,,,,,,,,0.0
2015.0,VC_HTF_DETVR,PER_100000_POP,,,,,,,,0.1
2016.0,VC_HTF_DETVR,PER_100000_POP,,,,,,,,0.1
2017.0,VC_HTF_DETVR,PER_100000_POP,,,,,,,,0.1
2018.0,VC_HTF_DETVR,PER_100000_POP,,,,,,,,0.0
2019.0,VC_HTF_DETVR,PER_100000_POP,,,,,,,,0.1
2020.0,VC_HTF_DETVR,PER_100000_POP,,,,,,,,0.1
2021.0,VC_HTF_DETVR,PER_100000_POP,,,,,,,,0.0
,,,,,,,,,,
