Year,SERIES,UNIT_MEASURE,AGE,SEX,Unnamed: 6,Unnamed: 7,Unnamed: 8,Unnamed: 9,Unnamed: 10,Value
2009.0,SH_DYN_MORT,PER_1000_LIVE_BIRTHS,Y0T4,_T,,,,,,5.5
2010.0,SH_DYN_MORT,PER_1000_LIVE_BIRTHS,Y0T4,_T,,,,,,4.9
2011.0,SH_DYN_MORT,PER_1000_LIVE_BIRTHS,Y0T4,_T,,,,,,4.9
2012.0,SH_DYN_MORT,PER_1000_LIVE_BIRTHS,Y0T4,_T,,,,,,4.5
2013.0,SH_DYN_MORT,PER_1000_LIVE_BIRTHS,Y0T4,_T,,,,,,4.8
2014.0,SH_DYN_MORT,PER_1000_LIVE_BIRTHS,Y0T4,_T,,,,,,3.5
2015.0,SH_DYN_MORT,PER_1000_LIVE_BIRTHS,Y0T4,_T,,,,,,3.5
2016.0,SH_DYN_MORT,PER_1000_LIVE_BIRTHS,Y0T4,_T,,,,,,3.4
2017.0,SH_DYN_MORT,PER_1000_LIVE_BIRTHS,Y0T4,_T,,,,,,2.9
2018.0,SH_DYN_MORT,PER_1000_LIVE_BIRTHS,Y0T4,_T,,,,,,2.7
2019.0,SH_DYN_MORT,PER_1000_LIVE_BIRTHS,Y0T4,_T,,,,,,2.2
2020.0,SH_DYN_MORT,PER_1000_LIVE_BIRTHS,Y0T4,_T,,,,,,5.6
2021.0,SH_DYN_MORT,PER_1000_LIVE_BIRTHS,Y0T4,_T,,,,,,2.2
,,,,,,,,,,
,,,,,,,,,,
,,,,,,,,,,
,,,,,,,,,,
,,,,,,,,,,
,,,,,,,,,,
,,,,,,,,,,
,,,,,,,,,,
,,,,,,,,,,
,,,,,,,,,,
,,,,,,,,,,
,,,,,,,,,,
,,,,,,,,,,
,,,,,,,,,,
,,,,,,,,,,
,,,,,,,,,,
,,,,,,,,,,
,,,,,,,,,,
,,,,,,,,,,
,,,,,,,,,,
,,,,,,,,,,
,,,,,,,,,,
,,,,,,,,,,
,,,,,,,,,,
,,,,,,,,,,
,,,,,,,,,,
,,,,,,,,,,
,,,,,,,,,,
,,,,,,,,,,
,,,,,,,,,,
,,,,,,,,,,
,,,,,,,,,,
,,,,,,,,,,
,,,,,,,,,,
,,,,,,,,,,
