Year,SERIES,UNIT_MEASURE,Value
2000,NY_GDP_PCAP,PT,5.19
2001,NY_GDP_PCAP,PT,2.31
2002,NY_GDP_PCAP,PT,4.92
2003,NY_GDP_PCAP,PT,3.79
2004,NY_GDP_PCAP,PT,6.27
2005,NY_GDP_PCAP,PT,3.87
2006,NY_GDP_PCAP,PT,5.41
2007,NY_GDP_PCAP,PT,5.93
2008,NY_GDP_PCAP,PT,5.68
2009,NY_GDP_PCAP,PT,-2.53
2010,NY_GDP_PCAP,PT,1.69
2011,NY_GDP_PCAP,PT,2.18
2012,NY_GDP_PCAP,PT,0.72
2013,NY_GDP_PCAP,PT,4.15
2014,NY_GDP_PCAP,PT,2.91
2015,NY_GDP_PCAP,PT,4.67
2016,NY_GDP_PCAP,PT,4.46
2017,NY_GDP_PCAP,PT,4.24
2018,NY_GDP_PCAP,PT,4.6
2019,NY_GDP_PCAP,PT,3.55
