Year,SERIES,UNIT_MEASURE,PRODUCT,Value
2000,EN_MAT_DOMCMPC,TONNES,ALP,6.66751
2001,EN_MAT_DOMCMPC,TONNES,ALP,6.91586
2002,EN_MAT_DOMCMPC,TONNES,ALP,7.31228
2003,EN_MAT_DOMCMPC,TONNES,ALP,8.69966
2004,EN_MAT_DOMCMPC,TONNES,ALP,9.28786
2005,EN_MAT_DOMCMPC,TONNES,ALP,9.80739
2006,EN_MAT_DOMCMPC,TONNES,ALP,10.78876
2007,EN_MAT_DOMCMPC,TONNES,ALP,10.89829
2008,EN_MAT_DOMCMPC,TONNES,ALP,12.12867
2009,EN_MAT_DOMCMPC,TONNES,ALP,11.40177
2010,EN_MAT_DOMCMPC,TONNES,ALP,11.12588
2011,EN_MAT_DOMCMPC,TONNES,ALP,11.71399
2012,EN_MAT_DOMCMPC,TONNES,ALP,12.08488
2013,EN_MAT_DOMCMPC,TONNES,ALP,11.4451
2014,EN_MAT_DOMCMPC,TONNES,ALP,11.17667
2015,EN_MAT_DOMCMPC,TONNES,ALP,12.47721
2016,EN_MAT_DOMCMPC,TONNES,ALP,13.67454
2017,EN_MAT_DOMCMPC,TONNES,ALP,12.8607
2018,EN_MAT_DOMCMPC,TONNES,ALP,14.19415
2019,EN_MAT_DOMCMPC,TONNES,ALP,14.46275
2000,EN_MAT_DOMCMPC,TONNES,BIM,2.5325
2001,EN_MAT_DOMCMPC,TONNES,BIM,2.69833
2002,EN_MAT_DOMCMPC,TONNES,BIM,2.73528
2003,EN_MAT_DOMCMPC,TONNES,BIM,2.31352
2004,EN_MAT_DOMCMPC,TONNES,BIM,2.83925
2005,EN_MAT_DOMCMPC,TONNES,BIM,2.8148
2006,EN_MAT_DOMCMPC,TONNES,BIM,2.90239
2007,EN_MAT_DOMCMPC,TONNES,BIM,2.51972
2008,EN_MAT_DOMCMPC,TONNES,BIM,2.80323
2009,EN_MAT_DOMCMPC,TONNES,BIM,2.70012
2010,EN_MAT_DOMCMPC,TONNES,BIM,2.59111
2011,EN_MAT_DOMCMPC,TONNES,BIM,2.59921
2012,EN_MAT_DOMCMPC,TONNES,BIM,2.3632
2013,EN_MAT_DOMCMPC,TONNES,BIM,2.70089
2014,EN_MAT_DOMCMPC,TONNES,BIM,2.55069
2015,EN_MAT_DOMCMPC,TONNES,BIM,2.79108
2016,EN_MAT_DOMCMPC,TONNES,BIM,3.26414
2017,EN_MAT_DOMCMPC,TONNES,BIM,2.78267
2018,EN_MAT_DOMCMPC,TONNES,BIM,3.39949
2019,EN_MAT_DOMCMPC,TONNES,BIM,3.51815
2000,EN_MAT_DOMCMPC,TONNES,COL,1.96685
2001,EN_MAT_DOMCMPC,TONNES,COL,1.99573
2002,EN_MAT_DOMCMPC,TONNES,COL,2.06789
2003,EN_MAT_DOMCMPC,TONNES,COL,2.24046
2004,EN_MAT_DOMCMPC,TONNES,COL,2.32347
2005,EN_MAT_DOMCMPC,TONNES,COL,2.49965
2006,EN_MAT_DOMCMPC,TONNES,COL,2.72931
2007,EN_MAT_DOMCMPC,TONNES,COL,2.68365
2008,EN_MAT_DOMCMPC,TONNES,COL,3.08796
2009,EN_MAT_DOMCMPC,TONNES,COL,3.24336
2010,EN_MAT_DOMCMPC,TONNES,COL,3.20714
2011,EN_MAT_DOMCMPC,TONNES,COL,3.70264
2012,EN_MAT_DOMCMPC,TONNES,COL,3.53956
2013,EN_MAT_DOMCMPC,TONNES,COL,3.54909
2014,EN_MAT_DOMCMPC,TONNES,COL,3.63228
2015,EN_MAT_DOMCMPC,TONNES,COL,3.84736
2016,EN_MAT_DOMCMPC,TONNES,COL,4.35102
2017,EN_MAT_DOMCMPC,TONNES,COL,4.55235
2018,EN_MAT_DOMCMPC,TONNES,COL,4.75971
2019,EN_MAT_DOMCMPC,TONNES,COL,5.05564
2000,EN_MAT_DOMCMPC,TONNES,CPR,0.33995
2001,EN_MAT_DOMCMPC,TONNES,CPR,0.43442
2002,EN_MAT_DOMCMPC,TONNES,CPR,0.49739
2003,EN_MAT_DOMCMPC,TONNES,CPR,0.30594
2004,EN_MAT_DOMCMPC,TONNES,CPR,0.54609
2005,EN_MAT_DOMCMPC,TONNES,CPR,0.52252
2006,EN_MAT_DOMCMPC,TONNES,CPR,0.51706
2007,EN_MAT_DOMCMPC,TONNES,CPR,0.38303
2008,EN_MAT_DOMCMPC,TONNES,CPR,0.52794
2009,EN_MAT_DOMCMPC,TONNES,CPR,0.53095
2010,EN_MAT_DOMCMPC,TONNES,CPR,0.43655
2011,EN_MAT_DOMCMPC,TONNES,CPR,0.44098
2012,EN_MAT_DOMCMPC,TONNES,CPR,0.35425
2013,EN_MAT_DOMCMPC,TONNES,CPR,0.48951
2014,EN_MAT_DOMCMPC,TONNES,CPR,0.44769
2015,EN_MAT_DOMCMPC,TONNES,CPR,0.47583
2016,EN_MAT_DOMCMPC,TONNES,CPR,0.69881
2017,EN_MAT_DOMCMPC,TONNES,CPR,0.49026
2018,EN_MAT_DOMCMPC,TONNES,CPR,0.75175
2019,EN_MAT_DOMCMPC,TONNES,CPR,0.7592
2000,EN_MAT_DOMCMPC,TONNES,CRO,0.82726
2001,EN_MAT_DOMCMPC,TONNES,CRO,1.00305
2002,EN_MAT_DOMCMPC,TONNES,CRO,0.94311
2003,EN_MAT_DOMCMPC,TONNES,CRO,0.70471
2004,EN_MAT_DOMCMPC,TONNES,CRO,1.16369
2005,EN_MAT_DOMCMPC,TONNES,CRO,1.13542
2006,EN_MAT_DOMCMPC,TONNES,CRO,1.09678
2007,EN_MAT_DOMCMPC,TONNES,CRO,0.9971
2008,EN_MAT_DOMCMPC,TONNES,CRO,1.12042
2009,EN_MAT_DOMCMPC,TONNES,CRO,1.09826
2010,EN_MAT_DOMCMPC,TONNES,CRO,1.02595
2011,EN_MAT_DOMCMPC,TONNES,CRO,1.03345
2012,EN_MAT_DOMCMPC,TONNES,CRO,0.92331
2013,EN_MAT_DOMCMPC,TONNES,CRO,1.12377
2014,EN_MAT_DOMCMPC,TONNES,CRO,1.03808
2015,EN_MAT_DOMCMPC,TONNES,CRO,1.14174
2016,EN_MAT_DOMCMPC,TONNES,CRO,1.3502
2017,EN_MAT_DOMCMPC,TONNES,CRO,1.14346
2018,EN_MAT_DOMCMPC,TONNES,CRO,1.41392
2019,EN_MAT_DOMCMPC,TONNES,CRO,1.41321
2000,EN_MAT_DOMCMPC,TONNES,FEO,0.09677
2001,EN_MAT_DOMCMPC,TONNES,FEO,0.0703
2002,EN_MAT_DOMCMPC,TONNES,FEO,0.05639
2003,EN_MAT_DOMCMPC,TONNES,FEO,0.08027
2004,EN_MAT_DOMCMPC,TONNES,FEO,0.1232
2005,EN_MAT_DOMCMPC,TONNES,FEO,0.49246
2006,EN_MAT_DOMCMPC,TONNES,FEO,0.50163
2007,EN_MAT_DOMCMPC,TONNES,FEO,0.44725
2008,EN_MAT_DOMCMPC,TONNES,FEO,0.57663
2009,EN_MAT_DOMCMPC,TONNES,FEO,0.63231
2010,EN_MAT_DOMCMPC,TONNES,FEO,0.26833
2011,EN_MAT_DOMCMPC,TONNES,FEO,0.35823
2012,EN_MAT_DOMCMPC,TONNES,FEO,0.30919
2013,EN_MAT_DOMCMPC,TONNES,FEO,0.39631
2014,EN_MAT_DOMCMPC,TONNES,FEO,0.4134
2015,EN_MAT_DOMCMPC,TONNES,FEO,0.54462
2016,EN_MAT_DOMCMPC,TONNES,FEO,0.44157
2017,EN_MAT_DOMCMPC,TONNES,FEO,0.46571
2018,EN_MAT_DOMCMPC,TONNES,FEO,0.41356
2019,EN_MAT_DOMCMPC,TONNES,FEO,0.39741
2000,EN_MAT_DOMCMPC,TONNES,FOF,2.15229
2001,EN_MAT_DOMCMPC,TONNES,FOF,2.09481
2002,EN_MAT_DOMCMPC,TONNES,FOF,2.16027
2003,EN_MAT_DOMCMPC,TONNES,FOF,2.29718
2004,EN_MAT_DOMCMPC,TONNES,FOF,2.42779
2005,EN_MAT_DOMCMPC,TONNES,FOF,2.60424
2006,EN_MAT_DOMCMPC,TONNES,FOF,2.80334
2007,EN_MAT_DOMCMPC,TONNES,FOF,2.76034
2008,EN_MAT_DOMCMPC,TONNES,FOF,3.18904
2009,EN_MAT_DOMCMPC,TONNES,FOF,3.53458
2010,EN_MAT_DOMCMPC,TONNES,FOF,3.55006
2011,EN_MAT_DOMCMPC,TONNES,FOF,4.07062
2012,EN_MAT_DOMCMPC,TONNES,FOF,3.8662
2013,EN_MAT_DOMCMPC,TONNES,FOF,3.87385
2014,EN_MAT_DOMCMPC,TONNES,FOF,3.93617
2015,EN_MAT_DOMCMPC,TONNES,FOF,4.1569
2016,EN_MAT_DOMCMPC,TONNES,FOF,4.66478
2017,EN_MAT_DOMCMPC,TONNES,FOF,4.85336
2018,EN_MAT_DOMCMPC,TONNES,FOF,5.01431
2019,EN_MAT_DOMCMPC,TONNES,FOF,5.32783
2000,EN_MAT_DOMCMPC,TONNES,GAS,0.04362
2001,EN_MAT_DOMCMPC,TONNES,GAS,0.02851
2002,EN_MAT_DOMCMPC,TONNES,GAS,0.02694
2003,EN_MAT_DOMCMPC,TONNES,GAS,0.0352
2004,EN_MAT_DOMCMPC,TONNES,GAS,0.05544
2005,EN_MAT_DOMCMPC,TONNES,GAS,0.06582
2006,EN_MAT_DOMCMPC,TONNES,GAS,0.06925
2007,EN_MAT_DOMCMPC,TONNES,GAS,0.07324
2008,EN_MAT_DOMCMPC,TONNES,GAS,0.07285
2009,EN_MAT_DOMCMPC,TONNES,GAS,0.04176
2010,EN_MAT_DOMCMPC,TONNES,GAS,0.04417
2011,EN_MAT_DOMCMPC,TONNES,GAS,0.05087
2012,EN_MAT_DOMCMPC,TONNES,GAS,0.04758
2013,EN_MAT_DOMCMPC,TONNES,GAS,0.03768
2014,EN_MAT_DOMCMPC,TONNES,GAS,0.03566
2015,EN_MAT_DOMCMPC,TONNES,GAS,0.04243
2016,EN_MAT_DOMCMPC,TONNES,GAS,0.04473
2017,EN_MAT_DOMCMPC,TONNES,GAS,0.04888
2018,EN_MAT_DOMCMPC,TONNES,GAS,0.04912
2019,EN_MAT_DOMCMPC,TONNES,GAS,0.0498
2000,EN_MAT_DOMCMPC,TONNES,GBO,0.70588
2001,EN_MAT_DOMCMPC,TONNES,GBO,0.68107
2002,EN_MAT_DOMCMPC,TONNES,GBO,0.64274
2003,EN_MAT_DOMCMPC,TONNES,GBO,0.68804
2004,EN_MAT_DOMCMPC,TONNES,GBO,0.72523
2005,EN_MAT_DOMCMPC,TONNES,GBO,0.73455
2006,EN_MAT_DOMCMPC,TONNES,GBO,0.81591
2007,EN_MAT_DOMCMPC,TONNES,GBO,0.76327
2008,EN_MAT_DOMCMPC,TONNES,GBO,0.75129
2009,EN_MAT_DOMCMPC,TONNES,GBO,0.75533
2010,EN_MAT_DOMCMPC,TONNES,GBO,0.76264
2011,EN_MAT_DOMCMPC,TONNES,GBO,0.75896
2012,EN_MAT_DOMCMPC,TONNES,GBO,0.75371
2013,EN_MAT_DOMCMPC,TONNES,GBO,0.77249
2014,EN_MAT_DOMCMPC,TONNES,GBO,0.78306
2015,EN_MAT_DOMCMPC,TONNES,GBO,0.80777
2016,EN_MAT_DOMCMPC,TONNES,GBO,0.81762
2017,EN_MAT_DOMCMPC,TONNES,GBO,0.81097
2018,EN_MAT_DOMCMPC,TONNES,GBO,0.80666
2019,EN_MAT_DOMCMPC,TONNES,GBO,0.80886
2000,EN_MAT_DOMCMPC,TONNES,MEO,0.1681
2001,EN_MAT_DOMCMPC,TONNES,MEO,0.09772
2002,EN_MAT_DOMCMPC,TONNES,MEO,0.08991
2003,EN_MAT_DOMCMPC,TONNES,MEO,0.25214
2004,EN_MAT_DOMCMPC,TONNES,MEO,0.29717
2005,EN_MAT_DOMCMPC,TONNES,MEO,0.73427
2006,EN_MAT_DOMCMPC,TONNES,MEO,0.6931
2007,EN_MAT_DOMCMPC,TONNES,MEO,0.59598
2008,EN_MAT_DOMCMPC,TONNES,MEO,0.77925
2009,EN_MAT_DOMCMPC,TONNES,MEO,0.73648
2010,EN_MAT_DOMCMPC,TONNES,MEO,0.41057
2011,EN_MAT_DOMCMPC,TONNES,MEO,0.54023
2012,EN_MAT_DOMCMPC,TONNES,MEO,0.50591
2013,EN_MAT_DOMCMPC,TONNES,MEO,0.58568
2014,EN_MAT_DOMCMPC,TONNES,MEO,0.59533
2015,EN_MAT_DOMCMPC,TONNES,MEO,0.78207
2016,EN_MAT_DOMCMPC,TONNES,MEO,0.65656
2017,EN_MAT_DOMCMPC,TONNES,MEO,0.6808
2018,EN_MAT_DOMCMPC,TONNES,MEO,0.66773
2019,EN_MAT_DOMCMPC,TONNES,MEO,0.65267
2000,EN_MAT_DOMCMPC,TONNES,NFO,0.07134
2001,EN_MAT_DOMCMPC,TONNES,NFO,0.02743
2002,EN_MAT_DOMCMPC,TONNES,NFO,0.03352
2003,EN_MAT_DOMCMPC,TONNES,NFO,0.17187
2004,EN_MAT_DOMCMPC,TONNES,NFO,0.17397
2005,EN_MAT_DOMCMPC,TONNES,NFO,0.24181
2006,EN_MAT_DOMCMPC,TONNES,NFO,0.19148
2007,EN_MAT_DOMCMPC,TONNES,NFO,0.14872
2008,EN_MAT_DOMCMPC,TONNES,NFO,0.20261
2009,EN_MAT_DOMCMPC,TONNES,NFO,0.10417
2010,EN_MAT_DOMCMPC,TONNES,NFO,0.14224
2011,EN_MAT_DOMCMPC,TONNES,NFO,0.182
2012,EN_MAT_DOMCMPC,TONNES,NFO,0.19671
2013,EN_MAT_DOMCMPC,TONNES,NFO,0.18937
2014,EN_MAT_DOMCMPC,TONNES,NFO,0.18193
2015,EN_MAT_DOMCMPC,TONNES,NFO,0.23745
2016,EN_MAT_DOMCMPC,TONNES,NFO,0.21499
2017,EN_MAT_DOMCMPC,TONNES,NFO,0.21509
2018,EN_MAT_DOMCMPC,TONNES,NFO,0.25417
2019,EN_MAT_DOMCMPC,TONNES,NFO,0.25526
2000,EN_MAT_DOMCMPC,TONNES,NMA,0.10943
2001,EN_MAT_DOMCMPC,TONNES,NMA,0.13942
2002,EN_MAT_DOMCMPC,TONNES,NMA,0.04607
2003,EN_MAT_DOMCMPC,TONNES,NMA,0.08761
2004,EN_MAT_DOMCMPC,TONNES,NMA,0.13588
2005,EN_MAT_DOMCMPC,TONNES,NMA,0.19862
2006,EN_MAT_DOMCMPC,TONNES,NMA,0.35223
2007,EN_MAT_DOMCMPC,TONNES,NMA,0.42364
2008,EN_MAT_DOMCMPC,TONNES,NMA,0.4501
2009,EN_MAT_DOMCMPC,TONNES,NMA,0.37312
2010,EN_MAT_DOMCMPC,TONNES,NMA,0.30845
2011,EN_MAT_DOMCMPC,TONNES,NMA,0.31825
2012,EN_MAT_DOMCMPC,TONNES,NMA,0.33326
2013,EN_MAT_DOMCMPC,TONNES,NMA,0.32326
2014,EN_MAT_DOMCMPC,TONNES,NMA,0.37169
2015,EN_MAT_DOMCMPC,TONNES,NMA,0.40165
2016,EN_MAT_DOMCMPC,TONNES,NMA,0.43234
2017,EN_MAT_DOMCMPC,TONNES,NMA,0.45378
2018,EN_MAT_DOMCMPC,TONNES,NMA,0.49092
2019,EN_MAT_DOMCMPC,TONNES,NMA,0.48513
2000,EN_MAT_DOMCMPC,TONNES,NMC,1.70518
2001,EN_MAT_DOMCMPC,TONNES,NMC,1.88558
2002,EN_MAT_DOMCMPC,TONNES,NMC,2.28075
2003,EN_MAT_DOMCMPC,TONNES,NMC,3.7492
2004,EN_MAT_DOMCMPC,TONNES,NMC,3.58777
2005,EN_MAT_DOMCMPC,TONNES,NMC,3.45544
2006,EN_MAT_DOMCMPC,TONNES,NMC,4.03769
2007,EN_MAT_DOMCMPC,TONNES,NMC,4.5986
2008,EN_MAT_DOMCMPC,TONNES,NMC,4.90705
2009,EN_MAT_DOMCMPC,TONNES,NMC,4.05747
2010,EN_MAT_DOMCMPC,TONNES,NMC,4.2657
2011,EN_MAT_DOMCMPC,TONNES,NMC,4.18568
2012,EN_MAT_DOMCMPC,TONNES,NMC,5.01631
2013,EN_MAT_DOMCMPC,TONNES,NMC,3.96143
2014,EN_MAT_DOMCMPC,TONNES,NMC,3.72279
2015,EN_MAT_DOMCMPC,TONNES,NMC,4.34552
2016,EN_MAT_DOMCMPC,TONNES,NMC,4.65673
2017,EN_MAT_DOMCMPC,TONNES,NMC,4.0901
2018,EN_MAT_DOMCMPC,TONNES,NMC,4.6217
2019,EN_MAT_DOMCMPC,TONNES,NMC,4.47897
2000,EN_MAT_DOMCMPC,TONNES,NMM,1.81461
2001,EN_MAT_DOMCMPC,TONNES,NMM,2.025
2002,EN_MAT_DOMCMPC,TONNES,NMM,2.32682
2003,EN_MAT_DOMCMPC,TONNES,NMM,3.83681
2004,EN_MAT_DOMCMPC,TONNES,NMM,3.72365
2005,EN_MAT_DOMCMPC,TONNES,NMM,3.65407
2006,EN_MAT_DOMCMPC,TONNES,NMM,4.38992
2007,EN_MAT_DOMCMPC,TONNES,NMM,5.02225
2008,EN_MAT_DOMCMPC,TONNES,NMM,5.35716
2009,EN_MAT_DOMCMPC,TONNES,NMM,4.43059
2010,EN_MAT_DOMCMPC,TONNES,NMM,4.57415
2011,EN_MAT_DOMCMPC,TONNES,NMM,4.50393
2012,EN_MAT_DOMCMPC,TONNES,NMM,5.34957
2013,EN_MAT_DOMCMPC,TONNES,NMM,4.28469
2014,EN_MAT_DOMCMPC,TONNES,NMM,4.09448
2015,EN_MAT_DOMCMPC,TONNES,NMM,4.74717
2016,EN_MAT_DOMCMPC,TONNES,NMM,5.08907
2017,EN_MAT_DOMCMPC,TONNES,NMM,4.54387
2018,EN_MAT_DOMCMPC,TONNES,NMM,5.11262
2019,EN_MAT_DOMCMPC,TONNES,NMM,4.9641
2000,EN_MAT_DOMCMPC,TONNES,ONT,0.0
2001,EN_MAT_DOMCMPC,TONNES,ONT,0.0
2002,EN_MAT_DOMCMPC,TONNES,ONT,0.0
2003,EN_MAT_DOMCMPC,TONNES,ONT,0.0
2004,EN_MAT_DOMCMPC,TONNES,ONT,0.0
2005,EN_MAT_DOMCMPC,TONNES,ONT,0.0
2006,EN_MAT_DOMCMPC,TONNES,ONT,0.0
2007,EN_MAT_DOMCMPC,TONNES,ONT,0.0
2008,EN_MAT_DOMCMPC,TONNES,ONT,0.0
2009,EN_MAT_DOMCMPC,TONNES,ONT,0.0
2010,EN_MAT_DOMCMPC,TONNES,ONT,0.0
2011,EN_MAT_DOMCMPC,TONNES,ONT,0.0
2012,EN_MAT_DOMCMPC,TONNES,ONT,0.0
2013,EN_MAT_DOMCMPC,TONNES,ONT,0.0
2014,EN_MAT_DOMCMPC,TONNES,ONT,0.0
2015,EN_MAT_DOMCMPC,TONNES,ONT,0.0
2016,EN_MAT_DOMCMPC,TONNES,ONT,0.0
2017,EN_MAT_DOMCMPC,TONNES,ONT,0.0
2018,EN_MAT_DOMCMPC,TONNES,ONT,0.0
2019,EN_MAT_DOMCMPC,TONNES,ONT,0.0
2000,EN_MAT_DOMCMPC,TONNES,PET,0.14182
2001,EN_MAT_DOMCMPC,TONNES,PET,0.07056
2002,EN_MAT_DOMCMPC,TONNES,PET,0.06544
2003,EN_MAT_DOMCMPC,TONNES,PET,0.02153
2004,EN_MAT_DOMCMPC,TONNES,PET,0.04888
2005,EN_MAT_DOMCMPC,TONNES,PET,0.03877
2006,EN_MAT_DOMCMPC,TONNES,PET,0.00478
2007,EN_MAT_DOMCMPC,TONNES,PET,0.00345
2008,EN_MAT_DOMCMPC,TONNES,PET,0.02823
2009,EN_MAT_DOMCMPC,TONNES,PET,0.24947
2010,EN_MAT_DOMCMPC,TONNES,PET,0.29875
2011,EN_MAT_DOMCMPC,TONNES,PET,0.31711
2012,EN_MAT_DOMCMPC,TONNES,PET,0.27906
2013,EN_MAT_DOMCMPC,TONNES,PET,0.28708
2014,EN_MAT_DOMCMPC,TONNES,PET,0.26823
2015,EN_MAT_DOMCMPC,TONNES,PET,0.26711
2016,EN_MAT_DOMCMPC,TONNES,PET,0.26903
2017,EN_MAT_DOMCMPC,TONNES,PET,0.25212
2018,EN_MAT_DOMCMPC,TONNES,PET,0.20548
2019,EN_MAT_DOMCMPC,TONNES,PET,0.2224
2000,EN_MAT_DOMCMPC,TONNES,WCH,0.00274
2001,EN_MAT_DOMCMPC,TONNES,WCH,0.00197
2002,EN_MAT_DOMCMPC,TONNES,WCH,0.00322
2003,EN_MAT_DOMCMPC,TONNES,WCH,0.00336
2004,EN_MAT_DOMCMPC,TONNES,WCH,0.00366
2005,EN_MAT_DOMCMPC,TONNES,WCH,0.00408
2006,EN_MAT_DOMCMPC,TONNES,WCH,0.00254
2007,EN_MAT_DOMCMPC,TONNES,WCH,0.00181
2008,EN_MAT_DOMCMPC,TONNES,WCH,0.00266
2009,EN_MAT_DOMCMPC,TONNES,WCH,0.00231
2010,EN_MAT_DOMCMPC,TONNES,WCH,0.00198
2011,EN_MAT_DOMCMPC,TONNES,WCH,0.00191
2012,EN_MAT_DOMCMPC,TONNES,WCH,0.00187
2013,EN_MAT_DOMCMPC,TONNES,WCH,0.00222
2014,EN_MAT_DOMCMPC,TONNES,WCH,0.00204
2015,EN_MAT_DOMCMPC,TONNES,WCH,0.00228
2016,EN_MAT_DOMCMPC,TONNES,WCH,0.00244
2017,EN_MAT_DOMCMPC,TONNES,WCH,0.00226
2018,EN_MAT_DOMCMPC,TONNES,WCH,0.00227
2019,EN_MAT_DOMCMPC,TONNES,WCH,0.00238
2000,EN_MAT_DOMCMPC,TONNES,WOD,0.65667
2001,EN_MAT_DOMCMPC,TONNES,WOD,0.57781
2002,EN_MAT_DOMCMPC,TONNES,WOD,0.64883
2003,EN_MAT_DOMCMPC,TONNES,WOD,0.61147
2004,EN_MAT_DOMCMPC,TONNES,WOD,0.40058
2005,EN_MAT_DOMCMPC,TONNES,WOD,0.41824
2006,EN_MAT_DOMCMPC,TONNES,WOD,0.4701
2007,EN_MAT_DOMCMPC,TONNES,WOD,0.37452
2008,EN_MAT_DOMCMPC,TONNES,WOD,0.40091
2009,EN_MAT_DOMCMPC,TONNES,WOD,0.31328
2010,EN_MAT_DOMCMPC,TONNES,WOD,0.36399
2011,EN_MAT_DOMCMPC,TONNES,WOD,0.3639
2012,EN_MAT_DOMCMPC,TONNES,WOD,0.33007
2013,EN_MAT_DOMCMPC,TONNES,WOD,0.3129
2014,EN_MAT_DOMCMPC,TONNES,WOD,0.27981
2015,EN_MAT_DOMCMPC,TONNES,WOD,0.36346
2016,EN_MAT_DOMCMPC,TONNES,WOD,0.39508
2017,EN_MAT_DOMCMPC,TONNES,WOD,0.33572
2018,EN_MAT_DOMCMPC,TONNES,WOD,0.42488
2019,EN_MAT_DOMCMPC,TONNES,WOD,0.5345
2000,EN_MAT_DOMCMPG,KG_PER_CON_USD,ALP,2.34264
2001,EN_MAT_DOMCMPG,KG_PER_CON_USD,ALP,2.37515
2002,EN_MAT_DOMCMPG,KG_PER_CON_USD,ALP,2.39355
2003,EN_MAT_DOMCMPG,KG_PER_CON_USD,ALP,2.7437
2004,EN_MAT_DOMCMPG,KG_PER_CON_USD,ALP,2.75642
2005,EN_MAT_DOMCMPG,KG_PER_CON_USD,ALP,2.80228
2006,EN_MAT_DOMCMPG,KG_PER_CON_USD,ALP,2.92443
2007,EN_MAT_DOMCMPG,KG_PER_CON_USD,ALP,2.78866
2008,EN_MAT_DOMCMPG,KG_PER_CON_USD,ALP,2.93665
2009,EN_MAT_DOMCMPG,KG_PER_CON_USD,ALP,2.83228
2010,EN_MAT_DOMCMPG,KG_PER_CON_USD,ALP,2.71768
2011,EN_MAT_DOMCMPG,KG_PER_CON_USD,ALP,2.80025
2012,EN_MAT_DOMCMPG,KG_PER_CON_USD,ALP,2.86814
2013,EN_MAT_DOMCMPG,KG_PER_CON_USD,ALP,2.60802
2014,EN_MAT_DOMCMPG,KG_PER_CON_USD,ALP,2.47481
2015,EN_MAT_DOMCMPG,KG_PER_CON_USD,ALP,2.6394
2016,EN_MAT_DOMCMPG,KG_PER_CON_USD,ALP,2.7691
2017,EN_MAT_DOMCMPG,KG_PER_CON_USD,ALP,2.49835
2018,EN_MAT_DOMCMPG,KG_PER_CON_USD,ALP,2.63609
2019,EN_MAT_DOMCMPG,KG_PER_CON_USD,ALP,2.59401
2000,EN_MAT_DOMCMPG,KG_PER_CON_USD,BIM,0.89243
2001,EN_MAT_DOMCMPG,KG_PER_CON_USD,BIM,0.92704
2002,EN_MAT_DOMCMPG,KG_PER_CON_USD,BIM,0.89556
2003,EN_MAT_DOMCMPG,KG_PER_CON_USD,BIM,0.72959
2004,EN_MAT_DOMCMPG,KG_PER_CON_USD,BIM,0.84266
2005,EN_MAT_DOMCMPG,KG_PER_CON_USD,BIM,0.80428
2006,EN_MAT_DOMCMPG,KG_PER_CON_USD,BIM,0.78673
2007,EN_MAT_DOMCMPG,KG_PER_CON_USD,BIM,0.64475
2008,EN_MAT_DOMCMPG,KG_PER_CON_USD,BIM,0.67873
2009,EN_MAT_DOMCMPG,KG_PER_CON_USD,BIM,0.67073
2010,EN_MAT_DOMCMPG,KG_PER_CON_USD,BIM,0.63292
2011,EN_MAT_DOMCMPG,KG_PER_CON_USD,BIM,0.62135
2012,EN_MAT_DOMCMPG,KG_PER_CON_USD,BIM,0.56087
2013,EN_MAT_DOMCMPG,KG_PER_CON_USD,BIM,0.61546
2014,EN_MAT_DOMCMPG,KG_PER_CON_USD,BIM,0.56479
2015,EN_MAT_DOMCMPG,KG_PER_CON_USD,BIM,0.59042
2016,EN_MAT_DOMCMPG,KG_PER_CON_USD,BIM,0.66099
2017,EN_MAT_DOMCMPG,KG_PER_CON_USD,BIM,0.54057
2018,EN_MAT_DOMCMPG,KG_PER_CON_USD,BIM,0.63134
2019,EN_MAT_DOMCMPG,KG_PER_CON_USD,BIM,0.63195
2000,EN_MAT_DOMCMPG,KG_PER_CON_USD,COL,0.6931
2001,EN_MAT_DOMCMPG,KG_PER_CON_USD,COL,0.68566
2002,EN_MAT_DOMCMPG,KG_PER_CON_USD,COL,0.67705
2003,EN_MAT_DOMCMPG,KG_PER_CON_USD,COL,0.70655
2004,EN_MAT_DOMCMPG,KG_PER_CON_USD,COL,0.68958
2005,EN_MAT_DOMCMPG,KG_PER_CON_USD,COL,0.71423
2006,EN_MAT_DOMCMPG,KG_PER_CON_USD,COL,0.73981
2007,EN_MAT_DOMCMPG,KG_PER_CON_USD,COL,0.68669
2008,EN_MAT_DOMCMPG,KG_PER_CON_USD,COL,0.74767
2009,EN_MAT_DOMCMPG,KG_PER_CON_USD,COL,0.80567
2010,EN_MAT_DOMCMPG,KG_PER_CON_USD,COL,0.7834
2011,EN_MAT_DOMCMPG,KG_PER_CON_USD,COL,0.88512
2012,EN_MAT_DOMCMPG,KG_PER_CON_USD,COL,0.84005
2013,EN_MAT_DOMCMPG,KG_PER_CON_USD,COL,0.80874
2014,EN_MAT_DOMCMPG,KG_PER_CON_USD,COL,0.80428
2015,EN_MAT_DOMCMPG,KG_PER_CON_USD,COL,0.81386
2016,EN_MAT_DOMCMPG,KG_PER_CON_USD,COL,0.88108
2017,EN_MAT_DOMCMPG,KG_PER_CON_USD,COL,0.88435
2018,EN_MAT_DOMCMPG,KG_PER_CON_USD,COL,0.88396
2019,EN_MAT_DOMCMPG,KG_PER_CON_USD,COL,0.90812
2000,EN_MAT_DOMCMPG,KG_PER_CON_USD,CPR,0.1198
2001,EN_MAT_DOMCMPG,KG_PER_CON_USD,CPR,0.14925
2002,EN_MAT_DOMCMPG,KG_PER_CON_USD,CPR,0.16285
2003,EN_MAT_DOMCMPG,KG_PER_CON_USD,CPR,0.09648
2004,EN_MAT_DOMCMPG,KG_PER_CON_USD,CPR,0.16207
2005,EN_MAT_DOMCMPG,KG_PER_CON_USD,CPR,0.1493
2006,EN_MAT_DOMCMPG,KG_PER_CON_USD,CPR,0.14016
2007,EN_MAT_DOMCMPG,KG_PER_CON_USD,CPR,0.09801
2008,EN_MAT_DOMCMPG,KG_PER_CON_USD,CPR,0.12783
2009,EN_MAT_DOMCMPG,KG_PER_CON_USD,CPR,0.13189
2010,EN_MAT_DOMCMPG,KG_PER_CON_USD,CPR,0.10663
2011,EN_MAT_DOMCMPG,KG_PER_CON_USD,CPR,0.10542
2012,EN_MAT_DOMCMPG,KG_PER_CON_USD,CPR,0.08407
2013,EN_MAT_DOMCMPG,KG_PER_CON_USD,CPR,0.11155
2014,EN_MAT_DOMCMPG,KG_PER_CON_USD,CPR,0.09913
2015,EN_MAT_DOMCMPG,KG_PER_CON_USD,CPR,0.14151
2016,EN_MAT_DOMCMPG,KG_PER_CON_USD,CPR,0.08244
2017,EN_MAT_DOMCMPG,KG_PER_CON_USD,CPR,0.09524
2018,EN_MAT_DOMCMPG,KG_PER_CON_USD,CPR,0.13961
2019,EN_MAT_DOMCMPG,KG_PER_CON_USD,CPR,0.13637
2000,EN_MAT_DOMCMPG,KG_PER_CON_USD,CRO,0.29152
2001,EN_MAT_DOMCMPG,KG_PER_CON_USD,CRO,0.34461
2002,EN_MAT_DOMCMPG,KG_PER_CON_USD,CRO,0.30878
2003,EN_MAT_DOMCMPG,KG_PER_CON_USD,CRO,0.22224
2004,EN_MAT_DOMCMPG,KG_PER_CON_USD,CRO,0.34537
2005,EN_MAT_DOMCMPG,KG_PER_CON_USD,CRO,0.32442
2006,EN_MAT_DOMCMPG,KG_PER_CON_USD,CRO,0.2973
2007,EN_MAT_DOMCMPG,KG_PER_CON_USD,CRO,0.25514
2008,EN_MAT_DOMCMPG,KG_PER_CON_USD,CRO,0.27128
2009,EN_MAT_DOMCMPG,KG_PER_CON_USD,CRO,0.27281
2010,EN_MAT_DOMCMPG,KG_PER_CON_USD,CRO,0.25061
2011,EN_MAT_DOMCMPG,KG_PER_CON_USD,CRO,0.24705
2012,EN_MAT_DOMCMPG,KG_PER_CON_USD,CRO,0.21913
2013,EN_MAT_DOMCMPG,KG_PER_CON_USD,CRO,0.25608
2014,EN_MAT_DOMCMPG,KG_PER_CON_USD,CRO,0.22986
2015,EN_MAT_DOMCMPG,KG_PER_CON_USD,CRO,0.24152
2016,EN_MAT_DOMCMPG,KG_PER_CON_USD,CRO,0.27342
2017,EN_MAT_DOMCMPG,KG_PER_CON_USD,CRO,0.22213
2018,EN_MAT_DOMCMPG,KG_PER_CON_USD,CRO,0.26259
2019,EN_MAT_DOMCMPG,KG_PER_CON_USD,CRO,0.25385
2000,EN_MAT_DOMCMPG,KG_PER_CON_USD,FEO,0.0341
2001,EN_MAT_DOMCMPG,KG_PER_CON_USD,FEO,0.02415
2002,EN_MAT_DOMCMPG,KG_PER_CON_USD,FEO,0.01846
2003,EN_MAT_DOMCMPG,KG_PER_CON_USD,FEO,0.02531
2004,EN_MAT_DOMCMPG,KG_PER_CON_USD,FEO,0.03657
2005,EN_MAT_DOMCMPG,KG_PER_CON_USD,FEO,0.14071
2006,EN_MAT_DOMCMPG,KG_PER_CON_USD,FEO,0.13597
2007,EN_MAT_DOMCMPG,KG_PER_CON_USD,FEO,0.11444
2008,EN_MAT_DOMCMPG,KG_PER_CON_USD,FEO,0.13962
2009,EN_MAT_DOMCMPG,KG_PER_CON_USD,FEO,0.15707
2010,EN_MAT_DOMCMPG,KG_PER_CON_USD,FEO,0.06554
2011,EN_MAT_DOMCMPG,KG_PER_CON_USD,FEO,0.08563
2012,EN_MAT_DOMCMPG,KG_PER_CON_USD,FEO,0.07338
2013,EN_MAT_DOMCMPG,KG_PER_CON_USD,FEO,0.09031
2014,EN_MAT_DOMCMPG,KG_PER_CON_USD,FEO,0.09154
2015,EN_MAT_DOMCMPG,KG_PER_CON_USD,FEO,0.11521
2016,EN_MAT_DOMCMPG,KG_PER_CON_USD,FEO,0.08942
2017,EN_MAT_DOMCMPG,KG_PER_CON_USD,FEO,0.09047
2018,EN_MAT_DOMCMPG,KG_PER_CON_USD,FEO,0.07681
2019,EN_MAT_DOMCMPG,KG_PER_CON_USD,FEO,0.07138
2000,EN_MAT_DOMCMPG,KG_PER_CON_USD,FOF,0.75845
2001,EN_MAT_DOMCMPG,KG_PER_CON_USD,FOF,0.7197
2002,EN_MAT_DOMCMPG,KG_PER_CON_USD,FOF,0.7073
2003,EN_MAT_DOMCMPG,KG_PER_CON_USD,FOF,0.72444
2004,EN_MAT_DOMCMPG,KG_PER_CON_USD,FOF,0.72054
2005,EN_MAT_DOMCMPG,KG_PER_CON_USD,FOF,0.74411
2006,EN_MAT_DOMCMPG,KG_PER_CON_USD,FOF,0.75988
2007,EN_MAT_DOMCMPG,KG_PER_CON_USD,FOF,0.70632
2008,EN_MAT_DOMCMPG,KG_PER_CON_USD,FOF,0.77215
2009,EN_MAT_DOMCMPG,KG_PER_CON_USD,FOF,0.87801
2010,EN_MAT_DOMCMPG,KG_PER_CON_USD,FOF,0.86716
2011,EN_MAT_DOMCMPG,KG_PER_CON_USD,FOF,0.97309
2012,EN_MAT_DOMCMPG,KG_PER_CON_USD,FOF,0.91758
2013,EN_MAT_DOMCMPG,KG_PER_CON_USD,FOF,0.88274
2014,EN_MAT_DOMCMPG,KG_PER_CON_USD,FOF,0.87157
2015,EN_MAT_DOMCMPG,KG_PER_CON_USD,FOF,0.87934
2016,EN_MAT_DOMCMPG,KG_PER_CON_USD,FOF,0.94462
2017,EN_MAT_DOMCMPG,KG_PER_CON_USD,FOF,0.94283
2018,EN_MAT_DOMCMPG,KG_PER_CON_USD,FOF,0.93124
2019,EN_MAT_DOMCMPG,KG_PER_CON_USD,FOF,0.95701
2000,EN_MAT_DOMCMPG,KG_PER_CON_USD,GAS,0.01537
2001,EN_MAT_DOMCMPG,KG_PER_CON_USD,GAS,0.0098
2002,EN_MAT_DOMCMPG,KG_PER_CON_USD,GAS,0.00882
2003,EN_MAT_DOMCMPG,KG_PER_CON_USD,GAS,0.0111
2004,EN_MAT_DOMCMPG,KG_PER_CON_USD,GAS,0.01645
2005,EN_MAT_DOMCMPG,KG_PER_CON_USD,GAS,0.01881
2006,EN_MAT_DOMCMPG,KG_PER_CON_USD,GAS,0.01877
2007,EN_MAT_DOMCMPG,KG_PER_CON_USD,GAS,0.01874
2008,EN_MAT_DOMCMPG,KG_PER_CON_USD,GAS,0.01764
2009,EN_MAT_DOMCMPG,KG_PER_CON_USD,GAS,0.01037
2010,EN_MAT_DOMCMPG,KG_PER_CON_USD,GAS,0.01079
2011,EN_MAT_DOMCMPG,KG_PER_CON_USD,GAS,0.01216
2012,EN_MAT_DOMCMPG,KG_PER_CON_USD,GAS,0.01129
2013,EN_MAT_DOMCMPG,KG_PER_CON_USD,GAS,0.00859
2014,EN_MAT_DOMCMPG,KG_PER_CON_USD,GAS,0.0079
2015,EN_MAT_DOMCMPG,KG_PER_CON_USD,GAS,0.00898
2016,EN_MAT_DOMCMPG,KG_PER_CON_USD,GAS,0.00906
2017,EN_MAT_DOMCMPG,KG_PER_CON_USD,GAS,0.0095
2018,EN_MAT_DOMCMPG,KG_PER_CON_USD,GAS,0.00912
2019,EN_MAT_DOMCMPG,KG_PER_CON_USD,GAS,0.00894
2000,EN_MAT_DOMCMPG,KG_PER_CON_USD,GBO,0.24875
2001,EN_MAT_DOMCMPG,KG_PER_CON_USD,GBO,0.23399
2002,EN_MAT_DOMCMPG,KG_PER_CON_USD,GBO,0.21044
2003,EN_MAT_DOMCMPG,KG_PER_CON_USD,GBO,0.21698
2004,EN_MAT_DOMCMPG,KG_PER_CON_USD,GBO,0.21524
2005,EN_MAT_DOMCMPG,KG_PER_CON_USD,GBO,0.20988
2006,EN_MAT_DOMCMPG,KG_PER_CON_USD,GBO,0.22116
2007,EN_MAT_DOMCMPG,KG_PER_CON_USD,GBO,0.19531
2008,EN_MAT_DOMCMPG,KG_PER_CON_USD,GBO,0.18191
2009,EN_MAT_DOMCMPG,KG_PER_CON_USD,GBO,0.18763
2010,EN_MAT_DOMCMPG,KG_PER_CON_USD,GBO,0.18629
2011,EN_MAT_DOMCMPG,KG_PER_CON_USD,GBO,0.18143
2012,EN_MAT_DOMCMPG,KG_PER_CON_USD,GBO,0.17888
2013,EN_MAT_DOMCMPG,KG_PER_CON_USD,GBO,0.17603
2014,EN_MAT_DOMCMPG,KG_PER_CON_USD,GBO,0.17339
2015,EN_MAT_DOMCMPG,KG_PER_CON_USD,GBO,0.17087
2016,EN_MAT_DOMCMPG,KG_PER_CON_USD,GBO,0.16557
2017,EN_MAT_DOMCMPG,KG_PER_CON_USD,GBO,0.15754
2018,EN_MAT_DOMCMPG,KG_PER_CON_USD,GBO,0.14981
2019,EN_MAT_DOMCMPG,KG_PER_CON_USD,GBO,0.14529
2000,EN_MAT_DOMCMPG,KG_PER_CON_USD,MEO,0.05924
2001,EN_MAT_DOMCMPG,KG_PER_CON_USD,MEO,0.03357
2002,EN_MAT_DOMCMPG,KG_PER_CON_USD,MEO,0.02944
2003,EN_MAT_DOMCMPG,KG_PER_CON_USD,MEO,0.07951
2004,EN_MAT_DOMCMPG,KG_PER_CON_USD,MEO,0.0882
2005,EN_MAT_DOMCMPG,KG_PER_CON_USD,MEO,0.2098
2006,EN_MAT_DOMCMPG,KG_PER_CON_USD,MEO,0.18787
2007,EN_MAT_DOMCMPG,KG_PER_CON_USD,MEO,0.1525
2008,EN_MAT_DOMCMPG,KG_PER_CON_USD,MEO,0.18867
2009,EN_MAT_DOMCMPG,KG_PER_CON_USD,MEO,0.18295
2010,EN_MAT_DOMCMPG,KG_PER_CON_USD,MEO,0.10029
2011,EN_MAT_DOMCMPG,KG_PER_CON_USD,MEO,0.12914
2012,EN_MAT_DOMCMPG,KG_PER_CON_USD,MEO,0.12007
2013,EN_MAT_DOMCMPG,KG_PER_CON_USD,MEO,0.13346
2014,EN_MAT_DOMCMPG,KG_PER_CON_USD,MEO,0.13182
2015,EN_MAT_DOMCMPG,KG_PER_CON_USD,MEO,0.16544
2016,EN_MAT_DOMCMPG,KG_PER_CON_USD,MEO,0.13295
2017,EN_MAT_DOMCMPG,KG_PER_CON_USD,MEO,0.13225
2018,EN_MAT_DOMCMPG,KG_PER_CON_USD,MEO,0.12401
2019,EN_MAT_DOMCMPG,KG_PER_CON_USD,MEO,0.11724
2000,EN_MAT_DOMCMPG,KG_PER_CON_USD,NFO,0.02514
2001,EN_MAT_DOMCMPG,KG_PER_CON_USD,NFO,0.00942
2002,EN_MAT_DOMCMPG,KG_PER_CON_USD,NFO,0.01097
2003,EN_MAT_DOMCMPG,KG_PER_CON_USD,NFO,0.0542
2004,EN_MAT_DOMCMPG,KG_PER_CON_USD,NFO,0.05163
2005,EN_MAT_DOMCMPG,KG_PER_CON_USD,NFO,0.06909
2006,EN_MAT_DOMCMPG,KG_PER_CON_USD,NFO,0.0519
2007,EN_MAT_DOMCMPG,KG_PER_CON_USD,NFO,0.03806
2008,EN_MAT_DOMCMPG,KG_PER_CON_USD,NFO,0.04906
2009,EN_MAT_DOMCMPG,KG_PER_CON_USD,NFO,0.02588
2010,EN_MAT_DOMCMPG,KG_PER_CON_USD,NFO,0.03474
2011,EN_MAT_DOMCMPG,KG_PER_CON_USD,NFO,0.04351
2012,EN_MAT_DOMCMPG,KG_PER_CON_USD,NFO,0.04669
2013,EN_MAT_DOMCMPG,KG_PER_CON_USD,NFO,0.04315
2014,EN_MAT_DOMCMPG,KG_PER_CON_USD,NFO,0.04028
2015,EN_MAT_DOMCMPG,KG_PER_CON_USD,NFO,0.05023
2016,EN_MAT_DOMCMPG,KG_PER_CON_USD,NFO,0.04354
2017,EN_MAT_DOMCMPG,KG_PER_CON_USD,NFO,0.04178
2018,EN_MAT_DOMCMPG,KG_PER_CON_USD,NFO,0.0472
2019,EN_MAT_DOMCMPG,KG_PER_CON_USD,NFO,0.04585
2000,EN_MAT_DOMCMPG,KG_PER_CON_USD,NMA,0.03856
2001,EN_MAT_DOMCMPG,KG_PER_CON_USD,NMA,0.0479
2002,EN_MAT_DOMCMPG,KG_PER_CON_USD,NMA,0.01508
2003,EN_MAT_DOMCMPG,KG_PER_CON_USD,NMA,0.02763
2004,EN_MAT_DOMCMPG,KG_PER_CON_USD,NMA,0.04033
2005,EN_MAT_DOMCMPG,KG_PER_CON_USD,NMA,0.05675
2006,EN_MAT_DOMCMPG,KG_PER_CON_USD,NMA,0.09548
2007,EN_MAT_DOMCMPG,KG_PER_CON_USD,NMA,0.1084
2008,EN_MAT_DOMCMPG,KG_PER_CON_USD,NMA,0.10898
2009,EN_MAT_DOMCMPG,KG_PER_CON_USD,NMA,0.09269
2010,EN_MAT_DOMCMPG,KG_PER_CON_USD,NMA,0.07534
2011,EN_MAT_DOMCMPG,KG_PER_CON_USD,NMA,0.07608
2012,EN_MAT_DOMCMPG,KG_PER_CON_USD,NMA,0.07909
2013,EN_MAT_DOMCMPG,KG_PER_CON_USD,NMA,0.07366
2014,EN_MAT_DOMCMPG,KG_PER_CON_USD,NMA,0.0823
2015,EN_MAT_DOMCMPG,KG_PER_CON_USD,NMA,0.08496
2016,EN_MAT_DOMCMPG,KG_PER_CON_USD,NMA,0.08755
2017,EN_MAT_DOMCMPG,KG_PER_CON_USD,NMA,0.08815
2018,EN_MAT_DOMCMPG,KG_PER_CON_USD,NMA,0.09117
2019,EN_MAT_DOMCMPG,KG_PER_CON_USD,NMA,0.08714
2000,EN_MAT_DOMCMPG,KG_PER_CON_USD,NMC,0.60089
2001,EN_MAT_DOMCMPG,KG_PER_CON_USD,NMC,0.64781
2002,EN_MAT_DOMCMPG,KG_PER_CON_USD,NMC,0.74674
2003,EN_MAT_DOMCMPG,KG_PER_CON_USD,NMC,1.18235
2004,EN_MAT_DOMCMPG,KG_PER_CON_USD,NMC,1.06481
2005,EN_MAT_DOMCMPG,KG_PER_CON_USD,NMC,0.98733
2006,EN_MAT_DOMCMPG,KG_PER_CON_USD,NMC,1.09447
2007,EN_MAT_DOMCMPG,KG_PER_CON_USD,NMC,1.17669
2008,EN_MAT_DOMCMPG,KG_PER_CON_USD,NMC,1.18812
2009,EN_MAT_DOMCMPG,KG_PER_CON_USD,NMC,1.0079
2010,EN_MAT_DOMCMPG,KG_PER_CON_USD,NMC,1.04197
2011,EN_MAT_DOMCMPG,KG_PER_CON_USD,NMC,1.0006
2012,EN_MAT_DOMCMPG,KG_PER_CON_USD,NMC,1.19054
2013,EN_MAT_DOMCMPG,KG_PER_CON_USD,NMC,0.9027
2014,EN_MAT_DOMCMPG,KG_PER_CON_USD,NMC,0.82432
2015,EN_MAT_DOMCMPG,KG_PER_CON_USD,NMC,0.91924
2016,EN_MAT_DOMCMPG,KG_PER_CON_USD,NMC,0.94299
2017,EN_MAT_DOMCMPG,KG_PER_CON_USD,NMC,0.79455
2018,EN_MAT_DOMCMPG,KG_PER_CON_USD,NMC,0.85833
2019,EN_MAT_DOMCMPG,KG_PER_CON_USD,NMC,0.80453
2000,EN_MAT_DOMCMPG,KG_PER_CON_USD,NMM,0.63946
2001,EN_MAT_DOMCMPG,KG_PER_CON_USD,NMM,0.69571
2002,EN_MAT_DOMCMPG,KG_PER_CON_USD,NMM,0.76183
2003,EN_MAT_DOMCMPG,KG_PER_CON_USD,NMM,1.20998
2004,EN_MAT_DOMCMPG,KG_PER_CON_USD,NMM,1.10514
2005,EN_MAT_DOMCMPG,KG_PER_CON_USD,NMM,1.04408
2006,EN_MAT_DOMCMPG,KG_PER_CON_USD,NMM,1.18994
2007,EN_MAT_DOMCMPG,KG_PER_CON_USD,NMM,1.2851
2008,EN_MAT_DOMCMPG,KG_PER_CON_USD,NMM,1.2971
2009,EN_MAT_DOMCMPG,KG_PER_CON_USD,NMM,1.10059
2010,EN_MAT_DOMCMPG,KG_PER_CON_USD,NMM,1.11731
2011,EN_MAT_DOMCMPG,KG_PER_CON_USD,NMM,1.07667
2012,EN_MAT_DOMCMPG,KG_PER_CON_USD,NMM,1.26963
2013,EN_MAT_DOMCMPG,KG_PER_CON_USD,NMM,0.97636
2014,EN_MAT_DOMCMPG,KG_PER_CON_USD,NMM,0.90662
2015,EN_MAT_DOMCMPG,KG_PER_CON_USD,NMM,1.0042
2016,EN_MAT_DOMCMPG,KG_PER_CON_USD,NMM,1.03054
2017,EN_MAT_DOMCMPG,KG_PER_CON_USD,NMM,0.8827
2018,EN_MAT_DOMCMPG,KG_PER_CON_USD,NMM,0.9495
2019,EN_MAT_DOMCMPG,KG_PER_CON_USD,NMM,0.89167
2000,EN_MAT_DOMCMPG,KG_PER_CON_USD,ONT,0.0
2001,EN_MAT_DOMCMPG,KG_PER_CON_USD,ONT,0.0
2002,EN_MAT_DOMCMPG,KG_PER_CON_USD,ONT,0.0
2003,EN_MAT_DOMCMPG,KG_PER_CON_USD,ONT,0.0
2004,EN_MAT_DOMCMPG,KG_PER_CON_USD,ONT,0.0
2005,EN_MAT_DOMCMPG,KG_PER_CON_USD,ONT,0.0
2006,EN_MAT_DOMCMPG,KG_PER_CON_USD,ONT,0.0
2007,EN_MAT_DOMCMPG,KG_PER_CON_USD,ONT,0.0
2008,EN_MAT_DOMCMPG,KG_PER_CON_USD,ONT,0.0
2009,EN_MAT_DOMCMPG,KG_PER_CON_USD,ONT,0.0
2010,EN_MAT_DOMCMPG,KG_PER_CON_USD,ONT,0.0
2011,EN_MAT_DOMCMPG,KG_PER_CON_USD,ONT,0.0
2012,EN_MAT_DOMCMPG,KG_PER_CON_USD,ONT,0.0
2013,EN_MAT_DOMCMPG,KG_PER_CON_USD,ONT,0.0
2014,EN_MAT_DOMCMPG,KG_PER_CON_USD,ONT,0.0
2015,EN_MAT_DOMCMPG,KG_PER_CON_USD,ONT,0.0
2016,EN_MAT_DOMCMPG,KG_PER_CON_USD,ONT,0.0
2017,EN_MAT_DOMCMPG,KG_PER_CON_USD,ONT,0.0
2018,EN_MAT_DOMCMPG,KG_PER_CON_USD,ONT,0.0
2019,EN_MAT_DOMCMPG,KG_PER_CON_USD,ONT,0.0
2000,EN_MAT_DOMCMPG,KG_PER_CON_USD,PET,0.04998
2001,EN_MAT_DOMCMPG,KG_PER_CON_USD,PET,0.02424
2002,EN_MAT_DOMCMPG,KG_PER_CON_USD,PET,0.02142
2003,EN_MAT_DOMCMPG,KG_PER_CON_USD,PET,0.00679
2004,EN_MAT_DOMCMPG,KG_PER_CON_USD,PET,0.01451
2005,EN_MAT_DOMCMPG,KG_PER_CON_USD,PET,0.01108
2006,EN_MAT_DOMCMPG,KG_PER_CON_USD,PET,0.0013
2007,EN_MAT_DOMCMPG,KG_PER_CON_USD,PET,0.00088
2008,EN_MAT_DOMCMPG,KG_PER_CON_USD,PET,0.00684
2009,EN_MAT_DOMCMPG,KG_PER_CON_USD,PET,0.06197
2010,EN_MAT_DOMCMPG,KG_PER_CON_USD,PET,0.07297
2011,EN_MAT_DOMCMPG,KG_PER_CON_USD,PET,0.07581
2012,EN_MAT_DOMCMPG,KG_PER_CON_USD,PET,0.06623
2013,EN_MAT_DOMCMPG,KG_PER_CON_USD,PET,0.06542
2014,EN_MAT_DOMCMPG,KG_PER_CON_USD,PET,0.05939
2015,EN_MAT_DOMCMPG,KG_PER_CON_USD,PET,0.0565
2016,EN_MAT_DOMCMPG,KG_PER_CON_USD,PET,0.05448
2017,EN_MAT_DOMCMPG,KG_PER_CON_USD,PET,0.04898
2018,EN_MAT_DOMCMPG,KG_PER_CON_USD,PET,0.03816
2019,EN_MAT_DOMCMPG,KG_PER_CON_USD,PET,0.03995
2000,EN_MAT_DOMCMPG,KG_PER_CON_USD,WCH,0.00096
2001,EN_MAT_DOMCMPG,KG_PER_CON_USD,WCH,0.00068
2002,EN_MAT_DOMCMPG,KG_PER_CON_USD,WCH,0.00106
2003,EN_MAT_DOMCMPG,KG_PER_CON_USD,WCH,0.00106
2004,EN_MAT_DOMCMPG,KG_PER_CON_USD,WCH,0.00109
2005,EN_MAT_DOMCMPG,KG_PER_CON_USD,WCH,0.00116
2006,EN_MAT_DOMCMPG,KG_PER_CON_USD,WCH,0.00069
2007,EN_MAT_DOMCMPG,KG_PER_CON_USD,WCH,0.00046
2008,EN_MAT_DOMCMPG,KG_PER_CON_USD,WCH,0.00064
2009,EN_MAT_DOMCMPG,KG_PER_CON_USD,WCH,0.00057
2010,EN_MAT_DOMCMPG,KG_PER_CON_USD,WCH,0.00048
2011,EN_MAT_DOMCMPG,KG_PER_CON_USD,WCH,0.00046
2012,EN_MAT_DOMCMPG,KG_PER_CON_USD,WCH,0.00044
2013,EN_MAT_DOMCMPG,KG_PER_CON_USD,WCH,0.0005
2014,EN_MAT_DOMCMPG,KG_PER_CON_USD,WCH,0.00045
2015,EN_MAT_DOMCMPG,KG_PER_CON_USD,WCH,0.00048
2016,EN_MAT_DOMCMPG,KG_PER_CON_USD,WCH,0.00049
2017,EN_MAT_DOMCMPG,KG_PER_CON_USD,WCH,0.00044
2018,EN_MAT_DOMCMPG,KG_PER_CON_USD,WCH,0.00042
2019,EN_MAT_DOMCMPG,KG_PER_CON_USD,WCH,0.00043
2000,EN_MAT_DOMCMPG,KG_PER_CON_USD,WOD,0.2314
2001,EN_MAT_DOMCMPG,KG_PER_CON_USD,WOD,0.19852
2002,EN_MAT_DOMCMPG,KG_PER_CON_USD,WOD,0.21243
2003,EN_MAT_DOMCMPG,KG_PER_CON_USD,WOD,0.19283
2004,EN_MAT_DOMCMPG,KG_PER_CON_USD,WOD,0.11889
2005,EN_MAT_DOMCMPG,KG_PER_CON_USD,WOD,0.1195
2006,EN_MAT_DOMCMPG,KG_PER_CON_USD,WOD,0.12743
2007,EN_MAT_DOMCMPG,KG_PER_CON_USD,WOD,0.09583
2008,EN_MAT_DOMCMPG,KG_PER_CON_USD,WOD,0.09707
2009,EN_MAT_DOMCMPG,KG_PER_CON_USD,WOD,0.07782
2010,EN_MAT_DOMCMPG,KG_PER_CON_USD,WOD,0.08891
2011,EN_MAT_DOMCMPG,KG_PER_CON_USD,WOD,0.08699
2012,EN_MAT_DOMCMPG,KG_PER_CON_USD,WOD,0.07834
2013,EN_MAT_DOMCMPG,KG_PER_CON_USD,WOD,0.0713
2014,EN_MAT_DOMCMPG,KG_PER_CON_USD,WOD,0.06196
2015,EN_MAT_DOMCMPG,KG_PER_CON_USD,WOD,0.07689
2016,EN_MAT_DOMCMPG,KG_PER_CON_USD,WOD,0.08
2017,EN_MAT_DOMCMPG,KG_PER_CON_USD,WOD,0.06522
2018,EN_MAT_DOMCMPG,KG_PER_CON_USD,WOD,0.07891
2019,EN_MAT_DOMCMPG,KG_PER_CON_USD,WOD,0.09601
2000,EN_MAT_DOMCMPT,TONNES,ALP,26024895.89699
2001,EN_MAT_DOMCMPT,TONNES,ALP,27377576.06102
2002,EN_MAT_DOMCMPT,TONNES,ALP,28904411.77734
2003,EN_MAT_DOMCMPT,TONNES,ALP,38665153.7337
2004,EN_MAT_DOMCMPT,TONNES,ALP,42179664.65098
2005,EN_MAT_DOMCMPT,TONNES,ALP,41087230.59596
2006,EN_MAT_DOMCMPT,TONNES,ALP,44644008.19578
2007,EN_MAT_DOMCMPT,TONNES,ALP,45351618.3864
2008,EN_MAT_DOMCMPT,TONNES,ALP,50478471.41022
2009,EN_MAT_DOMCMPT,TONNES,ALP,45783829.73365
2010,EN_MAT_DOMCMPT,TONNES,ALP,44165265.15148
2011,EN_MAT_DOMCMPT,TONNES,ALP,46122911.6796
2012,EN_MAT_DOMCMPT,TONNES,ALP,46868999.86378
2013,EN_MAT_DOMCMPT,TONNES,ALP,43990603.15318
2014,EN_MAT_DOMCMPT,TONNES,ALP,42405668.27876
2015,EN_MAT_DOMCMPT,TONNES,ALP,46386039.05152
2016,EN_MAT_DOMCMPT,TONNES,ALP,50023591.85347
2017,EN_MAT_DOMCMPT,TONNES,ALP,46695731.71542
2018,EN_MAT_DOMCMPT,TONNES,ALP,50425817.4261
2019,EN_MAT_DOMCMPT,TONNES,ALP,50430393.86111
2000,EN_MAT_DOMCMPT,TONNES,BIM,9869215.175
2001,EN_MAT_DOMCMPT,TONNES,BIM,10607414.88
2002,EN_MAT_DOMCMPT,TONNES,BIM,10783705.756
2003,EN_MAT_DOMCMPT,TONNES,BIM,9173714.961
2004,EN_MAT_DOMCMPT,TONNES,BIM,12051657.938
2005,EN_MAT_DOMCMPT,TONNES,BIM,11792076.224
2006,EN_MAT_DOMCMPT,TONNES,BIM,12131598.951
2007,EN_MAT_DOMCMPT,TONNES,BIM,10896591.478
2008,EN_MAT_DOMCMPT,TONNES,BIM,12052775.032
2009,EN_MAT_DOMCMPT,TONNES,BIM,11566147.461
2010,EN_MAT_DOMCMPT,TONNES,BIM,11188517.02
2011,EN_MAT_DOMCMPT,TONNES,BIM,11307607.78
2012,EN_MAT_DOMCMPT,TONNES,BIM,10375620.954
2013,EN_MAT_DOMCMPT,TONNES,BIM,11626378.953
2014,EN_MAT_DOMCMPT,TONNES,BIM,10964298.191
2015,EN_MAT_DOMCMPT,TONNES,BIM,11631863.702
2016,EN_MAT_DOMCMPT,TONNES,BIM,13126939.071
2017,EN_MAT_DOMCMPT,TONNES,BIM,11555637.511
2018,EN_MAT_DOMCMPT,TONNES,BIM,13393241.234
2019,EN_MAT_DOMCMPT,TONNES,BIM,13396634.577
2000,EN_MAT_DOMCMPT,TONNES,COL,7378000.0
2001,EN_MAT_DOMCMPT,TONNES,COL,7495000.0
2002,EN_MAT_DOMCMPT,TONNES,COL,7774000.0
2003,EN_MAT_DOMCMPT,TONNES,COL,8429000.0
2004,EN_MAT_DOMCMPT,TONNES,COL,8746000.0
2005,EN_MAT_DOMCMPT,TONNES,COL,9412000.0
2006,EN_MAT_DOMCMPT,TONNES,COL,10277000.0
2007,EN_MAT_DOMCMPT,TONNES,COL,10098000.0
2008,EN_MAT_DOMCMPT,TONNES,COL,11593000.0
2009,EN_MAT_DOMCMPT,TONNES,COL,12117000.0
2010,EN_MAT_DOMCMPT,TONNES,COL,11884000.0
2011,EN_MAT_DOMCMPT,TONNES,COL,13556000.0
2012,EN_MAT_DOMCMPT,TONNES,COL,12760000.0
2013,EN_MAT_DOMCMPT,TONNES,COL,12573000.0
2014,EN_MAT_DOMCMPT,TONNES,COL,12648000.0
2015,EN_MAT_DOMCMPT,TONNES,COL,13194000.0
2016,EN_MAT_DOMCMPT,TONNES,COL,14733686.0
2017,EN_MAT_DOMCMPT,TONNES,COL,15257371.0
2018,EN_MAT_DOMCMPT,TONNES,COL,15820940.0
2019,EN_MAT_DOMCMPT,TONNES,COL,16688642.0
2000,EN_MAT_DOMCMPT,TONNES,CPR,1275207.075
2001,EN_MAT_DOMCMPT,TONNES,CPR,1631454.48
2002,EN_MAT_DOMCMPT,TONNES,CPR,1869866.45
2003,EN_MAT_DOMCMPT,TONNES,CPR,1151001.255
2004,EN_MAT_DOMCMPT,TONNES,CPR,2055581.99
2005,EN_MAT_DOMCMPT,TONNES,CPR,1967456.6
2006,EN_MAT_DOMCMPT,TONNES,CPR,1946951.585
2007,EN_MAT_DOMCMPT,TONNES,CPR,1441262.45
2008,EN_MAT_DOMCMPT,TONNES,CPR,1982033.71
2009,EN_MAT_DOMCMPT,TONNES,CPR,1983585.5
2010,EN_MAT_DOMCMPT,TONNES,CPR,1617620.61
2011,EN_MAT_DOMCMPT,TONNES,CPR,1614508.95
2012,EN_MAT_DOMCMPT,TONNES,CPR,1277044.31
2013,EN_MAT_DOMCMPT,TONNES,CPR,1734137.285
2014,EN_MAT_DOMCMPT,TONNES,CPR,1558919.485
2015,EN_MAT_DOMCMPT,TONNES,CPR,1631793.385
2016,EN_MAT_DOMCMPT,TONNES,CPR,2366341.615
2017,EN_MAT_DOMCMPT,TONNES,CPR,1643118.85
2018,EN_MAT_DOMCMPT,TONNES,CPR,2498779.44
2019,EN_MAT_DOMCMPT,TONNES,CPR,2506116.555
2000,EN_MAT_DOMCMPT,TONNES,CRO,3103207.0
2001,EN_MAT_DOMCMPT,TONNES,CRO,3766985.0
2002,EN_MAT_DOMCMPT,TONNES,CRO,3545501.0
2003,EN_MAT_DOMCMPT,TONNES,CRO,2651247.0
2004,EN_MAT_DOMCMPT,TONNES,CRO,4380356.0
2005,EN_MAT_DOMCMPT,TONNES,CRO,4275217.0
2006,EN_MAT_DOMCMPT,TONNES,CRO,4129845.0
2007,EN_MAT_DOMCMPT,TONNES,CRO,3751883.0
2008,EN_MAT_DOMCMPT,TONNES,CRO,4206352.0
2009,EN_MAT_DOMCMPT,TONNES,CRO,4103035.0
2010,EN_MAT_DOMCMPT,TONNES,CRO,3801647.0
2011,EN_MAT_DOMCMPT,TONNES,CRO,3783657.0
2012,EN_MAT_DOMCMPT,TONNES,CRO,3328491.0
2013,EN_MAT_DOMCMPT,TONNES,CRO,3981078.0
2014,EN_MAT_DOMCMPT,TONNES,CRO,3614715.0
2015,EN_MAT_DOMCMPT,TONNES,CRO,3915431.0
2016,EN_MAT_DOMCMPT,TONNES,CRO,4572122.0
2017,EN_MAT_DOMCMPT,TONNES,CRO,3832357.0
2018,EN_MAT_DOMCMPT,TONNES,CRO,4699776.0
2019,EN_MAT_DOMCMPT,TONNES,CRO,4665016.0
2000,EN_MAT_DOMCMPT,TONNES,FEO,363000.0
2001,EN_MAT_DOMCMPT,TONNES,FEO,264000.0
2002,EN_MAT_DOMCMPT,TONNES,FEO,212000.0
2003,EN_MAT_DOMCMPT,TONNES,FEO,301990.685
2004,EN_MAT_DOMCMPT,TONNES,FEO,463762.725
2005,EN_MAT_DOMCMPT,TONNES,FEO,1854267.319
2006,EN_MAT_DOMCMPT,TONNES,FEO,1888832.749
2007,EN_MAT_DOMCMPT,TONNES,FEO,1682919.093
2008,EN_MAT_DOMCMPT,TONNES,FEO,2164834.974
2009,EN_MAT_DOMCMPT,TONNES,FEO,2362268.019
2010,EN_MAT_DOMCMPT,TONNES,FEO,994277.769
2011,EN_MAT_DOMCMPT,TONNES,FEO,1311531.065
2012,EN_MAT_DOMCMPT,TONNES,FEO,1114633.816
2013,EN_MAT_DOMCMPT,TONNES,FEO,1403967.752
2014,EN_MAT_DOMCMPT,TONNES,FEO,1439487.214
2015,EN_MAT_DOMCMPT,TONNES,FEO,1867686.021
2016,EN_MAT_DOMCMPT,TONNES,FEO,1495259.165
2017,EN_MAT_DOMCMPT,TONNES,FEO,1560833.317
2018,EN_MAT_DOMCMPT,TONNES,FEO,1374644.249
2019,EN_MAT_DOMCMPT,TONNES,FEO,1311842.314
2000,EN_MAT_DOMCMPT,TONNES,FOF,8689624.03
2001,EN_MAT_DOMCMPT,TONNES,FOF,8725084.62
2002,EN_MAT_DOMCMPT,TONNES,FOF,8962284.35
2003,EN_MAT_DOMCMPT,TONNES,FOF,9652172.027
2004,EN_MAT_DOMCMPT,TONNES,FOF,10268090.01
2005,EN_MAT_DOMCMPT,TONNES,FOF,10917390.478
2006,EN_MAT_DOMCMPT,TONNES,FOF,11856751.471
2007,EN_MAT_DOMCMPT,TONNES,FOF,11796572.264
2008,EN_MAT_DOMCMPT,TONNES,FOF,13496873.059
2009,EN_MAT_DOMCMPT,TONNES,FOF,14009025.483
2010,EN_MAT_DOMCMPT,TONNES,FOF,13838736.173
2011,EN_MAT_DOMCMPT,TONNES,FOF,15541943.837
2012,EN_MAT_DOMCMPT,TONNES,FOF,14597251.231
2013,EN_MAT_DOMCMPT,TONNES,FOF,14295902.187
2014,EN_MAT_DOMCMPT,TONNES,FOF,14287519.346
2015,EN_MAT_DOMCMPT,TONNES,FOF,15040894.846
2016,EN_MAT_DOMCMPT,TONNES,FOF,16816744.55
2017,EN_MAT_DOMCMPT,TONNES,FOF,17276153.067
2018,EN_MAT_DOMCMPT,TONNES,FOF,17755542.999
2019,EN_MAT_DOMCMPT,TONNES,FOF,18768993.174
2000,EN_MAT_DOMCMPT,TONNES,GAS,163624.03
2001,EN_MAT_DOMCMPT,TONNES,GAS,107084.62
2002,EN_MAT_DOMCMPT,TONNES,GAS,101284.35
2003,EN_MAT_DOMCMPT,TONNES,GAS,132418.93
2004,EN_MAT_DOMCMPT,TONNES,GAS,208686.31
2005,EN_MAT_DOMCMPT,TONNES,GAS,247842.54
2006,EN_MAT_DOMCMPT,TONNES,GAS,260747.7
2007,EN_MAT_DOMCMPT,TONNES,GAS,275592.16
2008,EN_MAT_DOMCMPT,TONNES,GAS,273494.19
2009,EN_MAT_DOMCMPT,TONNES,GAS,156007.87
2010,EN_MAT_DOMCMPT,TONNES,GAS,163659.29
2011,EN_MAT_DOMCMPT,TONNES,GAS,186243.32
2012,EN_MAT_DOMCMPT,TONNES,GAS,171539.9
2013,EN_MAT_DOMCMPT,TONNES,GAS,133494.36
2014,EN_MAT_DOMCMPT,TONNES,GAS,124168.09
2015,EN_MAT_DOMCMPT,TONNES,GAS,145518.02
2016,EN_MAT_DOMCMPT,TONNES,GAS,151476.96
2017,EN_MAT_DOMCMPT,TONNES,GAS,163817.96
2018,EN_MAT_DOMCMPT,TONNES,GAS,163271.43
2019,EN_MAT_DOMCMPT,TONNES,GAS,164373.52
2000,EN_MAT_DOMCMPT,TONNES,GBO,2647896.0
2001,EN_MAT_DOMCMPT,TONNES,GBO,2557755.0
2002,EN_MAT_DOMCMPT,TONNES,GBO,2416315.0
2003,EN_MAT_DOMCMPT,TONNES,GBO,2588541.0
2004,EN_MAT_DOMCMPT,TONNES,GBO,2729916.3
2005,EN_MAT_DOMCMPT,TONNES,GBO,2765825.0
2006,EN_MAT_DOMCMPT,TONNES,GBO,3072248.5
2007,EN_MAT_DOMCMPT,TONNES,GBO,2872008.4
2008,EN_MAT_DOMCMPT,TONNES,GBO,2820554.2
2009,EN_MAT_DOMCMPT,TONNES,GBO,2821867.3
2010,EN_MAT_DOMCMPT,TONNES,GBO,2825932.0
2011,EN_MAT_DOMCMPT,TONNES,GBO,2778683.0
2012,EN_MAT_DOMCMPT,TONNES,GBO,2717100.9
2013,EN_MAT_DOMCMPT,TONNES,GBO,2736624.1
2014,EN_MAT_DOMCMPT,TONNES,GBO,2726709.0
2015,EN_MAT_DOMCMPT,TONNES,GBO,2770131.8
2016,EN_MAT_DOMCMPT,TONNES,GBO,2768684.3
2017,EN_MAT_DOMCMPT,TONNES,GBO,2717984.2
2018,EN_MAT_DOMCMPT,TONNES,GBO,2681291.4
2019,EN_MAT_DOMCMPT,TONNES,GBO,2670032.7
2000,EN_MAT_DOMCMPT,TONNES,MEO,630590.96399
2001,EN_MAT_DOMCMPT,TONNES,MEO,367004.60502
2002,EN_MAT_DOMCMPT,TONNES,MEO,337997.24134
2003,EN_MAT_DOMCMPT,TONNES,MEO,1021649.6203
2004,EN_MAT_DOMCMPT,TONNES,MEO,1234281.55433
2005,EN_MAT_DOMCMPT,TONNES,MEO,2876009.77796
2006,EN_MAT_DOMCMPT,TONNES,MEO,2695861.61578
2007,EN_MAT_DOMCMPT,TONNES,MEO,2365722.6864
2008,EN_MAT_DOMCMPT,TONNES,MEO,3068157.51122
2009,EN_MAT_DOMCMPT,TONNES,MEO,2851686.83665
2010,EN_MAT_DOMCMPT,TONNES,MEO,1593150.94948
2011,EN_MAT_DOMCMPT,TONNES,MEO,2064199.0876
2012,EN_MAT_DOMCMPT,TONNES,MEO,1922441.54841
2013,EN_MAT_DOMCMPT,TONNES,MEO,2197003.66919
2014,EN_MAT_DOMCMPT,TONNES,MEO,2226172.47441
2015,EN_MAT_DOMCMPT,TONNES,MF2,2821059.35524
2016,EN_MAT_DOMCMPT,TONNES,MEO,2357379.4848
2017,EN_MAT_DOMCMPT,TONNES,MEO,2380174.11867
2018,EN_MAT_DOMCMPT,TONNES,MEO,2358286.75275
2019,EN_MAT_DOMCMPT,TONNES,MEO,2291019.43396
2000,EN_MAT_DOMCMPT,TONNES,NFO,267590.96399
2001,EN_MAT_DOMCMPT,TONNES,NFO,103004.60502
2002,EN_MAT_DOMCMPT,TONNES,NFO,125997.24134
2003,EN_MAT_DOMCMPT,TONNES,NFO,646588.3003
2004,EN_MAT_DOMCMPT,TONNES,NFO,654848.82633
2005,EN_MAT_DOMCMPT,TONNES,NFO,910512.62396
2006,EN_MAT_DOMCMPT,TONNES,NFO,720999.52478
2007,EN_MAT_DOMCMPT,TONNES,NFO,559620.8264
2008,EN_MAT_DOMCMPT,TONNES,NFO,760659.70222
2009,EN_MAT_DOMCMPT,TONNES,NFO,389171.38265
2010,EN_MAT_DOMCMPT,TONNES,NFO,527071.91248
2011,EN_MAT_DOMCMPT,TONNES,NFO,666339.0026
2012,EN_MAT_DOMCMPT,TONNES,NFO,709151.45541
2013,EN_MAT_DOMCMPT,TONNES,NFO,670846.01119
2014,EN_MAT_DOMCMPT,TONNES,NFO,633513.56441
2015,EN_MAT_DOMCMPT,TONNES,NFO,814302.12024
2016,EN_MAT_DOMCMPT,TONNES,NFO,728011.1208
2017,EN_MAT_DOMCMPT,TONNES,NFO,720892.01467
2018,EN_MAT_DOMCMPT,TONNES,NFO,844835.32275
2019,EN_MAT_DOMCMPT,TONNES,NFO,842611.38524
2000,EN_MAT_DOMCMPT,TONNES,NMA,410500.0
2001,EN_MAT_DOMCMPT,TONNES,NMA,523606.0
2002,EN_MAT_DOMCMPT,TONNES,NMA,173196.5
2003,EN_MAT_DOMCMPT,TONNES,NMA,329619.657
2004,EN_MAT_DOMCMPT,TONNES,NMA,511494.906
2005,EN_MAT_DOMCMPT,TONNES,NMA,747888.108
2006,EN_MAT_DOMCMPT,TONNES,NMA,1326301.444
2007,EN_MAT_DOMCMPT,TONNES,NMA,1594083.174
2008,EN_MAT_DOMCMPT,TONNES,NMA,1689810.133
2009,EN_MAT_DOMCMPT,TONNES,NMA,1393951.836
2010,EN_MAT_DOMCMPT,TONNES,NMA,1142940.721
2011,EN_MAT_DOMCMPT,TONNES,NMA,1165175.73
2012,EN_MAT_DOMCMPT,TONNES,NMA,1201379.705
2013,EN_MAT_DOMCMPT,TONNES,NMA,1145167.456
2014,EN_MAT_DOMCMPT,TONNES,NMA,1294254.924
2015,EN_MAT_DOMCMPT,TONNES,NMA,1377411.76
2016,EN_MAT_DOMCMPT,TONNES,NMA,1464021.461
2017,EN_MAT_DOMCMPT,TONNES,NMA,1520842.591
2018,EN_MAT_DOMCMPT,TONNES,NMA,1631766.704
2019,EN_MAT_DOMCMPT,TONNES,NMA,1601400.692
2000,EN_MAT_DOMCMPT,TONNES,NMC,6396435.728
2001,EN_MAT_DOMCMPT,TONNES,NMC,7081305.956
2002,EN_MAT_DOMCMPT,TONNES,NMC,8574222.93
2003,EN_MAT_DOMCMPT,TONNES,NMC,14105164.467
2004,EN_MAT_DOMCMPT,TONNES,NMC,13505050.533
2005,EN_MAT_DOMCMPT,TONNES,NMC,13010889.712
2006,EN_MAT_DOMCMPT,TONNES,NMC,15203616.586
2007,EN_MAT_DOMCMPT,TONNES,NMC,17303580.39
2008,EN_MAT_DOMCMPT,TONNES,NMC,18422350.954
2009,EN_MAT_DOMCMPT,TONNES,NMC,15158490.54
2010,EN_MAT_DOMCMPT,TONNES,NMC,15806454.623
2011,EN_MAT_DOMCMPT,TONNES,NMC,15324494.161
2012,EN_MAT_DOMCMPT,TONNES,NMC,18083655.496
2013,EN_MAT_DOMCMPT,TONNES,NMC,14033759.38
2014,EN_MAT_DOMCMPT,TONNES,NMC,12963151.92
2015,EN_MAT_DOMCMPT,TONNES,NMC,14902345.873
2016,EN_MAT_DOMCMPT,TONNES,NMC,15768911.899
2017,EN_MAT_DOMCMPT,TONNES,NMC,13708093.221
2018,EN_MAT_DOMCMPT,TONNES,NMC,15362217.087
2019,EN_MAT_DOMCMPT,TONNES,NMC,14785072.268
2000,EN_MAT_DOMCMPT,TONNES,NMM,6806935.728
2001,EN_MAT_DOMCMPT,TONNES,NMM,7604911.956
2002,EN_MAT_DOMCMPT,TONNES,NMM,8747419.43
2003,EN_MAT_DOMCMPT,TONNES,NMM,15707888.425
2004,EN_MAT_DOMCMPT,TONNES,NMM,15643265.795
2005,EN_MAT_DOMCMPT,TONNES,NMM,15335745.502
2006,EN_MAT_DOMCMPT,TONNES,NMM,17828656.572
2007,EN_MAT_DOMCMPT,TONNES,NMM,20079497.939
2008,EN_MAT_DOMCMPT,TONNES,NMM,21212670.089
2009,EN_MAT_DOMCMPT,TONNES,NMM,17131572.04
2010,EN_MAT_DOMCMPT,TONNES,NMM,17321529.92
2011,EN_MAT_DOMCMPT,TONNES,NMM,16977591.542
2012,EN_MAT_DOMCMPT,TONNES,NMM,19736164.58
2013,EN_MAT_DOMCMPT,TONNES,NMM,15649081.517
2014,EN_MAT_DOMCMPT,TONNES,NMM,14703875.149
2015,EN_MAT_DOMCMPT,TONNES,NMM,16661740.492
2016,EN_MAT_DOMCMPT,TONNES,NMM,17508217.647
2017,EN_MAT_DOMCMPT,TONNES,NMM,15195399.874
2018,EN_MAT_DOMCMPT,TONNES,NMM,16869828.226
2019,EN_MAT_DOMCMPT,TONNES,NMM,15878202.86
2000,EN_MAT_DOMCMPT,TONNES,ONT,0.0
2001,EN_MAT_DOMCMPT,TONNES,ONT,0.0
2002,EN_MAT_DOMCMPT,TONNES,ONT,0.0
2003,EN_MAT_DOMCMPT,TONNES,ONT,0.0
2004,EN_MAT_DOMCMPT,TONNES,ONT,0.0
2005,EN_MAT_DOMCMPT,TONNES,ONT,0.0
2006,EN_MAT_DOMCMPT,TONNES,ONT,0.0
2007,EN_MAT_DOMCMPT,TONNES,ONT,0.0
2008,EN_MAT_DOMCMPT,TONNES,ONT,0.0
2009,EN_MAT_DOMCMPT,TONNES,ONT,0.0
2010,EN_MAT_DOMCMPT,TONNES,ONT,0.0
2011,EN_MAT_DOMCMPT,TONNES,ONT,0.0
2012,EN_MAT_DOMCMPT,TONNES,ONT,0.0
2013,EN_MAT_DOMCMPT,TONNES,ONT,0.0
2014,EN_MAT_DOMCMPT,TONNES,ONT,0.0
2015,EN_MAT_DOMCMPT,TONNES,ONT,0.0
2016,EN_MAT_DOMCMPT,TONNES,ONT,0.0
2017,EN_MAT_DOMCMPT,TONNES,ONT,0.0
2018,EN_MAT_DOMCMPT,TONNES,ONT,0.0
2019,EN_MAT_DOMCMPT,TONNES,ONT,0.0
2000,EN_MAT_DOMCMPT,TONNES,PET,532000.0
2001,EN_MAT_DOMCMPT,TONNES,PET,265000.0
2002,EN_MAT_DOMCMPT,TONNES,PET,246000.0
2003,EN_MAT_DOMCMPT,TONNES,PET,81000.0
2004,EN_MAT_DOMCMPT,TONNES,PET,184000.0
2005,EN_MAT_DOMCMPT,TONNES,PET,146000.0
2006,EN_MAT_DOMCMPT,TONNES,PET,18000.0
2007,EN_MAT_DOMCMPT,TONNES,PET,13000.0
2008,EN_MAT_DOMCMPT,TONNES,PET,106000.0
2009,EN_MAT_DOMCMPT,TONNES,PET,932000.0
2010,EN_MAT_DOMCMPT,TONNES,PET,1107000.0
2011,EN_MAT_DOMCMPT,TONNES,PET,1161000.0
2012,EN_MAT_DOMCMPT,TONNES,PET,1006000.0
2013,EN_MAT_DOMCMPT,TONNES,PET,1017000.0
2014,EN_MAT_DOMCMPT,TONNES,PET,934000.0
2015,EN_MAT_DOMCMPT,TONNES,PET,916000.0
2016,EN_MAT_DOMCMPT,TONNES,PET,911000.0
2017,EN_MAT_DOMCMPT,TONNES,PET,845000.0
2018,EN_MAT_DOMCMPT,TONNES,PET,683000.0
2019,EN_MAT_DOMCMPT,TONNES,PET,734156.0
2000,EN_MAT_DOMCMPT,TONNES,WCH,10264.0
2001,EN_MAT_DOMCMPT,TONNES,WCH,7413.0
2002,EN_MAT_DOMCMPT,TONNES,WCH,12124.0
2003,EN_MAT_DOMCMPT,TONNES,WCH,12635.0
2004,EN_MAT_DOMCMPT,TONNES,WCH,13770.0
2005,EN_MAT_DOMCMPT,TONNES,WCH,15351.0
2006,EN_MAT_DOMCMPT,TONNES,WCH,9566.0
2007,EN_MAT_DOMCMPT,TONNES,WCH,6800.0
2008,EN_MAT_DOMCMPT,TONNES,WCH,9993.0
2009,EN_MAT_DOMCMPT,TONNES,WCH,8646.0
2010,EN_MAT_DOMCMPT,TONNES,WCH,7342.0
2011,EN_MAT_DOMCMPT,TONNES,WCH,7010.0
2012,EN_MAT_DOMCMPT,TONNES,WCH,6735.0
2013,EN_MAT_DOMCMPT,TONNES,WCH,7849.0
2014,EN_MAT_DOMCMPT,TONNES,WCH,7090.0
2015,EN_MAT_DOMCMPT,TONNES,WCH,7829.0
2016,EN_MAT_DOMCMPT,TONNES,WCH,8256.0
2017,EN_MAT_DOMCMPT,TONNES,WCH,7561.0
2018,EN_MAT_DOMCMPT,TONNES,WCH,7559.0
2019,EN_MAT_DOMCMPT,TONNES,WCH,7860.0
2000,EN_MAT_DOMCMPT,TONNES,WOD,2463271.2
2001,EN_MAT_DOMCMPT,TONNES,WOD,2169991.2
2002,EN_MAT_DOMCMPT,TONNES,WOD,2439191.2
2003,EN_MAT_DOMCMPT,TONNES,WOD,2300461.3
2004,EN_MAT_DOMCMPT,TONNES,WOD,1507846.8
2005,EN_MAT_DOMCMPT,TONNES,WOD,1574817.9
2006,EN_MAT_DOMCMPT,TONNES,WOD,1770107.1
2007,EN_MAT_DOMCMPT,TONNES,WOD,1409230.9
2008,EN_MAT_DOMCMPT,TONNES,WOD,1505113.4
2009,EN_MAT_DOMCMPT,TONNES,WOD,1170378.6
2010,EN_MAT_DOMCMPT,TONNES,WOD,1348766.4
2011,EN_MAT_DOMCMPT,TONNES,WOD,1332286.8
2012,EN_MAT_DOMCMPT,TONNES,WOD,1189907.0
2013,EN_MAT_DOMCMPT,TONNES,WOD,1108462.6
2014,EN_MAT_DOMCMPT,TONNES,WOD,974343.2
2015,EN_MAT_DOMCMPT,TONNES,WOD,1246433.32
2016,EN_MAT_DOMCMPT,TONNES,WOD,1337833.2
2017,EN_MAT_DOMCMPT,TONNES,WOD,1125192.2
2018,EN_MAT_DOMCMPT,TONNES,WOD,1412270.6
2019,EN_MAT_DOMCMPT,TONNES,WOD,1764390.2
