Year,SERIES,UNIT_MEASURE,Пол,Године,Value
2009,SI_COV_SOCUSALL,Проценат,Оба пола или без подјеле по полу,Сви старосни распони или нема подјеле по годинама,3.1
2010,SI_COV_SOCUSALL,Проценат,Оба пола или без подјеле по полу,Сви старосни распони или нема подјеле по годинама,3.2
2011,SI_COV_SOCUSALL,Проценат,Оба пола или без подјеле по полу,Сви старосни распони или нема подјеле по годинама,3.1
2012,SI_COV_SOCUSALL,Проценат,Оба пола или без подјеле по полу,Сви старосни распони или нема подјеле по годинама,3.5
2013,SI_COV_SOCUSALL,Проценат,Оба пола или без подјеле по полу,Сви старосни распони или нема подјеле по годинама,3.5
2014,SI_COV_SOCUSALL,Проценат,Оба пола или без подјеле по полу,Сви старосни распони или нема подјеле по годинама,4.2
2015,SI_COV_SOCUSALL,Проценат,Оба пола или без подјеле по полу,Сви старосни распони или нема подјеле по годинама,3.6
2016,SI_COV_SOCUSALL,Проценат,Оба пола или без подјеле по полу,Сви старосни распони или нема подјеле по годинама,3.8
2017,SI_COV_SOCUSALL,Проценат,Оба пола или без подјеле по полу,Сви старосни распони или нема подјеле по годинама,3.7
2018,SI_COV_SOCUSALL,Проценат,Оба пола или без подјеле по полу,Сви старосни распони или нема подјеле по годинама,4.3
2019,SI_COV_SOCUSALL,Проценат,Оба пола или без подјеле по полу,Сви старосни распони или нема подјеле по годинама,4.3
2020,SI_COV_SOCUSALL,Проценат,Оба пола или без подјеле по полу,Сви старосни распони или нема подјеле по годинама,4.5
2021,SI_COV_SOCUSALL,Проценат,Оба пола или без подјеле по полу,Сви старосни распони или нема подјеле по годинама,4.6
2009,SI_COV_SOCUSALL,Број,Оба пола или без подјеле по полу,Сви старосни распони или нема подјеле по годинама,36917.0
2010,SI_COV_SOCUSALL,Број,Оба пола или без подјеле по полу,Сви старосни распони или нема подјеле по годинама,37178.0
2011,SI_COV_SOCUSALL,Број,Оба пола или без подјеле по полу,Сви старосни распони или нема подјеле по годинама,36323.0
2012,SI_COV_SOCUSALL,Број,Оба пола или без подјеле по полу,Сви старосни распони или нема подјеле по годинама,41157.0
2013,SI_COV_SOCUSALL,Број,Оба пола или без подјеле по полу,Сви старосни распони или нема подјеле по годинама,41212.0
2014,SI_COV_SOCUSALL,Број,Оба пола или без подјеле по полу,Сви старосни распони или нема подјеле по годинама,49147.0
2015,SI_COV_SOCUSALL,Број,Оба пола или без подјеле по полу,Сви старосни распони или нема подјеле по годинама,41410.0
2016,SI_COV_SOCUSALL,Број,Оба пола или без подјеле по полу,Сви старосни распони или нема подјеле по годинама,43582.0
2017,SI_COV_SOCUSALL,Број,Оба пола или без подјеле по полу,Сви старосни распони или нема подјеле по годинама,43062.0
2018,SI_COV_SOCUSALL,Број,Оба пола или без подјеле по полу,Сви старосни распони или нема подјеле по годинама,48921.0
2019,SI_COV_SOCUSALL,Број,Оба пола или без подјеле по полу,Сви старосни распони или нема подјеле по годинама,49252.0
2020,SI_COV_SOCUSALL,Број,Оба пола или без подјеле по полу,Сви старосни распони или нема подјеле по годинама,50652.0
2021,SI_COV_SOCUSALL,Број,Оба пола или без подјеле по полу,Сви старосни распони или нема подјеле по годинама,52068.0
2012,SI_COV_SOCUSSA,Број,Мушкарци,Сви старосни распони или нема подјеле по годинама,18712.0
2013,SI_COV_SOCUSSA,Број,Мушкарци,Сви старосни распони или нема подјеле по годинама,19143.0
2014,SI_COV_SOCUSSA,Број,Мушкарци,Сви старосни распони или нема подјеле по годинама,23658.0
2015,SI_COV_SOCUSSA,Број,Мушкарци,Сви старосни распони или нема подјеле по годинама,18963.0
2016,SI_COV_SOCUSSA,Број,Мушкарци,Сви старосни распони или нема подјеле по годинама,19926.0
2017,SI_COV_SOCUSSA,Број,Мушкарци,Сви старосни распони или нема подјеле по годинама,19812.0
2018,SI_COV_SOCUSSA,Број,Мушкарци,Сви старосни распони или нема подјеле по годинама,23658.0
2019,SI_COV_SOCUSSA,Број,Мушкарци,Сви старосни распони или нема подјеле по годинама,23293.0
2020,SI_COV_SOCUSSA,Број,Мушкарци,Сви старосни распони или нема подјеле по годинама,23661.0
2021,SI_COV_SOCUSSA,Број,Мушкарци,Сви старосни распони или нема подјеле по годинама,24954.0
2012,SI_COV_SOCUSSA,Број,Мушкарци,_M,2811.0
2013,SI_COV_SOCUSSA,Број,Мушкарци,_M,2812.0
2014,SI_COV_SOCUSSA,Број,Мушкарци,_M,2653.0
2015,SI_COV_SOCUSSA,Број,Мушкарци,_M,1586.0
2016,SI_COV_SOCUSSA,Број,Мушкарци,_M,1797.0
2017,SI_COV_SOCUSSA,Број,Мушкарци,_M,2065.0
2018,SI_COV_SOCUSSA,Број,Мушкарци,_M,2430.0
2019,SI_COV_SOCUSSA,Број,Мушкарци,_M,2564.0
2020,SI_COV_SOCUSSA,Број,Мушкарци,_M,2754.0
2021,SI_COV_SOCUSSA,Број,Мушкарци,_M,2986.0
2012,SI_COV_SOCUSSA,Број,Мушкарци,_A,15901.0
2013,SI_COV_SOCUSSA,Број,Мушкарци,_A,16331.0
2014,SI_COV_SOCUSSA,Број,Мушкарци,_A,21005.0
2015,SI_COV_SOCUSSA,Број,Мушкарци,_A,17377.0
2016,SI_COV_SOCUSSA,Број,Мушкарци,_A,18129.0
2017,SI_COV_SOCUSSA,Број,Мушкарци,_A,17747.0
2018,SI_COV_SOCUSSA,Број,Мушкарци,_A,21228.0
2019,SI_COV_SOCUSSA,Број,Мушкарци,_A,20729.0
2020,SI_COV_SOCUSSA,Број,Мушкарци,_A,20907.0
2021,SI_COV_SOCUSSA,Број,Мушкарци,_A,21968.0
2012,SI_COV_SOCUSSA,Број,Жене,Сви старосни распони или нема подјеле по годинама,22445.0
2013,SI_COV_SOCUSSA,Број,Жене,Сви старосни распони или нема подјеле по годинама,22069.0
2014,SI_COV_SOCUSSA,Број,Жене,Сви старосни распони или нема подјеле по годинама,25489.0
2015,SI_COV_SOCUSSA,Број,Жене,Сви старосни распони или нема подјеле по годинама,22447.0
2016,SI_COV_SOCUSSA,Број,Жене,Сви старосни распони или нема подјеле по годинама,23656.0
2017,SI_COV_SOCUSSA,Број,Жене,Сви старосни распони или нема подјеле по годинама,23250.0
2018,SI_COV_SOCUSSA,Број,Жене,Сви старосни распони или нема подјеле по годинама,25263.0
2019,SI_COV_SOCUSSA,Број,Жене,Сви старосни распони или нема подјеле по годинама,25959.0
2020,SI_COV_SOCUSSA,Број,Жене,Сви старосни распони или нема подјеле по годинама,26991.0
2021,SI_COV_SOCUSSA,Број,Жене,Сви старосни распони или нема подјеле по годинама,27114.0
2012,SI_COV_SOCUSSA,Број,Жене,_M,2289.0
2013,SI_COV_SOCUSSA,Број,Жене,_M,2830.0
2014,SI_COV_SOCUSSA,Број,Жене,_M,2557.0
2015,SI_COV_SOCUSSA,Број,Жене,_M,1339.0
2016,SI_COV_SOCUSSA,Број,Жене,_M,1366.0
2017,SI_COV_SOCUSSA,Број,Жене,_M,1876.0
2018,SI_COV_SOCUSSA,Број,Жене,_M,2608.0
2019,SI_COV_SOCUSSA,Број,Жене,_M,1790.0
2020,SI_COV_SOCUSSA,Број,Жене,_M,1978.0
2021,SI_COV_SOCUSSA,Број,Жене,_M,2050.0
2012,SI_COV_SOCUSSA,Број,Жене,_A,20156.0
2013,SI_COV_SOCUSSA,Број,Жене,_A,19239.0
2014,SI_COV_SOCUSSA,Број,Жене,_A,22932.0
2015,SI_COV_SOCUSSA,Број,Жене,_A,21108.0
2016,SI_COV_SOCUSSA,Број,Жене,_A,22290.0
2017,SI_COV_SOCUSSA,Број,Жене,_A,21374.0
2018,SI_COV_SOCUSSA,Број,Жене,_A,22655.0
2019,SI_COV_SOCUSSA,Број,Жене,_A,24169.0
2020,SI_COV_SOCUSSA,Број,Жене,_A,25013.0
2021,SI_COV_SOCUSSA,Број,Жене,_A,25064.0
2012,SI_COV_SOCNP,Број,Оба пола или без подјеле по полу,Сви старосни распони или нема подјеле по годинама,5156.0
2013,SI_COV_SOCNP,Број,Оба пола или без подјеле по полу,Сви старосни распони или нема подјеле по годинама,5156.0
2014,SI_COV_SOCNP,Број,Оба пола или без подјеле по полу,Сви старосни распони или нема подјеле по годинама,5219.0
2015,SI_COV_SOCNP,Број,Оба пола или без подјеле по полу,Сви старосни распони или нема подјеле по годинама,5067.0
2016,SI_COV_SOCNP,Број,Оба пола или без подјеле по полу,Сви старосни распони или нема подјеле по годинама,5071.0
2017,SI_COV_SOCNP,Број,Оба пола или без подјеле по полу,Сви старосни распони или нема подјеле по годинама,4905.0
2018,SI_COV_SOCNP,Број,Оба пола или без подјеле по полу,Сви старосни распони или нема подјеле по годинама,4487.0
2019,SI_COV_SOCNP,Број,Оба пола или без подјеле по полу,Сви старосни распони или нема подјеле по годинама,4487.0
2020,SI_COV_SOCNP,Број,Оба пола или без подјеле по полу,Сви старосни распони или нема подјеле по годинама,4076.0
2021,SI_COV_SOCNP,Број,Оба пола или без подјеле по полу,Сви старосни распони или нема подјеле по годинама,4142.0
2012,SI_COV_SOCNP,Број,Мушкарци,Сви старосни распони или нема подјеле по годинама,1852.0
2013,SI_COV_SOCNP,Број,Мушкарци,Сви старосни распони или нема подјеле по годинама,1852.0
2014,SI_COV_SOCNP,Број,Мушкарци,Сви старосни распони или нема подјеле по годинама,1940.0
2015,SI_COV_SOCNP,Број,Мушкарци,Сви старосни распони или нема подјеле по годинама,1948.0
2016,SI_COV_SOCNP,Број,Мушкарци,Сви старосни распони или нема подјеле по годинама,2020.0
2017,SI_COV_SOCNP,Број,Мушкарци,Сви старосни распони или нема подјеле по годинама,1955.0
2018,SI_COV_SOCNP,Број,Мушкарци,Сви старосни распони или нема подјеле по годинама,1800.0
2019,SI_COV_SOCNP,Број,Мушкарци,Сви старосни распони или нема подјеле по годинама,1846.0
2020,SI_COV_SOCNP,Број,Мушкарци,Сви старосни распони или нема подјеле по годинама,1727.0
2021,SI_COV_SOCNP,Број,Мушкарци,Сви старосни распони или нема подјеле по годинама,1821.0
2012,SI_COV_SOCNP,Број,Жене,Сви старосни распони или нема подјеле по годинама,3304.0
2013,SI_COV_SOCNP,Број,Жене,Сви старосни распони или нема подјеле по годинама,3304.0
2014,SI_COV_SOCNP,Број,Жене,Сви старосни распони или нема подјеле по годинама,3279.0
2015,SI_COV_SOCNP,Број,Жене,Сви старосни распони или нема подјеле по годинама,3119.0
2016,SI_COV_SOCNP,Број,Жене,Сви старосни распони или нема подјеле по годинама,3051.0
2017,SI_COV_SOCNP,Број,Жене,Сви старосни распони или нема подјеле по годинама,2950.0
2018,SI_COV_SOCNP,Број,Жене,Сви старосни распони или нема подјеле по годинама,2687.0
2019,SI_COV_SOCNP,Број,Жене,Сви старосни распони или нема подјеле по годинама,2641.0
2020,SI_COV_SOCNP,Број,Жене,Сви старосни распони или нема подјеле по годинама,2349.0
2021,SI_COV_SOCNP,Број,Жене,Сви старосни распони или нема подјеле по годинама,2321.0
2012,SI_COV_SOCDL,Број,Оба пола или без подјеле по полу,Сви старосни распони или нема подјеле по годинама,17219.0
2013,SI_COV_SOCDL,Број,Оба пола или без подјеле по полу,Сви старосни распони или нема подјеле по годинама,17219.0
2014,SI_COV_SOCDL,Број,Оба пола или без подјеле по полу,Сви старосни распони или нема подјеле по годинама,20286.0
2015,SI_COV_SOCDL,Број,Оба пола или без подјеле по полу,Сви старосни распони или нема подјеле по годинама,23048.0
2016,SI_COV_SOCDL,Број,Оба пола или без подјеле по полу,Сви старосни распони или нема подјеле по годинама,25127.0
2017,SI_COV_SOCDL,Број,Оба пола или без подјеле по полу,Сви старосни распони или нема подјеле по годинама,25944.0
2018,SI_COV_SOCDL,Број,Оба пола или без подјеле по полу,Сви старосни распони или нема подјеле по годинама,26394.0
2019,SI_COV_SOCDL,Број,Оба пола или без подјеле по полу,Сви старосни распони или нема подјеле по годинама,27774.0
2020,SI_COV_SOCDL,Број,Оба пола или без подјеле по полу,Сви старосни распони или нема подјеле по годинама,28270.0
2021,SI_COV_SOCDL,Број,Оба пола или без подјеле по полу,Сви старосни распони или нема подјеле по годинама,29691.0
2012,SI_COV_SOCDL,Број,Мушкарци,Сви старосни распони или нема подјеле по годинама,8008.0
2013,SI_COV_SOCDL,Број,Мушкарци,Сви старосни распони или нема подјеле по годинама,8008.0
2014,SI_COV_SOCDL,Број,Мушкарци,Сви старосни распони или нема подјеле по годинама,9264.0
2015,SI_COV_SOCDL,Број,Мушкарци,Сви старосни распони или нема подјеле по годинама,10465.0
2016,SI_COV_SOCDL,Број,Мушкарци,Сви старосни распони или нема подјеле по годинама,11383.0
2017,SI_COV_SOCDL,Број,Мушкарци,Сви старосни распони или нема подјеле по годинама,11987.0
2018,SI_COV_SOCDL,Број,Мушкарци,Сви старосни распони или нема подјеле по годинама,12123.0
2019,SI_COV_SOCDL,Број,Мушкарци,Сви старосни распони или нема подјеле по годинама,12813.0
2020,SI_COV_SOCDL,Број,Мушкарци,Сви старосни распони или нема подјеле по годинама,12419.0
2021,SI_COV_SOCDL,Број,Мушкарци,Сви старосни распони или нема подјеле по годинама,13673.0
2012,SI_COV_SOCDL,Број,Жене,Сви старосни распони или нема подјеле по годинама,9211.0
2013,SI_COV_SOCDL,Број,Жене,Сви старосни распони или нема подјеле по годинама,9211.0
2014,SI_COV_SOCDL,Број,Жене,Сви старосни распони или нема подјеле по годинама,11022.0
2015,SI_COV_SOCDL,Број,Жене,Сви старосни распони или нема подјеле по годинама,12581.0
2016,SI_COV_SOCDL,Број,Жене,Сви старосни распони или нема подјеле по годинама,13744.0
2017,SI_COV_SOCDL,Број,Жене,Сви старосни распони или нема подјеле по годинама,13957.0
2018,SI_COV_SOCDL,Број,Жене,Сви старосни распони или нема подјеле по годинама,14271.0
2019,SI_COV_SOCDL,Број,Жене,Сви старосни распони или нема подјеле по годинама,14961.0
2020,SI_COV_SOCDL,Број,Жене,Сви старосни распони или нема подјеле по годинама,15851.0
2021,SI_COV_SOCDL,Број,Жене,Сви старосни распони или нема подјеле по годинама,16018.0
2012,SI_COV_SOCDL,Број,Оба пола или без подјеле по полу,_OWCH,1849.0
2013,SI_COV_SOCDL,Број,Оба пола или без подјеле по полу,_OWCH,1849.0
2014,SI_COV_SOCDL,Број,Оба пола или без подјеле по полу,_OWCH,1501.0
2015,SI_COV_SOCDL,Број,Оба пола или без подјеле по полу,_OWCH,1272.0
2016,SI_COV_SOCDL,Број,Оба пола или без подјеле по полу,_OWCH,1492.0
2017,SI_COV_SOCDL,Број,Оба пола или без подјеле по полу,_OWCH,2022.0
2018,SI_COV_SOCDL,Број,Оба пола или без подјеле по полу,_OWCH,1538.0
2019,SI_COV_SOCDL,Број,Оба пола или без подјеле по полу,_OWCH,1689.0
2020,SI_COV_SOCDL,Број,Оба пола или без подјеле по полу,_OWCH,1982.0
2021,SI_COV_SOCDL,Број,Оба пола или без подјеле по полу,_OWCH,2021.0
2012,SI_COV_SOCDL,Број,Мушкарци,_OWCH,937.0
2013,SI_COV_SOCDL,Број,Мушкарци,_OWCH,937.0
2014,SI_COV_SOCDL,Број,Мушкарци,_OWCH,848.0
2015,SI_COV_SOCDL,Број,Мушкарци,_OWCH,718.0
2016,SI_COV_SOCDL,Број,Мушкарци,_OWCH,905.0
2017,SI_COV_SOCDL,Број,Мушкарци,_OWCH,1129.0
2018,SI_COV_SOCDL,Број,Мушкарци,_OWCH,919.0
2019,SI_COV_SOCDL,Број,Мушкарци,_OWCH,1010.0
2020,SI_COV_SOCDL,Број,Мушкарци,_OWCH,1189.0
2021,SI_COV_SOCDL,Број,Мушкарци,_OWCH,1220.0
2012,SI_COV_SOCDL,Број,Жене,_OWCH,912.0
2013,SI_COV_SOCDL,Број,Жене,_OWCH,912.0
2014,SI_COV_SOCDL,Број,Жене,_OWCH,653.0
2015,SI_COV_SOCDL,Број,Жене,_OWCH,554.0
2016,SI_COV_SOCDL,Број,Жене,_OWCH,587.0
2017,SI_COV_SOCDL,Број,Жене,_OWCH,893.0
2018,SI_COV_SOCDL,Број,Жене,_OWCH,619.0
2019,SI_COV_SOCDL,Број,Жене,_OWCH,679.0
2020,SI_COV_SOCDL,Број,Жене,_OWCH,793.0
2021,SI_COV_SOCDL,Број,Жене,_OWCH,801.0
2012,SI_COV_SOCSRAZ,Број,Оба пола или без подјеле по полу,Сви старосни распони или нема подјеле по годинама,333.0
2013,SI_COV_SOCSRAZ,Број,Оба пола или без подјеле по полу,Сви старосни распони или нема подјеле по годинама,333.0
2014,SI_COV_SOCSRAZ,Број,Оба пола или без подјеле по полу,Сви старосни распони или нема подјеле по годинама,432.0
2015,SI_COV_SOCSRAZ,Број,Оба пола или без подјеле по полу,Сви старосни распони или нема подјеле по годинама,410.0
2016,SI_COV_SOCSRAZ,Број,Оба пола или без подјеле по полу,Сви старосни распони или нема подјеле по годинама,339.0
2017,SI_COV_SOCSRAZ,Број,Оба пола или без подјеле по полу,Сви старосни распони или нема подјеле по годинама,349.0
2018,SI_COV_SOCSRAZ,Број,Оба пола или без подјеле по полу,Сви старосни распони или нема подјеле по годинама,382.0
2019,SI_COV_SOCSRAZ,Број,Оба пола или без подјеле по полу,Сви старосни распони или нема подјеле по годинама,239.0
2020,SI_COV_SOCSRAZ,Број,Оба пола или без подјеле по полу,Сви старосни распони или нема подјеле по годинама,223.0
2021,SI_COV_SOCSRAZ,Број,Оба пола или без подјеле по полу,Сви старосни распони или нема подјеле по годинама,248.0
2012,SI_COV_SOCSRAZ,Број,Мушкарци,Сви старосни распони или нема подјеле по годинама,199.0
2013,SI_COV_SOCSRAZ,Број,Мушкарци,Сви старосни распони или нема подјеле по годинама,199.0
2014,SI_COV_SOCSRAZ,Број,Мушкарци,Сви старосни распони или нема подјеле по годинама,248.0
2015,SI_COV_SOCSRAZ,Број,Мушкарци,Сви старосни распони или нема подјеле по годинама,235.0
2016,SI_COV_SOCSRAZ,Број,Мушкарци,Сви старосни распони или нема подјеле по годинама,186.0
2017,SI_COV_SOCSRAZ,Број,Мушкарци,Сви старосни распони или нема подјеле по годинама,184.0
2018,SI_COV_SOCSRAZ,Број,Мушкарци,Сви старосни распони или нема подјеле по годинама,204.0
2019,SI_COV_SOCSRAZ,Број,Мушкарци,Сви старосни распони или нема подјеле по годинама,115.0
2020,SI_COV_SOCSRAZ,Број,Мушкарци,Сви старосни распони или нема подјеле по годинама,112.0
2021,SI_COV_SOCSRAZ,Број,Мушкарци,Сви старосни распони или нема подјеле по годинама,137.0
2012,SI_COV_SOCSRAZ,Број,Жене,Сви старосни распони или нема подјеле по годинама,134.0
2013,SI_COV_SOCSRAZ,Број,Жене,Сви старосни распони или нема подјеле по годинама,134.0
2014,SI_COV_SOCSRAZ,Број,Жене,Сви старосни распони или нема подјеле по годинама,184.0
2015,SI_COV_SOCSRAZ,Број,Жене,Сви старосни распони или нема подјеле по годинама,175.0
2016,SI_COV_SOCSRAZ,Број,Жене,Сви старосни распони или нема подјеле по годинама,153.0
2017,SI_COV_SOCSRAZ,Број,Жене,Сви старосни распони или нема подјеле по годинама,165.0
2018,SI_COV_SOCSRAZ,Број,Жене,Сви старосни распони или нема подјеле по годинама,178.0
2019,SI_COV_SOCSRAZ,Број,Жене,Сви старосни распони или нема подјеле по годинама,121.0
2020,SI_COV_SOCSRAZ,Број,Жене,Сви старосни распони или нема подјеле по годинама,111.0
2021,SI_COV_SOCSRAZ,Број,Жене,Сви старосни распони или нема подјеле по годинама,111.0
2012,SI_COV_SOCSRAZ,Број,Оба пола или без подјеле по полу,_OWCH,290.0
2013,SI_COV_SOCSRAZ,Број,Оба пола или без подјеле по полу,_OWCH,290.0
2014,SI_COV_SOCSRAZ,Број,Оба пола или без подјеле по полу,_OWCH,414.0
2015,SI_COV_SOCSRAZ,Број,Оба пола или без подјеле по полу,_OWCH,386.0
2016,SI_COV_SOCSRAZ,Број,Оба пола или без подјеле по полу,_OWCH,306.0
2017,SI_COV_SOCSRAZ,Број,Оба пола или без подјеле по полу,_OWCH,322.0
2018,SI_COV_SOCSRAZ,Број,Оба пола или без подјеле по полу,_OWCH,325.0
2019,SI_COV_SOCSRAZ,Број,Оба пола или без подјеле по полу,_OWCH,147.0
2020,SI_COV_SOCSRAZ,Број,Оба пола или без подјеле по полу,_OWCH,141.0
2021,SI_COV_SOCSRAZ,Број,Оба пола или без подјеле по полу,_OWCH,134.0
2012,SI_COV_SOCSRAZ,Број,Мушкарци,_OWCH,175.0
2013,SI_COV_SOCSRAZ,Број,Мушкарци,_OWCH,175.0
2014,SI_COV_SOCSRAZ,Број,Мушкарци,_OWCH,237.0
2015,SI_COV_SOCSRAZ,Број,Мушкарци,_OWCH,229.0
2016,SI_COV_SOCSRAZ,Број,Мушкарци,_OWCH,170.0
2017,SI_COV_SOCSRAZ,Број,Мушкарци,_OWCH,175.0
2018,SI_COV_SOCSRAZ,Број,Мушкарци,_OWCH,194.0
2019,SI_COV_SOCSRAZ,Број,Мушкарци,_OWCH,74.0
2020,SI_COV_SOCSRAZ,Број,Мушкарци,_OWCH,75.0
2021,SI_COV_SOCSRAZ,Број,Мушкарци,_OWCH,74.0
2012,SI_COV_SOCSRAZ,Број,Жене,_OWCH,115.0
2013,SI_COV_SOCSRAZ,Број,Жене,_OWCH,115.0
2014,SI_COV_SOCSRAZ,Број,Жене,_OWCH,177.0
2015,SI_COV_SOCSRAZ,Број,Жене,_OWCH,157.0
2016,SI_COV_SOCSRAZ,Број,Жене,_OWCH,136.0
2017,SI_COV_SOCSRAZ,Број,Жене,_OWCH,147.0
2018,SI_COV_SOCSRAZ,Број,Жене,_OWCH,131.0
2019,SI_COV_SOCSRAZ,Број,Жене,_OWCH,73.0
2020,SI_COV_SOCSRAZ,Број,Жене,_OWCH,66.0
2021,SI_COV_SOCSRAZ,Број,Жене,_OWCH,60.0
2012,SI_COV_SOCSUST,Број,Оба пола или без подјеле по полу,Сви старосни распони или нема подјеле по годинама,1048.0
2013,SI_COV_SOCSUST,Број,Оба пола или без подјеле по полу,Сви старосни распони или нема подјеле по годинама,1048.0
2014,SI_COV_SOCSUST,Број,Оба пола или без подјеле по полу,Сви старосни распони или нема подјеле по годинама,1059.0
2015,SI_COV_SOCSUST,Број,Оба пола или без подјеле по полу,Сви старосни распони или нема подјеле по годинама,1029.0
2016,SI_COV_SOCSUST,Број,Оба пола или без подјеле по полу,Сви старосни распони или нема подјеле по годинама,1089.0
2017,SI_COV_SOCSUST,Број,Оба пола или без подјеле по полу,Сви старосни распони или нема подјеле по годинама,1071.0
2018,SI_COV_SOCSUST,Број,Оба пола или без подјеле по полу,Сви старосни распони или нема подјеле по годинама,1145.0
2019,SI_COV_SOCSUST,Број,Оба пола или без подјеле по полу,Сви старосни распони или нема подјеле по годинама,1078.0
2020,SI_COV_SOCSUST,Број,Оба пола или без подјеле по полу,Сви старосни распони или нема подјеле по годинама,1179.0
2021,SI_COV_SOCSUST,Број,Оба пола или без подјеле по полу,Сви старосни распони или нема подјеле по годинама,1190.0
2012,SI_COV_SOCSUST,Број,Мушкарци,Сви старосни распони или нема подјеле по годинама,473.0
2013,SI_COV_SOCSUST,Број,Мушкарци,Сви старосни распони или нема подјеле по годинама,473.0
2014,SI_COV_SOCSUST,Број,Мушкарци,Сви старосни распони или нема подјеле по годинама,491.0
2015,SI_COV_SOCSUST,Број,Мушкарци,Сви старосни распони или нема подјеле по годинама,504.0
2016,SI_COV_SOCSUST,Број,Мушкарци,Сви старосни распони или нема подјеле по годинама,504.0
2017,SI_COV_SOCSUST,Број,Мушкарци,Сви старосни распони или нема подјеле по годинама,500.0
2018,SI_COV_SOCSUST,Број,Мушкарци,Сви старосни распони или нема подјеле по годинама,525.0
2019,SI_COV_SOCSUST,Број,Мушкарци,Сви старосни распони или нема подјеле по годинама,504.0
2020,SI_COV_SOCSUST,Број,Мушкарци,Сви старосни распони или нема подјеле по годинама,544.0
2021,SI_COV_SOCSUST,Број,Мушкарци,Сви старосни распони или нема подјеле по годинама,533.0
2012,SI_COV_SOCSUST,Број,Жене,Сви старосни распони или нема подјеле по годинама,575.0
2013,SI_COV_SOCSUST,Број,Жене,Сви старосни распони или нема подјеле по годинама,575.0
2014,SI_COV_SOCSUST,Број,Жене,Сви старосни распони или нема подјеле по годинама,568.0
2015,SI_COV_SOCSUST,Број,Жене,Сви старосни распони или нема подјеле по годинама,525.0
2016,SI_COV_SOCSUST,Број,Жене,Сви старосни распони или нема подјеле по годинама,585.0
2017,SI_COV_SOCSUST,Број,Жене,Сви старосни распони или нема подјеле по годинама,571.0
2018,SI_COV_SOCSUST,Број,Жене,Сви старосни распони или нема подјеле по годинама,620.0
2019,SI_COV_SOCSUST,Број,Жене,Сви старосни распони или нема подјеле по годинама,574.0
2020,SI_COV_SOCSUST,Број,Жене,Сви старосни распони или нема подјеле по годинама,635.0
2021,SI_COV_SOCSUST,Број,Жене,Сви старосни распони или нема подјеле по годинама,657.0
2012,SI_COV_SOCSUST,Број,Оба пола или без подјеле по полу,_OWCH,225.0
2013,SI_COV_SOCSUST,Број,Оба пола или без подјеле по полу,_OWCH,225.0
2014,SI_COV_SOCSUST,Број,Оба пола или без подјеле по полу,_OWCH,207.0
2015,SI_COV_SOCSUST,Број,Оба пола или без подјеле по полу,_OWCH,199.0
2016,SI_COV_SOCSUST,Број,Оба пола или без подјеле по полу,_OWCH,224.0
2017,SI_COV_SOCSUST,Број,Оба пола или без подјеле по полу,_OWCH,183.0
2018,SI_COV_SOCSUST,Број,Оба пола или без подјеле по полу,_OWCH,170.0
2019,SI_COV_SOCSUST,Број,Оба пола или без подјеле по полу,_OWCH,154.0
2020,SI_COV_SOCSUST,Број,Оба пола или без подјеле по полу,_OWCH,152.0
2021,SI_COV_SOCSUST,Број,Оба пола или без подјеле по полу,_OWCH,159.0
2012,SI_COV_SOCSUST,Број,Мушкарци,_OWCH,119.0
2013,SI_COV_SOCSUST,Број,Мушкарци,_OWCH,119.0
2014,SI_COV_SOCSUST,Број,Мушкарци,_OWCH,106.0
2015,SI_COV_SOCSUST,Број,Мушкарци,_OWCH,106.0
2016,SI_COV_SOCSUST,Број,Мушкарци,_OWCH,118.0
2017,SI_COV_SOCSUST,Број,Мушкарци,_OWCH,94.0
2018,SI_COV_SOCSUST,Број,Мушкарци,_OWCH,90.0
2019,SI_COV_SOCSUST,Број,Мушкарци,_OWCH,73.0
2020,SI_COV_SOCSUST,Број,Мушкарци,_OWCH,74.0
2021,SI_COV_SOCSUST,Број,Мушкарци,_OWCH,82.0
2012,SI_COV_SOCSUST,Број,Жене,_OWCH,106.0
2013,SI_COV_SOCSUST,Број,Жене,_OWCH,106.0
2014,SI_COV_SOCSUST,Број,Жене,_OWCH,101.0
2015,SI_COV_SOCSUST,Број,Жене,_OWCH,93.0
2016,SI_COV_SOCSUST,Број,Жене,_OWCH,106.0
2017,SI_COV_SOCSUST,Број,Жене,_OWCH,89.0
2018,SI_COV_SOCSUST,Број,Жене,_OWCH,80.0
2019,SI_COV_SOCSUST,Број,Жене,_OWCH,81.0
2020,SI_COV_SOCSUST,Број,Жене,_OWCH,78.0
2021,SI_COV_SOCSUST,Број,Жене,_OWCH,77.0
2012,SI_COV_SOCHRP,Број,Оба пола или без подјеле по полу,Сви старосни распони или нема подјеле по годинама,389.0
2013,SI_COV_SOCHRP,Број,Оба пола или без подјеле по полу,Сви старосни распони или нема подјеле по годинама,389.0
2014,SI_COV_SOCHRP,Број,Оба пола или без подјеле по полу,Сви старосни распони или нема подјеле по годинама,426.0
2015,SI_COV_SOCHRP,Број,Оба пола или без подјеле по полу,Сви старосни распони или нема подјеле по годинама,356.0
2016,SI_COV_SOCHRP,Број,Оба пола или без подјеле по полу,Сви старосни распони или нема подјеле по годинама,356.0
2017,SI_COV_SOCHRP,Број,Оба пола или без подјеле по полу,Сви старосни распони или нема подјеле по годинама,392.0
2018,SI_COV_SOCHRP,Број,Оба пола или без подјеле по полу,Сви старосни распони или нема подјеле по годинама,390.0
2019,SI_COV_SOCHRP,Број,Оба пола или без подјеле по полу,Сви старосни распони или нема подјеле по годинама,373.0
2020,SI_COV_SOCHRP,Број,Оба пола или без подјеле по полу,Сви старосни распони или нема подјеле по годинама,370.0
2021,SI_COV_SOCHRP,Број,Оба пола или без подјеле по полу,Сви старосни распони или нема подјеле по годинама,333.0
2012,SI_COV_SOCHRP,Број,Мушкарци,Сви старосни распони или нема подјеле по годинама,182.0
2013,SI_COV_SOCHRP,Број,Мушкарци,Сви старосни распони или нема подјеле по годинама,182.0
2014,SI_COV_SOCHRP,Број,Мушкарци,Сви старосни распони или нема подјеле по годинама,198.0
2015,SI_COV_SOCHRP,Број,Мушкарци,Сви старосни распони или нема подјеле по годинама,167.0
2016,SI_COV_SOCHRP,Број,Мушкарци,Сви старосни распони или нема подјеле по годинама,167.0
2017,SI_COV_SOCHRP,Број,Мушкарци,Сви старосни распони или нема подјеле по годинама,194.0
2018,SI_COV_SOCHRP,Број,Мушкарци,Сви старосни распони или нема подјеле по годинама,192.0
2019,SI_COV_SOCHRP,Број,Мушкарци,Сви старосни распони или нема подјеле по годинама,168.0
2020,SI_COV_SOCHRP,Број,Мушкарци,Сви старосни распони или нема подјеле по годинама,175.0
2021,SI_COV_SOCHRP,Број,Мушкарци,Сви старосни распони или нема подјеле по годинама,159.0
2012,SI_COV_SOCHRP,Број,Жене,Сви старосни распони или нема подјеле по годинама,211.0
2013,SI_COV_SOCHRP,Број,Жене,Сви старосни распони или нема подјеле по годинама,211.0
2014,SI_COV_SOCHRP,Број,Жене,Сви старосни распони или нема подјеле по годинама,228.0
2015,SI_COV_SOCHRP,Број,Жене,Сви старосни распони или нема подјеле по годинама,189.0
2016,SI_COV_SOCHRP,Број,Жене,Сви старосни распони или нема подјеле по годинама,189.0
2017,SI_COV_SOCHRP,Број,Жене,Сви старосни распони или нема подјеле по годинама,198.0
2018,SI_COV_SOCHRP,Број,Жене,Сви старосни распони или нема подјеле по годинама,198.0
2019,SI_COV_SOCHRP,Број,Жене,Сви старосни распони или нема подјеле по годинама,205.0
2020,SI_COV_SOCHRP,Број,Жене,Сви старосни распони или нема подјеле по годинама,195.0
2021,SI_COV_SOCHRP,Број,Жене,Сви старосни распони или нема подјеле по годинама,174.0
2012,SI_COV_SOCHRP,Број,Оба пола или без подјеле по полу,_OWCH,119.0
2013,SI_COV_SOCHRP,Број,Оба пола или без подјеле по полу,_OWCH,119.0
2014,SI_COV_SOCHRP,Број,Оба пола или без подјеле по полу,_OWCH,196.0
2015,SI_COV_SOCHRP,Број,Оба пола или без подјеле по полу,_OWCH,252.0
2016,SI_COV_SOCHRP,Број,Оба пола или без подјеле по полу,_OWCH,259.0
2017,SI_COV_SOCHRP,Број,Оба пола или без подјеле по полу,_OWCH,272.0
2018,SI_COV_SOCHRP,Број,Оба пола или без подјеле по полу,_OWCH,223.0
2019,SI_COV_SOCHRP,Број,Оба пола или без подјеле по полу,_OWCH,210.0
2020,SI_COV_SOCHRP,Број,Оба пола или без подјеле по полу,_OWCH,206.0
2021,SI_COV_SOCHRP,Број,Оба пола или без подјеле по полу,_OWCH,208.0
2012,SI_COV_SOCHRP,Број,Мушкарци,_OWCH,61.0
2013,SI_COV_SOCHRP,Број,Мушкарци,_OWCH,61.0
2014,SI_COV_SOCHRP,Број,Мушкарци,_OWCH,101.0
2015,SI_COV_SOCHRP,Број,Мушкарци,_OWCH,127.0
2016,SI_COV_SOCHRP,Број,Мушкарци,_OWCH,135.0
2017,SI_COV_SOCHRP,Број,Мушкарци,_OWCH,137.0
2018,SI_COV_SOCHRP,Број,Мушкарци,_OWCH,117.0
2019,SI_COV_SOCHRP,Број,Мушкарци,_OWCH,96.0
2020,SI_COV_SOCHRP,Број,Мушкарци,_OWCH,102.0
2021,SI_COV_SOCHRP,Број,Мушкарци,_OWCH,99.0
2012,SI_COV_SOCHRP,Број,Жене,_OWCH,58.0
2013,SI_COV_SOCHRP,Број,Жене,_OWCH,58.0
2014,SI_COV_SOCHRP,Број,Жене,_OWCH,95.0
2015,SI_COV_SOCHRP,Број,Жене,_OWCH,125.0
2016,SI_COV_SOCHRP,Број,Жене,_OWCH,124.0
2017,SI_COV_SOCHRP,Број,Жене,_OWCH,135.0
2018,SI_COV_SOCHRP,Број,Жене,_OWCH,106.0
2019,SI_COV_SOCHRP,Број,Жене,_OWCH,114.0
2020,SI_COV_SOCHRP,Број,Жене,_OWCH,104.0
2021,SI_COV_SOCHRP,Број,Жене,_OWCH,109.0
2012,SI_COV_SOCHHLP,Број,Оба пола или без подјеле по полу,Сви старосни распони или нема подјеле по годинама,285.0
2013,SI_COV_SOCHHLP,Број,Оба пола или без подјеле по полу,Сви старосни распони или нема подјеле по годинама,285.0
2014,SI_COV_SOCHHLP,Број,Оба пола или без подјеле по полу,Сви старосни распони или нема подјеле по годинама,217.0
2015,SI_COV_SOCHHLP,Број,Оба пола или без подјеле по полу,Сви старосни распони или нема подјеле по годинама,217.0
2016,SI_COV_SOCHHLP,Број,Оба пола или без подјеле по полу,Сви старосни распони или нема подјеле по годинама,237.0
2017,SI_COV_SOCHHLP,Број,Оба пола или без подјеле по полу,Сви старосни распони или нема подјеле по годинама,220.0
2018,SI_COV_SOCHHLP,Број,Оба пола или без подјеле по полу,Сви старосни распони или нема подјеле по годинама,201.0
2019,SI_COV_SOCHHLP,Број,Оба пола или без подјеле по полу,Сви старосни распони или нема подјеле по годинама,233.0
2020,SI_COV_SOCHHLP,Број,Оба пола или без подјеле по полу,Сви старосни распони или нема подјеле по годинама,186.0
2021,SI_COV_SOCHHLP,Број,Оба пола или без подјеле по полу,Сви старосни распони или нема подјеле по годинама,152.0
2012,SI_COV_SOCHHLP,Број,Мушкарци,Сви старосни распони или нема подјеле по годинама,123.0
2013,SI_COV_SOCHHLP,Број,Мушкарци,Сви старосни распони или нема подјеле по годинама,123.0
2014,SI_COV_SOCHHLP,Број,Мушкарци,Сви старосни распони или нема подјеле по годинама,55.0
2015,SI_COV_SOCHHLP,Број,Мушкарци,Сви старосни распони или нема подјеле по годинама,58.0
2016,SI_COV_SOCHHLP,Број,Мушкарци,Сви старосни распони или нема подјеле по годинама,67.0
2017,SI_COV_SOCHHLP,Број,Мушкарци,Сви старосни распони или нема подјеле по годинама,102.0
2018,SI_COV_SOCHHLP,Број,Мушкарци,Сви старосни распони или нема подјеле по годинама,100.0
2019,SI_COV_SOCHHLP,Број,Мушкарци,Сви старосни распони или нема подјеле по годинама,69.0
2020,SI_COV_SOCHHLP,Број,Мушкарци,Сви старосни распони или нема подјеле по годинама,66.0
2021,SI_COV_SOCHHLP,Број,Мушкарци,Сви старосни распони или нема подјеле по годинама,63.0
2012,SI_COV_SOCHHLP,Број,Жене,Сви старосни распони или нема подјеле по годинама,163.0
2013,SI_COV_SOCHHLP,Број,Жене,Сви старосни распони или нема подјеле по годинама,163.0
2014,SI_COV_SOCHHLP,Број,Жене,Сви старосни распони или нема подјеле по годинама,162.0
2015,SI_COV_SOCHHLP,Број,Жене,Сви старосни распони или нема подјеле по годинама,159.0
2016,SI_COV_SOCHHLP,Број,Жене,Сви старосни распони или нема подјеле по годинама,170.0
2017,SI_COV_SOCHHLP,Број,Жене,Сви старосни распони или нема подјеле по годинама,118.0
2018,SI_COV_SOCHHLP,Број,Жене,Сви старосни распони или нема подјеле по годинама,101.0
2019,SI_COV_SOCHHLP,Број,Жене,Сви старосни распони или нема подјеле по годинама,164.0
2020,SI_COV_SOCHHLP,Број,Жене,Сви старосни распони или нема подјеле по годинама,120.0
2021,SI_COV_SOCHHLP,Број,Жене,Сви старосни распони или нема подјеле по годинама,89.0
2012,SI_COV_SOCHHLP,Број,Оба пола или без подјеле по полу,_OWCH,15.0
2013,SI_COV_SOCHHLP,Број,Оба пола или без подјеле по полу,_OWCH,15.0
2014,SI_COV_SOCHHLP,Број,Оба пола или без подјеле по полу,_OWCH,7.0
2015,SI_COV_SOCHHLP,Број,Оба пола или без подјеле по полу,_OWCH,6.0
2016,SI_COV_SOCHHLP,Број,Оба пола или без подјеле по полу,_OWCH,5.0
2017,SI_COV_SOCHHLP,Број,Оба пола или без подјеле по полу,_OWCH,17.0
2018,SI_COV_SOCHHLP,Број,Оба пола или без подјеле по полу,_OWCH,1.0
2019,SI_COV_SOCHHLP,Број,Оба пола или без подјеле по полу,_OWCH,1.0
2020,SI_COV_SOCHHLP,Број,Оба пола или без подјеле по полу,_OWCH,0.0
2021,SI_COV_SOCHHLP,Број,Оба пола или без подјеле по полу,_OWCH,0.0
2012,SI_COV_SOCHHLP,Број,Мушкарци,_OWCH,11.0
2013,SI_COV_SOCHHLP,Број,Мушкарци,_OWCH,11.0
2014,SI_COV_SOCHHLP,Број,Мушкарци,_OWCH,5.0
2015,SI_COV_SOCHHLP,Број,Мушкарци,_OWCH,2.0
2016,SI_COV_SOCHHLP,Број,Мушкарци,_OWCH,2.0
2017,SI_COV_SOCHHLP,Број,Мушкарци,_OWCH,5.0
2018,SI_COV_SOCHHLP,Број,Мушкарци,_OWCH,0.0
2019,SI_COV_SOCHHLP,Број,Мушкарци,_OWCH,0.0
2020,SI_COV_SOCHHLP,Број,Мушкарци,_OWCH,0.0
2021,SI_COV_SOCHHLP,Број,Мушкарци,_OWCH,0.0
2012,SI_COV_SOCHHLP,Број,Жене,_OWCH,4.0
2013,SI_COV_SOCHHLP,Број,Жене,_OWCH,4.0
2014,SI_COV_SOCHHLP,Број,Жене,_OWCH,2.0
2015,SI_COV_SOCHHLP,Број,Жене,_OWCH,4.0
2016,SI_COV_SOCHHLP,Број,Жене,_OWCH,3.0
2017,SI_COV_SOCHHLP,Број,Жене,_OWCH,12.0
2018,SI_COV_SOCHHLP,Број,Жене,_OWCH,1.0
2019,SI_COV_SOCHHLP,Број,Жене,_OWCH,1.0
2020,SI_COV_SOCHHLP,Број,Жене,_OWCH,0.0
2021,SI_COV_SOCHHLP,Број,Жене,_OWCH,0.0
2012,SI_COV_SOCDC,Број,Оба пола или без подјеле по полу,Сви старосни распони или нема подјеле по годинама,70.0
2013,SI_COV_SOCDC,Број,Оба пола или без подјеле по полу,Сви старосни распони или нема подјеле по годинама,70.0
2014,SI_COV_SOCDC,Број,Оба пола или без подјеле по полу,Сви старосни распони или нема подјеле по годинама,230.0
2015,SI_COV_SOCDC,Број,Оба пола или без подјеле по полу,Сви старосни распони или нема подјеле по годинама,178.0
2016,SI_COV_SOCDC,Број,Оба пола или без подјеле по полу,Сви старосни распони или нема подјеле по годинама,209.0
2017,SI_COV_SOCDC,Број,Оба пола или без подјеле по полу,Сви старосни распони или нема подјеле по годинама,286.0
2018,SI_COV_SOCDC,Број,Оба пола или без подјеле по полу,Сви старосни распони или нема подјеле по годинама,312.0
2019,SI_COV_SOCDC,Број,Оба пола или без подјеле по полу,Сви старосни распони или нема подјеле по годинама,395.0
2020,SI_COV_SOCDC,Број,Оба пола или без подјеле по полу,Сви старосни распони или нема подјеле по годинама,335.0
2021,SI_COV_SOCDC,Број,Оба пола или без подјеле по полу,Сви старосни распони или нема подјеле по годинама,433.0
2012,SI_COV_SOCDC,Број,Мушкарци,Сви старосни распони или нема подјеле по годинама,39.0
2013,SI_COV_SOCDC,Број,Мушкарци,Сви старосни распони или нема подјеле по годинама,39.0
2014,SI_COV_SOCDC,Број,Мушкарци,Сви старосни распони или нема подјеле по годинама,120.0
2015,SI_COV_SOCDC,Број,Мушкарци,Сви старосни распони или нема подјеле по годинама,105.0
2016,SI_COV_SOCDC,Број,Мушкарци,Сви старосни распони или нема подјеле по годинама,128.0
2017,SI_COV_SOCDC,Број,Мушкарци,Сви старосни распони или нема подјеле по годинама,163.0
2018,SI_COV_SOCDC,Број,Мушкарци,Сви старосни распони или нема подјеле по годинама,180.0
2019,SI_COV_SOCDC,Број,Мушкарци,Сви старосни распони или нема подјеле по годинама,209.0
2020,SI_COV_SOCDC,Број,Мушкарци,Сви старосни распони или нема подјеле по годинама,157.0
2021,SI_COV_SOCDC,Број,Мушкарци,Сви старосни распони или нема подјеле по годинама,255.0
2012,SI_COV_SOCDC,Број,Жене,Сви старосни распони или нема подјеле по годинама,31.0
2013,SI_COV_SOCDC,Број,Жене,Сви старосни распони или нема подјеле по годинама,31.0
2014,SI_COV_SOCDC,Број,Жене,Сви старосни распони или нема подјеле по годинама,110.0
2015,SI_COV_SOCDC,Број,Жене,Сви старосни распони или нема подјеле по годинама,73.0
2016,SI_COV_SOCDC,Број,Жене,Сви старосни распони или нема подјеле по годинама,81.0
2017,SI_COV_SOCDC,Број,Жене,Сви старосни распони или нема подјеле по годинама,123.0
2018,SI_COV_SOCDC,Број,Жене,Сви старосни распони или нема подјеле по годинама,132.0
2019,SI_COV_SOCDC,Број,Жене,Сви старосни распони или нема подјеле по годинама,186.0
2020,SI_COV_SOCDC,Број,Жене,Сви старосни распони или нема подјеле по годинама,178.0
2021,SI_COV_SOCDC,Број,Жене,Сви старосни распони или нема подјеле по годинама,178.0
2012,SI_COV_SOCDC,Број,Оба пола или без подјеле по полу,_OWCH,52.0
2013,SI_COV_SOCDC,Број,Оба пола или без подјеле по полу,_OWCH,52.0
2014,SI_COV_SOCDC,Број,Оба пола или без подјеле по полу,_OWCH,143.0
2015,SI_COV_SOCDC,Број,Оба пола или без подјеле по полу,_OWCH,137.0
2016,SI_COV_SOCDC,Број,Оба пола или без подјеле по полу,_OWCH,125.0
2017,SI_COV_SOCDC,Број,Оба пола или без подјеле по полу,_OWCH,157.0
2018,SI_COV_SOCDC,Број,Оба пола или без подјеле по полу,_OWCH,107.0
2019,SI_COV_SOCDC,Број,Оба пола или без подјеле по полу,_OWCH,127.0
2020,SI_COV_SOCDC,Број,Оба пола или без подјеле по полу,_OWCH,161.0
2021,SI_COV_SOCDC,Број,Оба пола или без подјеле по полу,_OWCH,192.0
2012,SI_COV_SOCDC,Број,Мушкарци,_OWCH,27.0
2013,SI_COV_SOCDC,Број,Мушкарци,_OWCH,27.0
2014,SI_COV_SOCDC,Број,Мушкарци,_OWCH,81.0
2015,SI_COV_SOCDC,Број,Мушкарци,_OWCH,77.0
2016,SI_COV_SOCDC,Број,Мушкарци,_OWCH,72.0
2017,SI_COV_SOCDC,Број,Мушкарци,_OWCH,83.0
2018,SI_COV_SOCDC,Број,Мушкарци,_OWCH,62.0
2019,SI_COV_SOCDC,Број,Мушкарци,_OWCH,65.0
2020,SI_COV_SOCDC,Број,Мушкарци,_OWCH,85.0
2021,SI_COV_SOCDC,Број,Мушкарци,_OWCH,137.0
2012,SI_COV_SOCDC,Број,Жене,_OWCH,25.0
2013,SI_COV_SOCDC,Број,Жене,_OWCH,25.0
2014,SI_COV_SOCDC,Број,Жене,_OWCH,62.0
2015,SI_COV_SOCDC,Број,Жене,_OWCH,60.0
2016,SI_COV_SOCDC,Број,Жене,_OWCH,53.0
2017,SI_COV_SOCDC,Број,Жене,_OWCH,74.0
2018,SI_COV_SOCDC,Број,Жене,_OWCH,45.0
2019,SI_COV_SOCDC,Број,Жене,_OWCH,62.0
2020,SI_COV_SOCDC,Број,Жене,_OWCH,76.0
2021,SI_COV_SOCDC,Број,Жене,_OWCH,55.0
2012,SI_COV_SOCOTFA,Број,Оба пола или без подјеле по полу,Сви старосни распони или нема подјеле по годинама,11586.0
2013,SI_COV_SOCOTFA,Број,Оба пола или без подјеле по полу,Сви старосни распони или нема подјеле по годинама,11586.0
2014,SI_COV_SOCOTFA,Број,Оба пола или без подјеле по полу,Сви старосни распони или нема подјеле по годинама,11413.0
2015,SI_COV_SOCOTFA,Број,Оба пола или без подјеле по полу,Сви старосни распони или нема подјеле по годинама,11105.0
2016,SI_COV_SOCOTFA,Број,Оба пола или без подјеле по полу,Сви старосни распони или нема подјеле по годинама,11301.0
2017,SI_COV_SOCOTFA,Број,Оба пола или без подјеле по полу,Сви старосни распони или нема подјеле по годинама,10481.0
2018,SI_COV_SOCOTFA,Број,Оба пола или без подјеле по полу,Сви старосни распони или нема подјеле по годинама,11418.0
2019,SI_COV_SOCOTFA,Број,Оба пола или без подјеле по полу,Сви старосни распони или нема подјеле по годинама,9732.0
2020,SI_COV_SOCOTFA,Број,Оба пола или без подјеле по полу,Сви старосни распони или нема подјеле по годинама,9735.0
2021,SI_COV_SOCOTFA,Број,Оба пола или без подјеле по полу,Сви старосни распони или нема подјеле по годинама,9152.0
2012,SI_COV_SOCOTFA,Број,Мушкарци,Сви старосни распони или нема подјеле по годинама,5566.0
2013,SI_COV_SOCOTFA,Број,Мушкарци,Сви старосни распони или нема подјеле по годинама,5566.0
2014,SI_COV_SOCOTFA,Број,Мушкарци,Сви старосни распони или нема подјеле по годинама,5516.0
2015,SI_COV_SOCOTFA,Број,Мушкарци,Сви старосни распони или нема подјеле по годинама,5480.0
2016,SI_COV_SOCOTFA,Број,Мушкарци,Сви старосни распони или нема подјеле по годинама,5534.0
2017,SI_COV_SOCOTFA,Број,Мушкарци,Сви старосни распони или нема подјеле по годинама,5020.0
2018,SI_COV_SOCOTFA,Број,Мушкарци,Сви старосни распони или нема подјеле по годинама,5340.0
2019,SI_COV_SOCOTFA,Број,Мушкарци,Сви старосни распони или нема подјеле по годинама,4726.0
2020,SI_COV_SOCOTFA,Број,Мушкарци,Сви старосни распони или нема подјеле по годинама,4787.0
2021,SI_COV_SOCOTFA,Број,Мушкарци,Сви старосни распони или нема подјеле по годинама,4360.0
2012,SI_COV_SOCOTFA,Број,Жене,Сви старосни распони или нема подјеле по годинама,6020.0
2013,SI_COV_SOCOTFA,Број,Жене,Сви старосни распони или нема подјеле по годинама,6020.0
2014,SI_COV_SOCOTFA,Број,Жене,Сви старосни распони или нема подјеле по годинама,5897.0
2015,SI_COV_SOCOTFA,Број,Жене,Сви старосни распони или нема подјеле по годинама,5625.0
2016,SI_COV_SOCOTFA,Број,Жене,Сви старосни распони или нема подјеле по годинама,5767.0
2017,SI_COV_SOCOTFA,Број,Жене,Сви старосни распони или нема подјеле по годинама,5461.0
2018,SI_COV_SOCOTFA,Број,Жене,Сви старосни распони или нема подјеле по годинама,6078.0
2019,SI_COV_SOCOTFA,Број,Жене,Сви старосни распони или нема подјеле по годинама,5006.0
2020,SI_COV_SOCOTFA,Број,Жене,Сви старосни распони или нема подјеле по годинама,4948.0
2021,SI_COV_SOCOTFA,Број,Жене,Сви старосни распони или нема подјеле по годинама,4792.0
2012,SI_COV_SOCOTFA,Број,Оба пола или без подјеле по полу,_OWCH,1836.0
2013,SI_COV_SOCOTFA,Број,Оба пола или без подјеле по полу,_OWCH,1836.0
2014,SI_COV_SOCOTFA,Број,Оба пола или без подјеле по полу,_OWCH,1172.0
2015,SI_COV_SOCOTFA,Број,Оба пола или без подјеле по полу,_OWCH,657.0
2016,SI_COV_SOCOTFA,Број,Оба пола или без подјеле по полу,_OWCH,752.0
2017,SI_COV_SOCOTFA,Број,Оба пола или без подјеле по полу,_OWCH,783.0
2018,SI_COV_SOCOTFA,Број,Оба пола или без подјеле по полу,_OWCH,625.0
2019,SI_COV_SOCOTFA,Број,Оба пола или без подјеле по полу,_OWCH,643.0
2020,SI_COV_SOCOTFA,Број,Оба пола или без подјеле по полу,_OWCH,560.0
2021,SI_COV_SOCOTFA,Број,Оба пола или без подјеле по полу,_OWCH,575.0
2012,SI_COV_SOCOTFA,Број,Мушкарци,_OWCH,839.0
2013,SI_COV_SOCOTFA,Број,Мушкарци,_OWCH,839.0
2014,SI_COV_SOCOTFA,Број,Мушкарци,_OWCH,534.0
2015,SI_COV_SOCOTFA,Број,Мушкарци,_OWCH,319.0
2016,SI_COV_SOCOTFA,Број,Мушкарци,_OWCH,395.0
2017,SI_COV_SOCOTFA,Број,Мушкарци,_OWCH,357.0
2018,SI_COV_SOCOTFA,Број,Мушкарци,_OWCH,289.0
2019,SI_COV_SOCOTFA,Број,Мушкарци,_OWCH,373.0
2020,SI_COV_SOCOTFA,Број,Мушкарци,_OWCH,268.0
2021,SI_COV_SOCOTFA,Број,Мушкарци,_OWCH,293.0
2012,SI_COV_SOCOTFA,Број,Жене,_OWCH,997.0
2013,SI_COV_SOCOTFA,Број,Жене,_OWCH,997.0
2014,SI_COV_SOCOTFA,Број,Жене,_OWCH,638.0
2015,SI_COV_SOCOTFA,Број,Жене,_OWCH,338.0
2016,SI_COV_SOCOTFA,Број,Жене,_OWCH,357.0
2017,SI_COV_SOCOTFA,Број,Жене,_OWCH,426.0
2018,SI_COV_SOCOTFA,Број,Жене,_OWCH,336.0
2019,SI_COV_SOCOTFA,Број,Жене,_OWCH,270.0
2020,SI_COV_SOCOTFA,Број,Жене,_OWCH,292.0
2021,SI_COV_SOCOTFA,Број,Жене,_OWCH,282.0
2018,SI_COV_SOCPDPENS,Број,Оба пола или без подјеле по полу,Сви старосни распони или нема подјеле по годинама,4192.0
2019,SI_COV_SOCPDPENS,Број,Оба пола или без подјеле по полу,Сви старосни распони или нема подјеле по годинама,4944.0
2020,SI_COV_SOCPDPENS,Број,Оба пола или без подјеле по полу,Сви старосни распони или нема подјеле по годинама,6278.0
2021,SI_COV_SOCPDPENS,Број,Оба пола или без подјеле по полу,Сви старосни распони или нема подјеле по годинама,6727.0
2018,SI_COV_SOCPDPENS,Број,Мушкарци,Сви старосни распони или нема подјеле по годинама,2233.0
2019,SI_COV_SOCPDPENS,Број,Мушкарци,Сви старосни распони или нема подјеле по годинама,2843.0
2020,SI_COV_SOCPDPENS,Број,Мушкарци,Сви старосни распони или нема подјеле по годинама,3665.0
2021,SI_COV_SOCPDPENS,Број,Мушкарци,Сви старосни распони или нема подјеле по годинама,3953.0
2018,SI_COV_SOCPDPENS,Број,Жене,Сви старосни распони или нема подјеле по годинама,1959.0
2019,SI_COV_SOCPDPENS,Број,Жене,Сви старосни распони или нема подјеле по годинама,2101.0
2020,SI_COV_SOCPDPENS,Број,Жене,Сви старосни распони или нема подјеле по годинама,2613.0
2021,SI_COV_SOCPDPENS,Број,Жене,Сви старосни распони или нема подјеле по годинама,2774.0
2018,SI_COV_SOCPDPENS,Број,Оба пола или без подјеле по полу,_OWCH,1048.0
2019,SI_COV_SOCPDPENS,Број,Оба пола или без подјеле по полу,_OWCH,1214.0
2020,SI_COV_SOCPDPENS,Број,Оба пола или без подјеле по полу,_OWCH,1445.0
2021,SI_COV_SOCPDPENS,Број,Оба пола или без подјеле по полу,_OWCH,1626.0
2018,SI_COV_SOCPDPENS,Број,Мушкарци,_OWCH,670.0
2019,SI_COV_SOCPDPENS,Број,Мушкарци,_OWCH,777.0
2020,SI_COV_SOCPDPENS,Број,Мушкарци,_OWCH,912.0
2021,SI_COV_SOCPDPENS,Број,Мушкарци,_OWCH,1019.0
2018,SI_COV_SOCPDPENS,Број,Жене,_OWCH,378.0
2019,SI_COV_SOCPDPENS,Број,Жене,_OWCH,437.0
2020,SI_COV_SOCPDPENS,Број,Жене,_OWCH,533.0
2021,SI_COV_SOCPDPENS,Број,Жене,_OWCH,607.0
