Year,SERIES,UNIT_MEASURE,Сектор прехрамбеног отпада,Value
2019,Отпад од хране (тоне),Тоне,Домаћинства,273269.2359
2019,Отпад од хране (тоне),Тоне,Потрошња изван домаћинства,91266.29414
2019,Отпад од хране (тоне),Тоне,Малопродаја,51628.39459
2019,Отпад од хране по становнику (КГ),Килограми,Домаћинства,82.7838
2019,Отпад од хране по становнику (КГ),Килограми,Потрошња изван домаћинства,27.6481
2019,Отпад од хране по становнику (КГ),Килограми,Малопродаја,15.6402
