Year,SERIES,UNIT_MEASURE,Value
2016,"Земље са издвојеним средствима из државног буџета за управљање пријетњом инвазивних страних врста (1 = ДА, 0 = НЕ)",Логичка или бинарна мјера,0
2020,"Земље са издвојеним средствима из државног буџета за управљање пријетњом инвазивних страних врста (1 = ДА, 0 = НЕ)",Логичка или бинарна мјера,0
2010,"Закони, прописи, акти који се односе на спречавање увођења и управљања инвазивним страним врстама (1 = ДА, 0 = НЕ)",Логичка или бинарна мјера,0
2016,"Закони, прописи, акти који се односе на спречавање увођења и управљања инвазивним страним врстама (1 = ДА, 0 = НЕ)",Логичка или бинарна мјера,1
2020,"Закони, прописи, акти који се односе на спречавање увођења и управљања инвазивним страним врстама (1 = ДА, 0 = НЕ)",Логичка или бинарна мјера,1
2016,"Национална стратегија и акциони план за биодиверзитет (НБСАП) има за циљ усклађивање са Aichi биодиверзитетом, циљ 9 утврђен у Стратешком плану за биолошку разноликост 2011-2020 (1 = ДА, 0 = НЕ)",Логичка или бинарна мјера,1
2020,"Национална стратегија и акциони план за биодиверзитет (НБСАП) има за циљ усклађивање са Aichi биодиверзитетом, циљ 9 утврђен у Стратешком плану за биолошку разноликост 2011-2020 (1 = ДА, 0 = НЕ)",Логичка или бинарна мјера,1
2016,"Земље приматељице глобалног финансирања са приступом било каквим средствима из глобалних финансијских механизама за пројекте везане за управљање инвазивним страним врстама (1 = ДА, 0 = НЕ)",Логичка или бинарна мјера,0
2020,"Земље приматељице глобалног финансирања са приступом било каквим средствима из глобалних финансијских механизама за пројекте везане за управљање инвазивним страним врстама (1 = ДА, 0 = НЕ)",Логичка или бинарна мјера,0
