Year,SERIES,UNIT_MEASURE,Пол,Value
2000,Број жртава убистава с намјером на 100.000 становника,На 100 000 становника,Оба пола или без подјеле по полу,2.64
2001,Број жртава убистава с намјером на 100.000 становника,На 100 000 становника,Оба пола или без подјеле по полу,2.18
2002,Број жртава убистава с намјером на 100.000 становника,На 100 000 становника,Оба пола или без подјеле по полу,2.39
2004,Број жртава убистава с намјером на 100.000 становника,На 100 000 становника,Оба пола или без подјеле по полу,1.81
2007,Број жртава убистава с намјером на 100.000 становника,На 100 000 становника,Оба пола или без подјеле по полу,1.75
2008,Број жртава убистава с намјером на 100.000 становника,На 100 000 становника,Оба пола или без подјеле по полу,1.76
2009,Број жртава убистава с намјером на 100.000 становника,На 100 000 становника,Оба пола или без подјеле по полу,1.9
2010,Број жртава убистава с намјером на 100.000 становника,На 100 000 становника,Оба пола или без подјеле по полу,1.51
2011,Број жртава убистава с намјером на 100.000 становника,На 100 000 становника,Оба пола или без подјеле по полу,1.39
2012,Број жртава убистава с намјером на 100.000 становника,На 100 000 становника,Оба пола или без подјеле по полу,1.75
2013,Број жртава убистава с намјером на 100.000 становника,На 100 000 становника,Оба пола или без подјеле по полу,1.6
2014,Број жртава убистава с намјером на 100.000 становника,На 100 000 становника,Оба пола или без подјеле по полу,1.44
2015,Број жртава убистава с намјером на 100.000 становника,На 100 000 становника,Оба пола или без подјеле по полу,1.66
2016,Број жртава убистава с намјером на 100.000 становника,На 100 000 становника,Оба пола или без подјеле по полу,1.33
2017,Број жртава убистава с намјером на 100.000 становника,На 100 000 становника,Оба пола или без подјеле по полу,1.25
2018,Број жртава убистава с намјером на 100.000 становника,На 100 000 становника,Оба пола или без подјеле по полу,1.17
2019,Број жртава убистава с намјером на 100.000 становника,На 100 000 становника,Оба пола или без подјеле по полу,1.27
2020,Број жртава убистава с намјером на 100.000 становника,На 100 000 становника,Оба пола или без подјеле по полу,1.31
2000,Број жртава убистава с намјером на 100.000 становника,На 100 000 становника,Жене,1.05
2001,Број жртава убистава с намјером на 100.000 становника,На 100 000 становника,Жене,1.52
2002,Број жртава убистава с намјером на 100.000 становника,На 100 000 становника,Жене,1.31
2009,Број жртава убистава с намјером на 100.000 становника,На 100 000 становника,Жене,0.79
2010,Број жртава убистава с намјером на 100.000 становника,На 100 000 становника,Жене,0.53
2011,Број жртава убистава с намјером на 100.000 становника,На 100 000 становника,Жене,0.86
2012,Број жртава убистава с намјером на 100.000 становника,На 100 000 становника,Жене,1.31
2013,Број жртава убистава с намјером на 100.000 становника,На 100 000 становника,Жене,0.78
2014,Број жртава убистава с намјером на 100.000 становника,На 100 000 становника,Жене,0.62
2015,Број жртава убистава с намјером на 100.000 становника,На 100 000 становника,Жене,1.03
2016,Број жртава убистава с намјером на 100.000 становника,На 100 000 становника,Жене,0.87
2017,Број жртава убистава с намјером на 100.000 становника,На 100 000 становника,Жене,0.59
2018,Број жртава убистава с намјером на 100.000 становника,На 100 000 становника,Жене,0.47
2019,Број жртава убистава с намјером на 100.000 становника,На 100 000 становника,Жене,0.59
2020,Број жртава убистава с намјером на 100.000 становника,На 100 000 становника,Жене,0.3
2000,Број жртава убистава с намјером на 100.000 становника,На 100 000 становника,Мушкарци,4.29
2001,Број жртава убистава с намјером на 100.000 становника,На 100 000 становника,Мушкарци,2.87
2002,Број жртава убистава с намјером на 100.000 становника,На 100 000 становника,Мушкарци,3.52
2009,Број жртава убистава с намјером на 100.000 становника,На 100 000 становника,Мушкарци,3.05
2010,Број жртава убистава с намјером на 100.000 становника,На 100 000 становника,Мушкарци,2.53
2011,Број жртава убистава с намјером на 100.000 становника,На 100 000 становника,Мушкарци,1.95
2012,Број жртава убистава с намјером на 100.000 становника,На 100 000 становника,Мушкарци,2.2
2013,Број жртава убистава с намјером на 100.000 становника,На 100 000 становника,Мушкарци,1.84
2014,Број жртава убистава с намјером на 100.000 становника,На 100 000 становника,Мушкарци,2.28
2015,Број жртава убистава с намјером на 100.000 становника,На 100 000 становника,Мушкарци,2.32
2016,Број жртава убистава с намјером на 100.000 становника,На 100 000 становника,Мушкарци,1.81
2017,Број жртава убистава с намјером на 100.000 становника,На 100 000 становника,Мушкарци,1.95
2018,Број жртава убистава с намјером на 100.000 становника,На 100 000 становника,Мушкарци,1.9
2019,Број жртава убистава с намјером на 100.000 становника,На 100 000 становника,Мушкарци,1.98
2020,Број жртава убистава с намјером на 100.000 становника,На 100 000 становника,Мушкарци,2.37
2000,Број жртава убистава с намјером,Број,Оба пола или без подјеле по полу,99.0
2001,Број жртава убистава с намјером,Број,Оба пола или без подјеле по полу,82.0
2002,Број жртава убистава с намјером,Број,Оба пола или без подјеле по полу,90.0
2004,Број жртава убистава с намјером,Број,Оба пола или без подјеле по полу,68.0
2007,Број жртава убистава с намјером,Број,Оба пола или без подјеле по полу,66.0
2008,Број жртава убистава с намјером,Број,Оба пола или без подјеле по полу,66.0
2009,Број жртава убистава с намјером,Број,Оба пола или без подјеле по полу,71.0
2010,Број жртава убистава с намјером,Број,Оба пола или без подјеле по полу,56.0
2011,Број жртава убистава с намјером,Број,Оба пола или без подјеле по полу,51.0
2012,Број жртава убистава с намјером,Број,Оба пола или без подјеле по полу,63.0
2013,Број жртава убистава с намјером,Број,Оба пола или без подјеле по полу,46.0
2014,Број жртава убистава с намјером,Број,Оба пола или без подјеле по полу,50.0
2015,Број жртава убистава с намјером,Број,Оба пола или без подјеле по полу,57.0
2016,Број жртава убистава с намјером,Број,Оба пола или без подјеле по полу,45.0
2017,Број жртава убистава с намјером,Број,Оба пола или без подјеле по полу,42.0
2018,Број жртава убистава с намјером,Број,Оба пола или без подјеле по полу,39.0
2019,Број жртава убистава с намјером,Број,Оба пола или без подјеле по полу,42.0
2020,Број жртава убистава с намјером,Број,Оба пола или без подјеле по полу,43.0
2021,Број жртава убистава с намјером,Број,Оба пола или без подјеле по полу,32.0
2000,Број жртава убистава с намјером,Број,Жене,20.0
2001,Број жртава убистава с намјером,Број,Жене,29.0
2002,Број жртава убистава с намјером,Број,Жене,25.0
2009,Број жртава убистава с намјером,Број,Жене,15.0
2010,Број жртава убистава с намјером,Број,Жене,10.0
2011,Број жртава убистава с намјером,Број,Жене,16.0
2012,Број жртава убистава с намјером,Број,Жене,24.0
2013,Број жртава убистава с намјером,Број,Жене,14.0
2014,Број жртава убистава с намјером,Број,Жене,11.0
2015,Број жртава убистава с намјером,Број,Жене,18.0
2016,Број жртава убистава с намјером,Број,Жене,15.0
2017,Број жртава убистава с намјером,Број,Жене,10.0
2018,Број жртава убистава с намјером,Број,Жене,8.0
2019,Број жртава убистава с намјером,Број,Жене,10.0
2020,Број жртава убистава с намјером,Број,Жене,5.0
2021,Број жртава убистава с намјером,Број,Жене,7.0
2000,Број жртава убистава с намјером,Број,Мушкарци,79.0
2001,Број жртава убистава с намјером,Број,Мушкарци,53.0
2002,Број жртава убистава с намјером,Број,Мушкарци,65.0
2009,Број жртава убистава с намјером,Број,Мушкарци,56.0
2010,Број жртава убистава с намјером,Број,Мушкарци,46.0
2011,Број жртава убистава с намјером,Број,Мушкарци,35.0
2012,Број жртава убистава с намјером,Број,Мушкарци,39.0
2013,Број жртава убистава с намјером,Број,Мушкарци,32.0
2014,Број жртава убистава с намјером,Број,Мушкарци,39.0
2015,Број жртава убистава с намјером,Број,Мушкарци,39.0
2016,Број жртава убистава с намјером,Број,Мушкарци,30.0
2017,Број жртава убистава с намјером,Број,Мушкарци,32.0
2018,Број жртава убистава с намјером,Број,Мушкарци,31.0
2019,Број жртава убистава с намјером,Број,Мушкарци,32.0
2020,Број жртава убистава с намјером,Број,Мушкарци,38.0
2021,Број жртава убистава с намјером,Број,Мушкарци,25.0
