Year,SERIES,UNIT_MEASURE,Пол,Старост,Занимање,Value
2020,Пропорције позиција у јавној служби у поређењу са националном расподеjлом (однос),Однос,Жене,,Административни стручњаци,0.99
2020,Пропорције позиција у јавној служби у поређењу са националном расподеjлом (однос),Однос,Жене,,Стручњаци за пословне и административне послове,0.91
2020,Пропорције позиција у јавној служби у поређењу са националном расподеjлом (однос),Однос,Жене,,Општи службеници и секретарице,1.19
2020,Пропорције позиција у јавној служби у поређењу са националном расподеjлом (однос),Однос,Жене,,Остали менаџери: генерални директори и извршни директори и менаџери за пословне услуге и администрацију,0.8
2020,Пропорције позиција у јавној служби у поређењу са националном расподеjлом (однос),Однос,Жене,,Виши руководиоци: виши државни службеници,0.29
