Year,SERIES,UNIT_MEASURE,Unnamed: 4,Unnamed: 5,Unnamed: 6,Unnamed: 7,Unnamed: 8,Value
2014,Проценат лица старости 16–74 године која су користила интернет у посљедња три мјесеца,Проценат,,,,,,38.0
2015,Проценат лица старости 16–74 године која су користила интернет у посљедња три мјесеца,Проценат,,,,,,43.4
2016,Проценат лица старости 16–74 године која су користила интернет у посљедња три мјесеца,Проценат,,,,,,42.8
2017,Проценат лица старости 16–74 године која су користила интернет у посљедња три мјесеца,Проценат,,,,,,64.9
2018,Проценат лица старости 16–74 године која су користила интернет у посљедња три мјесеца,Проценат,,,,,,71.2
2019,Проценат лица старости 16–74 године која су користила интернет у посљедња три мјесеца,Проценат,,,,,,72.1
2020,Проценат лица старости 16–74 године која су користила интернет у посљедња три мјесеца,Проценат,,,,,,72.8
2021,Проценат лица старости 16–74 године која су користила интернет у посљедња три мјесеца,Проценат,,,,,,80.3
