Year,SERIES,UNIT_MEASURE,Године,Value
2006,Удио дјеце са умјереном или озбиљном прекомјерном тјелесном тежином,Проценат,Испод 5 година,23.3
2012,Удио дјеце са умјереном или озбиљном прекомјерном тјелесном тежином,Проценат,Испод 5 година,16.4
2006,Удио дјеце која су умјерено или озбиљно исцрпљена,Проценат,Испод 5 година,2.6
2012,Удио дјеце која су умјерено или озбиљно исцрпљена,Проценат,Испод 5 година,1.7
