Year,SERIES,UNIT_MEASURE,Value
2009,SH_STA_BRTC,Проценат,99.5
2010,SH_STA_BRTC,Проценат,99.4
2011,SH_STA_BRTC,Проценат,99.8
2012,SH_STA_BRTC,Проценат,99.8
2013,SH_STA_BRTC,Проценат,99.5
2014,SH_STA_BRTC,Проценат,99.8
2015,SH_STA_BRTC,Проценат,99.8
2016,SH_STA_BRTC,Проценат,99.9
2017,SH_STA_BRTC,Проценат,99.9
2018,SH_STA_BRTC,Проценат,99.9
2019,SH_STA_BRTC,Проценат,99.9
2020,SH_STA_BRTC,Проценат,100.0
2021,SH_STA_BRTC,Проценат,100.0
