Year,SERIES,UNIT_MEASURE,Старост,Пол,Value
2000,Умрла дојенчад (број),Број,Млађи од једне године,Оба пола или без подјеле по полу,367.0
2001,Умрла дојенчад (број),Број,Млађи од једне године,Оба пола или без подјеле по полу,336.0
2002,Умрла дојенчад (број),Број,Млађи од једне године,Оба пола или без подјеле по полу,312.0
2003,Умрла дојенчад (број),Број,Млађи од једне године,Оба пола или без подјеле по полу,295.0
2004,Умрла дојенчад (број),Број,Млађи од једне године,Оба пола или без подјеле по полу,282.0
2005,Умрла дојенчад (број),Број,Млађи од једне године,Оба пола или без подјеле по полу,271.0
2006,Умрла дојенчад (број),Број,Млађи од једне године,Оба пола или без подјеле по полу,261.0
2007,Умрла дојенчад (број),Број,Млађи од једне године,Оба пола или без подјеле по полу,250.0
2008,Умрла дојенчад (број),Број,Млађи од једне године,Оба пола или без подјеле по полу,238.0
2009,Умрла дојенчад (број),Број,Млађи од једне године,Оба пола или без подјеле по полу,226.0
2010,Умрла дојенчад (број),Број,Млађи од једне године,Оба пола или без подјеле по полу,214.0
2011,Умрла дојенчад (број),Број,Млађи од једне године,Оба пола или без подјеле по полу,202.0
2012,Умрла дојенчад (број),Број,Млађи од једне године,Оба пола или без подјеле по полу,191.0
2013,Умрла дојенчад (број),Број,Млађи од једне године,Оба пола или без подјеле по полу,181.0
2014,Умрла дојенчад (број),Број,Млађи од једне године,Оба пола или без подјеле по полу,173.0
2015,Умрла дојенчад (број),Број,Млађи од једне године,Оба пола или без подјеле по полу,165.0
2016,Умрла дојенчад (број),Број,Млађи од једне године,Оба пола или без подјеле по полу,157.0
2017,Умрла дојенчад (број),Број,Млађи од једне године,Оба пола или без подјеле по полу,150.0
2018,Умрла дојенчад (број),Број,Млађи од једне године,Оба пола или без подјеле по полу,142.0
2019,Умрла дојенчад (број),Број,Млађи од једне године,Оба пола или без подјеле по полу,135.0
2020,Умрла дојенчад (број),Број,Млађи од једне године,Оба пола или без подјеле по полу,128.0
2000,Умрла дојенчад (број),Број,Млађи од једне године,Жене,157.0
2001,Умрла дојенчад (број),Број,Млађи од једне године,Жене,144.0
2002,Умрла дојенчад (број),Број,Млађи од једне године,Жене,134.0
2003,Умрла дојенчад (број),Број,Млађи од једне године,Жене,127.0
2004,Умрла дојенчад (број),Број,Млађи од једне године,Жене,121.0
2005,Умрла дојенчад (број),Број,Млађи од једне године,Жене,116.0
2006,Умрла дојенчад (број),Број,Млађи од једне године,Жене,112.0
2007,Умрла дојенчад (број),Број,Млађи од једне године,Жене,108.0
2008,Умрла дојенчад (број),Број,Млађи од једне године,Жене,103.0
2009,Умрла дојенчад (број),Број,Млађи од једне године,Жене,98.0
2010,Умрла дојенчад (број),Број,Млађи од једне године,Жене,93.0
2011,Умрла дојенчад (број),Број,Млађи од једне године,Жене,88.0
2012,Умрла дојенчад (број),Број,Млађи од једне године,Жене,83.0
2013,Умрла дојенчад (број),Број,Млађи од једне године,Жене,79.0
2014,Умрла дојенчад (број),Број,Млађи од једне године,Жене,75.0
2015,Умрла дојенчад (број),Број,Млађи од једне године,Жене,72.0
2016,Умрла дојенчад (број),Број,Млађи од једне године,Жене,69.0
2017,Умрла дојенчад (број),Број,Млађи од једне године,Жене,66.0
2018,Умрла дојенчад (број),Број,Млађи од једне године,Жене,62.0
2019,Умрла дојенчад (број),Број,Млађи од једне године,Жене,59.0
2020,Умрла дојенчад (број),Број,Млађи од једне године,Жене,56.0
2000,Умрла дојенчад (број),Број,Млађи од једне године,Мушкарци,210.0
2001,Умрла дојенчад (број),Број,Млађи од једне године,Мушкарци,192.0
2002,Умрла дојенчад (број),Број,Млађи од једне године,Мушкарци,178.0
2003,Умрла дојенчад (број),Број,Млађи од једне године,Мушкарци,168.0
2004,Умрла дојенчад (број),Број,Млађи од једне године,Мушкарци,161.0
2005,Умрла дојенчад (број),Број,Млађи од једне године,Мушкарци,155.0
2006,Умрла дојенчад (број),Број,Млађи од једне године,Мушкарци,149.0
2007,Умрла дојенчад (број),Број,Млађи од једне године,Мушкарци,142.0
2008,Умрла дојенчад (број),Број,Млађи од једне године,Мушкарци,135.0
2009,Умрла дојенчад (број),Број,Млађи од једне године,Мушкарци,128.0
2010,Умрла дојенчад (број),Број,Млађи од једне године,Мушкарци,121.0
2011,Умрла дојенчад (број),Број,Млађи од једне године,Мушкарци,114.0
2012,Умрла дојенчад (број),Број,Млађи од једне године,Мушкарци,108.0
2013,Умрла дојенчад (број),Број,Млађи од једне године,Мушкарци,102.0
2014,Умрла дојенчад (број),Број,Млађи од једне године,Мушкарци,98.0
2015,Умрла дојенчад (број),Број,Млађи од једне године,Мушкарци,93.0
2016,Умрла дојенчад (број),Број,Млађи од једне године,Мушкарци,88.0
2017,Умрла дојенчад (број),Број,Млађи од једне године,Мушкарци,84.0
2018,Умрла дојенчад (број),Број,Млађи од једне године,Мушкарци,80.0
2019,Умрла дојенчад (број),Број,Млађи од једне године,Мушкарци,76.0
2020,Умрла дојенчад (број),Број,Млађи од једне године,Мушкарци,72.0
2000,Стопа смртности дојенчади,На 1 000 живорођених,Млађи од једне године,Оба пола или без подјеле по полу,8.7
2001,Стопа смртности дојенчади,На 1 000 живорођених,Млађи од једне године,Оба пола или без подјеле по полу,8.4
2002,Стопа смртности дојенчади,На 1 000 живорођених,Млађи од једне године,Оба пола или без подјеле по полу,8.2
2003,Стопа смртности дојенчади,На 1 000 живорођених,Млађи од једне године,Оба пола или без подјеле по полу,8.1
2004,Стопа смртности дојенчади,На 1 000 живорођених,Млађи од једне године,Оба пола или без подјеле по полу,7.9
2005,Стопа смртности дојенчади,На 1 000 живорођених,Млађи од једне године,Оба пола или без подјеле по полу,7.8
2006,Стопа смртности дојенчади,На 1 000 живорођених,Млађи од једне године,Оба пола или без подјеле по полу,7.5
2007,Стопа смртности дојенчади,На 1 000 живорођених,Млађи од једне године,Оба пола или без подјеле по полу,7.2
2008,Стопа смртности дојенчади,На 1 000 живорођених,Млађи од једне године,Оба пола или без подјеле по полу,6.9
2009,Стопа смртности дојенчади,На 1 000 живорођених,Млађи од једне године,Оба пола или без подјеле по полу,6.6
2010,Стопа смртности дојенчади,На 1 000 живорођених,Млађи од једне године,Оба пола или без подјеле по полу,6.3
2011,Стопа смртности дојенчади,На 1 000 живорођених,Млађи од једне године,Оба пола или без подјеле по полу,6.0
2012,Стопа смртности дојенчади,На 1 000 живорођених,Млађи од једне године,Оба пола или без подјеле по полу,5.8
2013,Стопа смртности дојенчади,На 1 000 живорођених,Млађи од једне године,Оба пола или без подјеле по полу,5.6
2014,Стопа смртности дојенчади,На 1 000 живорођених,Млађи од једне године,Оба пола или без подјеле по полу,5.5
2015,Стопа смртности дојенчади,На 1 000 живорођених,Млађи од једне године,Оба пола или без подјеле по полу,5.4
2016,Стопа смртности дојенчади,На 1 000 живорођених,Млађи од једне године,Оба пола или без подјеле по полу,5.3
2017,Стопа смртности дојенчади,На 1 000 живорођених,Млађи од једне године,Оба пола или без подјеле по полу,5.3
2018,Стопа смртности дојенчади,На 1 000 живорођених,Млађи од једне године,Оба пола или без подјеле по полу,5.2
2019,Стопа смртности дојенчади,На 1 000 живорођених,Млађи од једне године,Оба пола или без подјеле по полу,5.1
2020,Стопа смртности дојенчади,На 1 000 живорођених,Млађи од једне године,Оба пола или без подјеле по полу,4.9
2000,Стопа смртности дојенчади,На 1 000 живорођених,Млађи од једне године,Жене,7.7
2001,Стопа смртности дојенчади,На 1 000 живорођених,Млађи од једне године,Жене,7.5
2002,Стопа смртности дојенчади,На 1 000 живорођених,Млађи од једне године,Жене,7.3
2003,Стопа смртности дојенчади,На 1 000 живорођених,Млађи од једне године,Жене,7.1
2004,Стопа смртности дојенчади,На 1 000 живорођених,Млађи од једне године,Жене,7.0
2005,Стопа смртности дојенчади,На 1 000 живорођених,Млађи од једне године,Жене,6.9
2006,Стопа смртности дојенчади,На 1 000 живорођених,Млађи од једне године,Жене,6.7
2007,Стопа смртности дојенчади,На 1 000 живорођених,Млађи од једне године,Жене,6.4
2008,Стопа смртности дојенчади,На 1 000 живорођених,Млађи од једне године,Жене,6.2
2009,Стопа смртности дојенчади,На 1 000 живорођених,Млађи од једне године,Жене,5.9
2010,Стопа смртности дојенчади,На 1 000 живорођених,Млађи од једне године,Жене,5.6
2011,Стопа смртности дојенчади,На 1 000 живорођених,Млађи од једне године,Жене,5.4
2012,Стопа смртности дојенчади,На 1 000 живорођених,Млађи од једне године,Жене,5.2
2013,Стопа смртности дојенчади,На 1 000 живорођених,Млађи од једне године,Жене,5.1
2014,Стопа смртности дојенчади,На 1 000 живорођених,Млађи од једне године,Жене,5.0
2015,Стопа смртности дојенчади,На 1 000 живорођених,Млађи од једне године,Жене,4.9
2016,Стопа смртности дојенчади,На 1 000 живорођених,Млађи од једне године,Жене,4.8
2017,Стопа смртности дојенчади,На 1 000 живорођених,Млађи од једне године,Жене,4.7
2018,Стопа смртности дојенчади,На 1 000 живорођених,Млађи од једне године,Жене,4.7
2019,Стопа смртности дојенчади,На 1 000 живорођених,Млађи од једне године,Жене,4.6
2020,Стопа смртности дојенчади,На 1 000 живорођених,Млађи од једне године,Жене,4.5
2000,Стопа смртности дојенчади,На 1 000 живорођених,Млађи од једне године,Мушкарци,9.6
2001,Стопа смртности дојенчади,На 1 000 живорођених,Млађи од једне године,Мушкарци,9.3
2002,Стопа смртности дојенчади,На 1 000 живорођених,Млађи од једне године,Мушкарци,9.1
2003,Стопа смртности дојенчади,На 1 000 живорођених,Млађи од једне године,Мушкарци,8.9
2004,Стопа смртности дојенчади,На 1 000 живорођених,Млађи од једне године,Мушкарци,8.8
2005,Стопа смртности дојенчади,На 1 000 живорођених,Млађи од једне године,Мушкарци,8.6
2006,Стопа смртности дојенчади,На 1 000 живорођених,Млађи од једне године,Мушкарци,8.3
2007,Стопа смртности дојенчади,На 1 000 живорођених,Млађи од једне године,Мушкарци,8.0
2008,Стопа смртности дојенчади,На 1 000 живорођених,Млађи од једне године,Мушкарци,7.6
2009,Стопа смртности дојенчади,На 1 000 живорођених,Млађи од једне године,Мушкарци,7.2
2010,Стопа смртности дојенчади,На 1 000 живорођених,Млађи од једне године,Мушкарци,6.9
2011,Стопа смртности дојенчади,На 1 000 живорођених,Млађи од једне године,Мушкарци,6.6
2012,Стопа смртности дојенчади,На 1 000 живорођених,Млађи од једне године,Мушкарци,6.4
2013,Стопа смртности дојенчади,На 1 000 живорођених,Млађи од једне године,Мушкарци,6.2
2014,Стопа смртности дојенчади,На 1 000 живорођених,Млађи од једне године,Мушкарци,6.0
2015,Стопа смртности дојенчади,На 1 000 живорођених,Млађи од једне године,Мушкарци,5.9
2016,Стопа смртности дојенчади,На 1 000 живорођених,Млађи од једне године,Мушкарци,5.8
2017,Стопа смртности дојенчади,На 1 000 живорођених,Млађи од једне године,Мушкарци,5.7
2018,Стопа смртности дојенчади,На 1 000 живорођених,Млађи од једне године,Мушкарци,5.6
2019,Стопа смртности дојенчади,На 1 000 живорођених,Млађи од једне године,Мушкарци,5.5
2000,Смртност испод пет огдина (број),Број,Испод 5 година,Оба пола или без подјеле по полу,424.0
2001,Смртност испод пет огдина (број),Број,Испод 5 година,Оба пола или без подјеле по полу,389.0
2002,Смртност испод пет огдина (број),Број,Испод 5 година,Оба пола или без подјеле по полу,362.0
2003,Смртност испод пет огдина (број),Број,Испод 5 година,Оба пола или без подјеле по полу,342.0
2004,Смртност испод пет огдина (број),Број,Испод 5 година,Оба пола или без подјеле по полу,326.0
2005,Смртност испод пет огдина (број),Број,Испод 5 година,Оба пола или без подјеле по полу,313.0
2006,Смртност испод пет огдина (број),Број,Испод 5 година,Оба пола или без подјеле по полу,300.0
2007,Смртност испод пет огдина (број),Број,Испод 5 година,Оба пола или без подјеле по полу,287.0
2008,Смртност испод пет огдина (број),Број,Испод 5 година,Оба пола или без подјеле по полу,274.0
2009,Смртност испод пет огдина (број),Број,Испод 5 година,Оба пола или без подјеле по полу,259.0
2010,Смртност испод пет огдина (број),Број,Испод 5 година,Оба пола или без подјеле по полу,246.0
2011,Смртност испод пет огдина (број),Број,Испод 5 година,Оба пола или без подјеле по полу,233.0
2012,Смртност испод пет огдина (број),Број,Испод 5 година,Оба пола или без подјеле по полу,221.0
2013,Смртност испод пет огдина (број),Број,Испод 5 година,Оба пола или без подјеле по полу,210.0
2014,Смртност испод пет огдина (број),Број,Испод 5 година,Оба пола или без подјеле по полу,201.0
2015,Смртност испод пет огдина (број),Број,Испод 5 година,Оба пола или без подјеле по полу,192.0
2016,Смртност испод пет огдина (број),Број,Испод 5 година,Оба пола или без подјеле по полу,184.0
2017,Смртност испод пет огдина (број),Број,Испод 5 година,Оба пола или без подјеле по полу,175.0
2018,Смртност испод пет огдина (број),Број,Испод 5 година,Оба пола или без подјеле по полу,167.0
2019,Смртност испод пет огдина (број),Број,Испод 5 година,Оба пола или без подјеле по полу,158.0
2020,Смртност испод пет огдина (број),Број,Испод 5 година,Оба пола или без подјеле по полу,150.0
2000,Смртност испод пет огдина (број),Број,Испод 5 година,Жене,181.0
2001,Смртност испод пет огдина (број),Број,Испод 5 година,Жене,167.0
2002,Смртност испод пет огдина (број),Број,Испод 5 година,Жене,155.0
2003,Смртност испод пет огдина (број),Број,Испод 5 година,Жене,146.0
2004,Смртност испод пет огдина (број),Број,Испод 5 година,Жене,139.0
2005,Смртност испод пет огдина (број),Број,Испод 5 година,Жене,134.0
2006,Смртност испод пет огдина (број),Број,Испод 5 година,Жене,128.0
2007,Смртност испод пет огдина (број),Број,Испод 5 година,Жене,123.0
2008,Смртност испод пет огдина (број),Број,Испод 5 година,Жене,118.0
2009,Смртност испод пет огдина (број),Број,Испод 5 година,Жене,112.0
2010,Смртност испод пет огдина (број),Број,Испод 5 година,Жене,107.0
2011,Смртност испод пет огдина (број),Број,Испод 5 година,Жене,101.0
2012,Смртност испод пет огдина (број),Број,Испод 5 година,Жене,96.0
2013,Смртност испод пет огдина (број),Број,Испод 5 година,Жене,91.0
2014,Смртност испод пет огдина (број),Број,Испод 5 година,Жене,87.0
2015,Смртност испод пет огдина (број),Број,Испод 5 година,Жене,84.0
2016,Смртност испод пет огдина (број),Број,Испод 5 година,Жене,80.0
2017,Смртност испод пет огдина (број),Број,Испод 5 година,Жене,76.0
2018,Смртност испод пет огдина (број),Број,Испод 5 година,Жене,73.0
2019,Смртност испод пет огдина (број),Број,Испод 5 година,Жене,69.0
2020,Смртност испод пет огдина (број),Број,Испод 5 година,Жене,65.0
2000,Смртност испод пет огдина (број),Број,Испод 5 година,Мушкарци,243.0
2001,Смртност испод пет огдина (број),Број,Испод 5 година,Мушкарци,222.0
2002,Смртност испод пет огдина (број),Број,Испод 5 година,Мушкарци,207.0
2003,Смртност испод пет огдина (број),Број,Испод 5 година,Мушкарци,196.0
2004,Смртност испод пет огдина (број),Број,Испод 5 година,Мушкарци,187.0
2005,Смртност испод пет огдина (број),Број,Испод 5 година,Мушкарци,179.0
2006,Смртност испод пет огдина (број),Број,Испод 5 година,Мушкарци,172.0
2007,Смртност испод пет огдина (број),Број,Испод 5 година,Мушкарци,164.0
2008,Смртност испод пет огдина (број),Број,Испод 5 година,Мушкарци,156.0
2009,Смртност испод пет огдина (број),Број,Испод 5 година,Мушкарци,147.0
2010,Смртност испод пет огдина (број),Број,Испод 5 година,Мушкарци,139.0
2011,Смртност испод пет огдина (број),Број,Испод 5 година,Мушкарци,132.0
2012,Смртност испод пет огдина (број),Број,Испод 5 година,Мушкарци,125.0
2013,Смртност испод пет огдина (број),Број,Испод 5 година,Мушкарци,119.0
2014,Смртност испод пет огдина (број),Број,Испод 5 година,Мушкарци,114.0
2015,Смртност испод пет огдина (број),Број,Испод 5 година,Мушкарци,108.0
2016,Смртност испод пет огдина (број),Број,Испод 5 година,Мушкарци,104.0
2017,Смртност испод пет огдина (број),Број,Испод 5 година,Мушкарци,99.0
2018,Смртност испод пет огдина (број),Број,Испод 5 година,Мушкарци,94.0
2019,Смртност испод пет огдина (број),Број,Испод 5 година,Мушкарци,89.0
2020,Смртност испод пет огдина (број),Број,Испод 5 година,Мушкарци,85.0
2000,Стопа смртности испод пет година,На 1 000 живорођених,Испод 5 година,Оба пола или без подјеле по полу,9.9
2001,Стопа смртности испод пет година,На 1 000 живорођених,Испод 5 година,Оба пола или без подјеле по полу,9.6
2002,Стопа смртности испод пет година,На 1 000 живорођених,Испод 5 година,Оба пола или без подјеле по полу,9.3
2003,Стопа смртности испод пет година,На 1 000 живорођених,Испод 5 година,Оба пола или без подјеле по полу,9.2
2004,Стопа смртности испод пет година,На 1 000 живорођених,Испод 5 година,Оба пола или без подјеле по полу,9.0
2005,Стопа смртности испод пет година,На 1 000 живорођених,Испод 5 година,Оба пола или без подјеле по полу,8.9
2006,Стопа смртности испод пет година,На 1 000 живорођених,Испод 5 година,Оба пола или без подјеле по полу,8.6
2007,Стопа смртности испод пет година,На 1 000 живорођених,Испод 5 година,Оба пола или без подјеле по полу,8.3
2008,Стопа смртности испод пет година,На 1 000 живорођених,Испод 5 година,Оба пола или без подјеле по полу,7.9
2009,Стопа смртности испод пет година,На 1 000 живорођених,Испод 5 година,Оба пола или без подјеле по полу,7.5
2010,Стопа смртности испод пет година,На 1 000 живорођених,Испод 5 година,Оба пола или без подјеле по полу,7.2
2011,Стопа смртности испод пет година,На 1 000 живорођених,Испод 5 година,Оба пола или без подјеле по полу,6.9
2012,Стопа смртности испод пет година,На 1 000 живорођених,Испод 5 година,Оба пола или без подјеле по полу,6.7
2013,Стопа смртности испод пет година,На 1 000 живорођених,Испод 5 година,Оба пола или без подјеле по полу,6.5
2014,Стопа смртности испод пет година,На 1 000 живорођених,Испод 5 година,Оба пола или без подјеле по полу,6.4
2015,Стопа смртности испод пет година,На 1 000 живорођених,Испод 5 година,Оба пола или без подјеле по полу,6.3
2016,Стопа смртности испод пет година,На 1 000 живорођених,Испод 5 година,Оба пола или без подјеле по полу,6.2
2017,Стопа смртности испод пет година,На 1 000 живорођених,Испод 5 година,Оба пола или без подјеле по полу,6.1
2018,Стопа смртности испод пет година,На 1 000 живорођених,Испод 5 година,Оба пола или без подјеле по полу,6.0
2019,Стопа смртности испод пет година,На 1 000 живорођених,Испод 5 година,Оба пола или без подјеле по полу,5.9
2020,Стопа смртности испод пет година,На 1 000 живорођених,Испод 5 година,Оба пола или без подјеле по полу,5.7
2000,Стопа смртности испод пет година,На 1 000 живорођених,Испод 5 година,Жене,8.7
2001,Стопа смртности испод пет година,На 1 000 живорођених,Испод 5 година,Жене,8.5
2002,Стопа смртности испод пет година,На 1 000 живорођених,Испод 5 година,Жене,8.3
2003,Стопа смртности испод пет година,На 1 000 живорођених,Испод 5 година,Жене,8.1
2004,Стопа смртности испод пет година,На 1 000 живорођених,Испод 5 година,Жене,8.0
2005,Стопа смртности испод пет година,На 1 000 живорођених,Испод 5 година,Жене,7.8
2006,Стопа смртности испод пет година,На 1 000 живорођених,Испод 5 година,Жене,7.6
2007,Стопа смртности испод пет година,На 1 000 живорођених,Испод 5 година,Жене,7.4
2008,Стопа смртности испод пет година,На 1 000 живорођених,Испод 5 година,Жене,7.0
2009,Стопа смртности испод пет година,На 1 000 живорођених,Испод 5 година,Жене,6.7
2010,Стопа смртности испод пет година,На 1 000 живорођених,Испод 5 година,Жене,6.4
2011,Стопа смртности испод пет година,На 1 000 живорођених,Испод 5 година,Жене,6.2
2012,Стопа смртности испод пет година,На 1 000 живорођених,Испод 5 година,Жене,6.0
2013,Стопа смртности испод пет година,На 1 000 живорођених,Испод 5 година,Жене,5.8
2014,Стопа смртности испод пет година,На 1 000 живорођених,Испод 5 година,Жене,5.7
2015,Стопа смртности испод пет година,На 1 000 живорођених,Испод 5 година,Жене,5.6
2016,Стопа смртности испод пет година,На 1 000 живорођених,Испод 5 година,Жене,5.5
2017,Стопа смртности испод пет година,На 1 000 живорођених,Испод 5 година,Жене,5.5
2018,Стопа смртности испод пет година,На 1 000 живорођених,Испод 5 година,Жене,5.4
2019,Стопа смртности испод пет година,На 1 000 живорођених,Испод 5 година,Жене,5.3
2020,Стопа смртности испод пет година,На 1 000 живорођених,Испод 5 година,Жене,5.1
2000,Стопа смртности испод пет година,На 1 000 живорођених,Испод 5 година,Мушкарци,11.0
2001,Стопа смртности испод пет година,На 1 000 живорођених,Испод 5 година,Мушкарци,10.6
2002,Стопа смртности испод пет година,На 1 000 живорођених,Испод 5 година,Мушкарци,10.4
2003,Стопа смртности испод пет година,На 1 000 живорођених,Испод 5 година,Мушкарци,10.2
2004,Стопа смртности испод пет година,На 1 000 живорођених,Испод 5 година,Мушкарци,10.1
2005,Стопа смртности испод пет година,На 1 000 живорођених,Испод 5 година,Мушкарци,9.9
2006,Стопа смртности испод пет година,На 1 000 живорођених,Испод 5 година,Мушкарци,9.6
2007,Стопа смртности испод пет година,На 1 000 живорођених,Испод 5 година,Мушкарци,9.2
2008,Стопа смртности испод пет година,На 1 000 живорођених,Испод 5 година,Мушкарци,8.8
2009,Стопа смртности испод пет година,На 1 000 живорођених,Испод 5 година,Мушкарци,8.3
2010,Стопа смртности испод пет година,На 1 000 живорођених,Испод 5 година,Мушкарци,7.9
2011,Стопа смртности испод пет година,На 1 000 живорођених,Испод 5 година,Мушкарци,7.6
2012,Стопа смртности испод пет година,На 1 000 живорођених,Испод 5 година,Мушкарци,7.4
2013,Стопа смртности испод пет година,На 1 000 живорођених,Испод 5 година,Мушкарци,7.2
2014,Стопа смртности испод пет година,На 1 000 живорођених,Испод 5 година,Мушкарци,7.0
2015,Стопа смртности испод пет година,На 1 000 живорођених,Испод 5 година,Мушкарци,6.9
2016,Стопа смртности испод пет година,На 1 000 живорођених,Испод 5 година,Мушкарци,6.8
2017,Стопа смртности испод пет година,На 1 000 живорођених,Испод 5 година,Мушкарци,6.7
2018,Стопа смртности испод пет година,На 1 000 живорођених,Испод 5 година,Мушкарци,6.6
2019,Стопа смртности испод пет година,На 1 000 живорођених,Испод 5 година,Мушкарци,6.4
2020,Стопа смртности испод пет година,На 1 000 живорођених,Испод 5 година,Мушкарци,6.3
