Year,SERIES,UNIT_MEASURE,Value
2009,SH_HAP_HBSAGINC,На 100 000 становника,4.7
2010,SH_HAP_HBSAGINC,На 100 000 становника,2.7
2011,SH_HAP_HBSAGINC,На 100 000 становника,3.9
2012,SH_HAP_HBSAGINC,На 100 000 становника,4.5
2013,SH_HAP_HBSAGINC,На 100 000 становника,5.6
2014,SH_HAP_HBSAGINC,На 100 000 становника,3.9
2015,SH_HAP_HBSAGINC,На 100 000 становника,2.3
2016,SH_HAP_HBSAGINC,На 100 000 становника,3.6
2017,SH_HAP_HBSAGINC,На 100 000 становника,4.0
2018,SH_HAP_HBSAGINC,На 100 000 становника,5.2
2019,SH_HAP_HBSAGINC,На 100 000 становника,4.5
2020,SH_HAP_HBSAGINC,На 100 000 становника,1.9
2021,SH_HAP_HBSAGINC,На 100 000 становника,1.5
