Year,SERIES,UNIT_MEASURE,Value
2019,Стопа морталитета која се приписује загађењу околног ваздуха,На 100 000 становника,55
2019,Стопа смртности која се приписује загађењем ваздуха домаћинстава,На 100 000 становника,72
2019,Старосно стандардизована стопа смртности која се приписује загађењу домаћинства и околног ваздуха (умрли на 100.000 становника),На 100 000 становника,114
2016,Стопа сировог морталитета која се приписује загађењу околног ваздуха,На 100 000 становника,87
2016,Сирова стопа смртности која се приписује загађењем ваздуха домаћинстава,На 100 000 становника,85
2016,Стопа смртности која се приписује загађењу домаћинства и околног ваздуха,На 100 000 становника,159
