Year,SERIES,UNIT_MEASURE,Године,Пол,Value
2010,SH_PRV_SMOKA,Проценат,>18Y,Оба пола или без подјеле по полу,28.7
2012,SH_PRV_SMOKA,Проценат,15 до 49 година,Мушкарци,34.3
2012,SH_PRV_SMOKA,Проценат,15 до 49 година,Жене,26.3
2015,SH_PRV_SMOKA,Проценат,>15Y,Оба пола или без подјеле по полу,24.6
2018,SH_PRV_SMOKC,Проценат,Y13T15,Оба пола или без подјеле по полу,11.8
