Year,SERIES,UNIT_MEASURE,Ниво образовања,Квантил дохотка или богатства,Пол,Степен урбанизације,Value
2000,"Стопа завршетка студија према полу, локацији, квинтилу богатства и нивоу образовања (%)",Проценат,Ниже средње образовање,Укупно (национални просјек) или без подјеле,Оба пола или без подјеле по полу,Укупно,97.48
2006,"Стопа завршетка студија према полу, локацији, квинтилу богатства и нивоу образовања (%)",Проценат,Ниже средње образовање,Укупно (национални просјек) или без подјеле,Оба пола или без подјеле по полу,Укупно,98.73
2012,"Стопа завршетка студија према полу, локацији, квинтилу богатства и нивоу образовања (%)",Проценат,Ниже средње образовање,Укупно (национални просјек) или без подјеле,Оба пола или без подјеле по полу,Укупно,96.84
2013,"Стопа завршетка студија према полу, локацији, квинтилу богатства и нивоу образовања (%)",Проценат,Ниже средње образовање,Укупно (национални просјек) или без подјеле,Оба пола или без подјеле по полу,Укупно,98.4
2014,"Стопа завршетка студија према полу, локацији, квинтилу богатства и нивоу образовања (%)",Проценат,Ниже средње образовање,Укупно (национални просјек) или без подјеле,Оба пола или без подјеле по полу,Укупно,98.5
2015,"Стопа завршетка студија према полу, локацији, квинтилу богатства и нивоу образовања (%)",Проценат,Ниже средње образовање,Укупно (национални просјек) или без подјеле,Оба пола или без подјеле по полу,Укупно,98.6
2016,"Стопа завршетка студија према полу, локацији, квинтилу богатства и нивоу образовања (%)",Проценат,Ниже средње образовање,Укупно (национални просјек) или без подјеле,Оба пола или без подјеле по полу,Укупно,98.7
2017,"Стопа завршетка студија према полу, локацији, квинтилу богатства и нивоу образовања (%)",Проценат,Ниже средње образовање,Укупно (национални просјек) или без подјеле,Оба пола или без подјеле по полу,Укупно,98.7
2018,"Стопа завршетка студија према полу, локацији, квинтилу богатства и нивоу образовања (%)",Проценат,Ниже средње образовање,Укупно (национални просјек) или без подјеле,Оба пола или без подјеле по полу,Укупно,98.8
2019,"Стопа завршетка студија према полу, локацији, квинтилу богатства и нивоу образовања (%)",Проценат,Ниже средње образовање,Укупно (национални просјек) или без подјеле,Оба пола или без подјеле по полу,Укупно,98.9
2020,"Стопа завршетка студија према полу, локацији, квинтилу богатства и нивоу образовања (%)",Проценат,Ниже средње образовање,Укупно (национални просјек) или без подјеле,Оба пола или без подјеле по полу,Укупно,98.9
2000,"Стопа завршетка студија према полу, локацији, квинтилу богатства и нивоу образовања (%)",Проценат,Ниже средње образовање,Укупно (национални просјек) или без подјеле,Жене,Укупно,97.56
2006,"Стопа завршетка студија према полу, локацији, квинтилу богатства и нивоу образовања (%)",Проценат,Ниже средње образовање,Укупно (национални просјек) или без подјеле,Жене,Укупно,98.69
2012,"Стопа завршетка студија према полу, локацији, квинтилу богатства и нивоу образовања (%)",Проценат,Ниже средње образовање,Укупно (национални просјек) или без подјеле,Жене,Укупно,96.92
2013,"Стопа завршетка студија према полу, локацији, квинтилу богатства и нивоу образовања (%)",Проценат,Ниже средње образовање,Укупно (национални просјек) или без подјеле,Жене,Укупно,98.3
2014,"Стопа завршетка студија према полу, локацији, квинтилу богатства и нивоу образовања (%)",Проценат,Ниже средње образовање,Укупно (национални просјек) или без подјеле,Жене,Укупно,98.5
2015,"Стопа завршетка студија према полу, локацији, квинтилу богатства и нивоу образовања (%)",Проценат,Ниже средње образовање,Укупно (национални просјек) или без подјеле,Жене,Укупно,98.5
2016,"Стопа завршетка студија према полу, локацији, квинтилу богатства и нивоу образовања (%)",Проценат,Ниже средње образовање,Укупно (национални просјек) или без подјеле,Жене,Укупно,98.6
2017,"Стопа завршетка студија према полу, локацији, квинтилу богатства и нивоу образовања (%)",Проценат,Ниже средње образовање,Укупно (национални просјек) или без подјеле,Жене,Укупно,98.7
2018,"Стопа завршетка студија према полу, локацији, квинтилу богатства и нивоу образовања (%)",Проценат,Ниже средње образовање,Укупно (национални просјек) или без подјеле,Жене,Укупно,98.8
2019,"Стопа завршетка студија према полу, локацији, квинтилу богатства и нивоу образовања (%)",Проценат,Ниже средње образовање,Укупно (национални просјек) или без подјеле,Жене,Укупно,98.9
2020,"Стопа завршетка студија према полу, локацији, квинтилу богатства и нивоу образовања (%)",Проценат,Ниже средње образовање,Укупно (национални просјек) или без подјеле,Жене,Укупно,99.0
2000,"Стопа завршетка студија према полу, локацији, квинтилу богатства и нивоу образовања (%)",Проценат,Ниже средње образовање,Укупно (национални просјек) или без подјеле,Мушкарци,Укупно,97.4
2006,"Стопа завршетка студија према полу, локацији, квинтилу богатства и нивоу образовања (%)",Проценат,Ниже средње образовање,Укупно (национални просјек) или без подјеле,Мушкарци,Укупно,98.77
2012,"Стопа завршетка студија према полу, локацији, квинтилу богатства и нивоу образовања (%)",Проценат,Ниже средње образовање,Укупно (национални просјек) или без подјеле,Мушкарци,Укупно,96.78
2013,"Стопа завршетка студија према полу, локацији, квинтилу богатства и нивоу образовања (%)",Проценат,Ниже средње образовање,Укупно (национални просјек) или без подјеле,Мушкарци,Укупно,98.3
2014,"Стопа завршетка студија према полу, локацији, квинтилу богатства и нивоу образовања (%)",Проценат,Ниже средње образовање,Укупно (национални просјек) или без подјеле,Мушкарци,Укупно,98.3
2015,"Стопа завршетка студија према полу, локацији, квинтилу богатства и нивоу образовања (%)",Проценат,Ниже средње образовање,Укупно (национални просјек) или без подјеле,Мушкарци,Укупно,98.4
2016,"Стопа завршетка студија према полу, локацији, квинтилу богатства и нивоу образовања (%)",Проценат,Ниже средње образовање,Укупно (национални просјек) или без подјеле,Мушкарци,Укупно,98.5
2017,"Стопа завршетка студија према полу, локацији, квинтилу богатства и нивоу образовања (%)",Проценат,Ниже средње образовање,Укупно (национални просјек) или без подјеле,Мушкарци,Укупно,98.5
2018,"Стопа завршетка студија према полу, локацији, квинтилу богатства и нивоу образовања (%)",Проценат,Ниже средње образовање,Укупно (национални просјек) или без подјеле,Мушкарци,Укупно,98.6
2019,"Стопа завршетка студија према полу, локацији, квинтилу богатства и нивоу образовања (%)",Проценат,Ниже средње образовање,Укупно (национални просјек) или без подјеле,Мушкарци,Укупно,98.6
2020,"Стопа завршетка студија према полу, локацији, квинтилу богатства и нивоу образовања (%)",Проценат,Ниже средње образовање,Укупно (национални просјек) или без подјеле,Мушкарци,Укупно,98.7
2006,"Стопа завршетка студија према полу, локацији, квинтилу богатства и нивоу образовања (%)",Проценат,Ниже средње образовање,Квантил 1 (најсиромашнији),Оба пола или без подјеле по полу,Укупно,95.59
2012,"Стопа завршетка студија према полу, локацији, квинтилу богатства и нивоу образовања (%)",Проценат,Ниже средње образовање,Квантил 1 (најсиромашнији),Оба пола или без подјеле по полу,Укупно,90.817
2012,"Стопа завршетка студија према полу, локацији, квинтилу богатства и нивоу образовања (%)",Проценат,Ниже средње образовање,Квантил 1 (најсиромашнији),Жене,Укупно,86.99261
2012,"Стопа завршетка студија према полу, локацији, квинтилу богатства и нивоу образовања (%)",Проценат,Ниже средње образовање,Квантил 1 (најсиромашнији),Мушкарци,Укупно,95.47208
2006,"Стопа завршетка студија према полу, локацији, квинтилу богатства и нивоу образовања (%)",Проценат,Ниже средње образовање,Квантил 2,Оба пола или без подјеле по полу,Укупно,99.79
2012,"Стопа завршетка студија према полу, локацији, квинтилу богатства и нивоу образовања (%)",Проценат,Ниже средње образовање,Квантил 2,Оба пола или без подјеле по полу,Укупно,93.87903
2012,"Стопа завршетка студија према полу, локацији, квинтилу богатства и нивоу образовања (%)",Проценат,Ниже средње образовање,Квантил 2,Жене,Укупно,100.0
2012,"Стопа завршетка студија према полу, локацији, квинтилу богатства и нивоу образовања (%)",Проценат,Ниже средње образовање,Квантил 2,Мушкарци,Укупно,89.37129
2006,"Стопа завршетка студија према полу, локацији, квинтилу богатства и нивоу образовања (%)",Проценат,Ниже средње образовање,Квантил 3,Оба пола или без подјеле по полу,Укупно,98.61
2012,"Стопа завршетка студија према полу, локацији, квинтилу богатства и нивоу образовања (%)",Проценат,Ниже средње образовање,Квантил 3,Оба пола или без подјеле по полу,Укупно,98.79659
2012,"Стопа завршетка студија према полу, локацији, квинтилу богатства и нивоу образовања (%)",Проценат,Ниже средње образовање,Квантил 3,Жене,Укупно,100.0
2012,"Стопа завршетка студија према полу, локацији, квинтилу богатства и нивоу образовања (%)",Проценат,Ниже средње образовање,Квантил 3,Мушкарци,Укупно,97.72626
2006,"Стопа завршетка студија према полу, локацији, квинтилу богатства и нивоу образовања (%)",Проценат,Ниже средње образовање,Квантил 4,Оба пола или без подјеле по полу,Укупно,99.46
2012,"Стопа завршетка студија према полу, локацији, квинтилу богатства и нивоу образовања (%)",Проценат,Ниже средње образовање,Квантил 4,Оба пола или без подјеле по полу,Укупно,98.42177
2012,"Стопа завршетка студија према полу, локацији, квинтилу богатства и нивоу образовања (%)",Проценат,Ниже средње образовање,Квантил 4,Жене,Укупно,96.82923
2012,"Стопа завршетка студија према полу, локацији, квинтилу богатства и нивоу образовања (%)",Проценат,Ниже средње образовање,Квантил 4,Мушкарци,Укупно,99.85685
2006,"Стопа завршетка студија према полу, локацији, квинтилу богатства и нивоу образовања (%)",Проценат,Ниже средње образовање,Квантил 5 (најбогатији),Оба пола или без подјеле по полу,Укупно,99.85
2012,"Стопа завршетка студија према полу, локацији, квинтилу богатства и нивоу образовања (%)",Проценат,Ниже средње образовање,Квантил 5 (најбогатији),Оба пола или без подјеле по полу,Укупно,100.0
2012,"Стопа завршетка студија према полу, локацији, квинтилу богатства и нивоу образовања (%)",Проценат,Ниже средње образовање,Квантил 5 (најбогатији),Жене,Укупно,100.0
2012,"Стопа завршетка студија према полу, локацији, квинтилу богатства и нивоу образовања (%)",Проценат,Ниже средње образовање,Квантил 5 (најбогатији),Мушкарци,Укупно,100.0
2000,"Стопа завршетка студија према полу, локацији, квинтилу богатства и нивоу образовања (%)",Проценат,Ниже средње образовање,Укупно (национални просјек) или без подјеле,Оба пола или без подјеле по полу,Рурално,96.61
2006,"Стопа завршетка студија према полу, локацији, квинтилу богатства и нивоу образовања (%)",Проценат,Ниже средње образовање,Укупно (национални просјек) или без подјеле,Оба пола или без подјеле по полу,Рурално,98.67
2012,"Стопа завршетка студија према полу, локацији, квинтилу богатства и нивоу образовања (%)",Проценат,Ниже средње образовање,Укупно (национални просјек) или без подјеле,Оба пола или без подјеле по полу,Рурално,96.3604
2012,"Стопа завршетка студија према полу, локацији, квинтилу богатства и нивоу образовања (%)",Проценат,Ниже средње образовање,Укупно (национални просјек) или без подјеле,Жене,Рурално,96.55474
2012,"Стопа завршетка студија према полу, локацији, квинтилу богатства и нивоу образовања (%)",Проценат,Ниже средње образовање,Укупно (национални просјек) или без подјеле,Мушкарци,Рурално,96.19608
2012,"Стопа завршетка студија према полу, локацији, квинтилу богатства и нивоу образовања (%)",Проценат,Ниже средње образовање,Квантил 1 (најсиромашнији),Оба пола или без подјеле по полу,Рурално,92.15459
2012,"Стопа завршетка студија према полу, локацији, квинтилу богатства и нивоу образовања (%)",Проценат,Ниже средње образовање,Квантил 1 (најсиромашнији),Жене,Рурално,90.75005
2012,"Стопа завршетка студија према полу, локацији, квинтилу богатства и нивоу образовања (%)",Проценат,Ниже средње образовање,Квантил 1 (најсиромашнији),Мушкарци,Рурално,94.23948
2012,"Стопа завршетка студија према полу, локацији, квинтилу богатства и нивоу образовања (%)",Проценат,Ниже средње образовање,Квантил 2,Оба пола или без подјеле по полу,Рурално,94.70641
2012,"Стопа завршетка студија према полу, локацији, квинтилу богатства и нивоу образовања (%)",Проценат,Ниже средње образовање,Квантил 2,Жене,Рурално,100.0
2012,"Стопа завршетка студија према полу, локацији, квинтилу богатства и нивоу образовања (%)",Проценат,Ниже средње образовање,Квантил 2,Мушкарци,Рурално,91.00468
2012,"Стопа завршетка студија према полу, локацији, квинтилу богатства и нивоу образовања (%)",Проценат,Ниже средње образовање,Квантил 3,Оба пола или без подјеле по полу,Рурално,98.43307
2012,"Стопа завршетка студија према полу, локацији, квинтилу богатства и нивоу образовања (%)",Проценат,Ниже средње образовање,Квантил 3,Жене,Рурално,100.0
2012,"Стопа завршетка студија према полу, локацији, квинтилу богатства и нивоу образовања (%)",Проценат,Ниже средње образовање,Квантил 3,Мушкарци,Рурално,97.21833
2012,"Стопа завршетка студија према полу, локацији, квинтилу богатства и нивоу образовања (%)",Проценат,Ниже средње образовање,Квантил 4,Оба пола или без подјеле по полу,Рурално,97.44476
2012,"Стопа завршетка студија према полу, локацији, квинтилу богатства и нивоу образовања (%)",Проценат,Ниже средње образовање,Квантил 4,Жене,Рурално,94.89287
2012,"Стопа завршетка студија према полу, локацији, квинтилу богатства и нивоу образовања (%)",Проценат,Ниже средње образовање,Квантил 4,Мушкарци,Рурално,100.0
2012,"Стопа завршетка студија према полу, локацији, квинтилу богатства и нивоу образовања (%)",Проценат,Ниже средње образовање,Квантил 5 (најбогатији),Оба пола или без подјеле по полу,Рурално,100.0
2012,"Стопа завршетка студија према полу, локацији, квинтилу богатства и нивоу образовања (%)",Проценат,Ниже средње образовање,Квантил 5 (најбогатији),Жене,Рурално,0.0
2012,"Стопа завршетка студија према полу, локацији, квинтилу богатства и нивоу образовања (%)",Проценат,Ниже средње образовање,Квантил 5 (најбогатији),Мушкарци,Рурално,0.0
2000,"Стопа завршетка студија према полу, локацији, квинтилу богатства и нивоу образовања (%)",Проценат,Ниже средње образовање,Укупно (национални просјек) или без подјеле,Оба пола или без подјеле по полу,Урбано,98.88
2006,"Стопа завршетка студија према полу, локацији, квинтилу богатства и нивоу образовања (%)",Проценат,Ниже средње образовање,Укупно (национални просјек) или без подјеле,Оба пола или без подјеле по полу,Урбано,98.83
2012,"Стопа завршетка студија према полу, локацији, квинтилу богатства и нивоу образовања (%)",Проценат,Ниже средње образовање,Укупно (национални просјек) или без подјеле,Оба пола или без подјеле по полу,Урбано,97.89363
2012,"Стопа завршетка студија према полу, локацији, квинтилу богатства и нивоу образовања (%)",Проценат,Ниже средње образовање,Укупно (национални просјек) или без подјеле,Жене,Урбано,97.72262
2012,"Стопа завршетка студија према полу, локацији, квинтилу богатства и нивоу образовања (%)",Проценат,Ниже средње образовање,Укупно (национални просјек) или без подјеле,Мушкарци,Урбано,98.03853
2012,"Стопа завршетка студија према полу, локацији, квинтилу богатства и нивоу образовања (%)",Проценат,Ниже средње образовање,Квантил 1 (најсиромашнији),Оба пола или без подјеле по полу,Урбано,0.0
2012,"Стопа завршетка студија према полу, локацији, квинтилу богатства и нивоу образовања (%)",Проценат,Ниже средње образовање,Квантил 1 (најсиромашнији),Жене,Урбано,0.0
2012,"Стопа завршетка студија према полу, локацији, квинтилу богатства и нивоу образовања (%)",Проценат,Ниже средње образовање,Квантил 1 (најсиромашнији),Мушкарци,Урбано,0.0
2012,"Стопа завршетка студија према полу, локацији, квинтилу богатства и нивоу образовања (%)",Проценат,Ниже средње образовање,Квантил 2,Оба пола или без подјеле по полу,Урбано,0.0
2012,"Стопа завршетка студија према полу, локацији, квинтилу богатства и нивоу образовања (%)",Проценат,Ниже средње образовање,Квантил 2,Жене,Урбано,0.0
2012,"Стопа завршетка студија према полу, локацији, квинтилу богатства и нивоу образовања (%)",Проценат,Ниже средње образовање,Квантил 2,Мушкарци,Урбано,0.0
2012,"Стопа завршетка студија према полу, локацији, квинтилу богатства и нивоу образовања (%)",Проценат,Ниже средње образовање,Квантил 3,Оба пола или без подјеле по полу,Урбано,100.0
2012,"Стопа завршетка студија према полу, локацији, квинтилу богатства и нивоу образовања (%)",Проценат,Ниже средње образовање,Квантил 3,Жене,Урбано,0.0
2012,"Стопа завршетка студија према полу, локацији, квинтилу богатства и нивоу образовања (%)",Проценат,Ниже средње образовање,Квантил 3,Мушкарци,Урбано,0.0
2012,"Стопа завршетка студија према полу, локацији, квинтилу богатства и нивоу образовања (%)",Проценат,Ниже средње образовање,Квантил 4,Оба пола или без подјеле по полу,Урбано,99.81715
2012,"Стопа завршетка студија према полу, локацији, квинтилу богатства и нивоу образовања (%)",Проценат,Ниже средње образовање,Квантил 4,Жене,Урбано,0.0
2012,"Стопа завршетка студија према полу, локацији, квинтилу богатства и нивоу образовања (%)",Проценат,Ниже средње образовање,Квантил 4,Мушкарци,Урбано,99.67559
2012,"Стопа завршетка студија према полу, локацији, квинтилу богатства и нивоу образовања (%)",Проценат,Ниже средње образовање,Квантил 5 (најбогатији),Оба пола или без подјеле по полу,Урбано,100.0
2012,"Стопа завршетка студија према полу, локацији, квинтилу богатства и нивоу образовања (%)",Проценат,Ниже средње образовање,Квантил 5 (најбогатији),Жене,Урбано,0.0
2012,"Стопа завршетка студија према полу, локацији, квинтилу богатства и нивоу образовања (%)",Проценат,Ниже средње образовање,Квантил 5 (најбогатији),Мушкарци,Урбано,100.0
2000,"Стопа завршетка студија према полу, локацији, квинтилу богатства и нивоу образовања (%)",Проценат,Основно образовање,Укупно (национални просјек) или без подјеле,Оба пола или без подјеле по полу,Укупно,99.25
2006,"Стопа завршетка студија према полу, локацији, квинтилу богатства и нивоу образовања (%)",Проценат,Основно образовање,Укупно (национални просјек) или без подјеле,Оба пола или без подјеле по полу,Укупно,99.2
2012,"Стопа завршетка студија према полу, локацији, квинтилу богатства и нивоу образовања (%)",Проценат,Основно образовање,Укупно (национални просјек) или без подјеле,Оба пола или без подјеле по полу,Укупно,99.74
2013,"Стопа завршетка студија према полу, локацији, квинтилу богатства и нивоу образовања (%)",Проценат,Основно образовање,Укупно (национални просјек) или без подјеле,Оба пола или без подјеле по полу,Укупно,99.9
2014,"Стопа завршетка студија према полу, локацији, квинтилу богатства и нивоу образовања (%)",Проценат,Основно образовање,Укупно (национални просјек) или без подјеле,Оба пола или без подјеле по полу,Укупно,99.9
2015,"Стопа завршетка студија према полу, локацији, квинтилу богатства и нивоу образовања (%)",Проценат,Основно образовање,Укупно (национални просјек) или без подјеле,Оба пола или без подјеле по полу,Укупно,99.9
2016,"Стопа завршетка студија према полу, локацији, квинтилу богатства и нивоу образовања (%)",Проценат,Основно образовање,Укупно (национални просјек) или без подјеле,Оба пола или без подјеле по полу,Укупно,100.0
2017,"Стопа завршетка студија према полу, локацији, квинтилу богатства и нивоу образовања (%)",Проценат,Основно образовање,Укупно (национални просјек) или без подјеле,Оба пола или без подјеле по полу,Укупно,100.0
2018,"Стопа завршетка студија према полу, локацији, квинтилу богатства и нивоу образовања (%)",Проценат,Основно образовање,Укупно (национални просјек) или без подјеле,Оба пола или без подјеле по полу,Укупно,100.0
2019,"Стопа завршетка студија према полу, локацији, квинтилу богатства и нивоу образовања (%)",Проценат,Основно образовање,Укупно (национални просјек) или без подјеле,Оба пола или без подјеле по полу,Укупно,100.0
2020,"Стопа завршетка студија према полу, локацији, квинтилу богатства и нивоу образовања (%)",Проценат,Основно образовање,Укупно (национални просјек) или без подјеле,Оба пола или без подјеле по полу,Укупно,100.0
2000,"Стопа завршетка студија према полу, локацији, квинтилу богатства и нивоу образовања (%)",Проценат,Основно образовање,Укупно (национални просјек) или без подјеле,Жене,Укупно,99.61
2006,"Стопа завршетка студија према полу, локацији, квинтилу богатства и нивоу образовања (%)",Проценат,Основно образовање,Укупно (национални просјек) или без подјеле,Жене,Укупно,99.11
2012,"Стопа завршетка студија према полу, локацији, квинтилу богатства и нивоу образовања (%)",Проценат,Основно образовање,Укупно (национални просјек) или без подјеле,Жене,Укупно,99.89
2013,"Стопа завршетка студија према полу, локацији, квинтилу богатства и нивоу образовања (%)",Проценат,Основно образовање,Укупно (национални просјек) или без подјеле,Жене,Укупно,99.9
2014,"Стопа завршетка студија према полу, локацији, квинтилу богатства и нивоу образовања (%)",Проценат,Основно образовање,Укупно (национални просјек) или без подјеле,Жене,Укупно,99.99
2015,"Стопа завршетка студија према полу, локацији, квинтилу богатства и нивоу образовања (%)",Проценат,Основно образовање,Укупно (национални просјек) или без подјеле,Жене,Укупно,99.99
2016,"Стопа завршетка студија према полу, локацији, квинтилу богатства и нивоу образовања (%)",Проценат,Основно образовање,Укупно (национални просјек) или без подјеле,Жене,Укупно,100.0
2017,"Стопа завршетка студија према полу, локацији, квинтилу богатства и нивоу образовања (%)",Проценат,Основно образовање,Укупно (национални просјек) или без подјеле,Жене,Укупно,100.0
2018,"Стопа завршетка студија према полу, локацији, квинтилу богатства и нивоу образовања (%)",Проценат,Основно образовање,Укупно (национални просјек) или без подјеле,Жене,Укупно,100.0
2019,"Стопа завршетка студија према полу, локацији, квинтилу богатства и нивоу образовања (%)",Проценат,Основно образовање,Укупно (национални просјек) или без подјеле,Жене,Укупно,100.0
2020,"Стопа завршетка студија према полу, локацији, квинтилу богатства и нивоу образовања (%)",Проценат,Основно образовање,Укупно (национални просјек) или без подјеле,Жене,Укупно,100.0
2000,"Стопа завршетка студија према полу, локацији, квинтилу богатства и нивоу образовања (%)",Проценат,Основно образовање,Укупно (национални просјек) или без подјеле,Мушкарци,Укупно,98.9
2006,"Стопа завршетка студија према полу, локацији, квинтилу богатства и нивоу образовања (%)",Проценат,Основно образовање,Укупно (национални просјек) или без подјеле,Мушкарци,Укупно,99.28
2012,"Стопа завршетка студија према полу, локацији, квинтилу богатства и нивоу образовања (%)",Проценат,Основно образовање,Укупно (национални просјек) или без подјеле,Мушкарци,Укупно,99.59
2013,"Стопа завршетка студија према полу, локацији, квинтилу богатства и нивоу образовања (%)",Проценат,Основно образовање,Укупно (национални просјек) или без подјеле,Мушкарци,Укупно,99.7
2014,"Стопа завршетка студија према полу, локацији, квинтилу богатства и нивоу образовања (%)",Проценат,Основно образовање,Укупно (национални просјек) или без подјеле,Мушкарци,Укупно,99.7
2015,"Стопа завршетка студија према полу, локацији, квинтилу богатства и нивоу образовања (%)",Проценат,Основно образовање,Укупно (национални просјек) или без подјеле,Мушкарци,Укупно,99.7
2016,"Стопа завршетка студија према полу, локацији, квинтилу богатства и нивоу образовања (%)",Проценат,Основно образовање,Укупно (национални просјек) или без подјеле,Мушкарци,Укупно,99.8
2017,"Стопа завршетка студија према полу, локацији, квинтилу богатства и нивоу образовања (%)",Проценат,Основно образовање,Укупно (национални просјек) или без подјеле,Мушкарци,Укупно,99.8
2018,"Стопа завршетка студија према полу, локацији, квинтилу богатства и нивоу образовања (%)",Проценат,Основно образовање,Укупно (национални просјек) или без подјеле,Мушкарци,Укупно,99.8
2019,"Стопа завршетка студија према полу, локацији, квинтилу богатства и нивоу образовања (%)",Проценат,Основно образовање,Укупно (национални просјек) или без подјеле,Мушкарци,Укупно,99.8
2020,"Стопа завршетка студија према полу, локацији, квинтилу богатства и нивоу образовања (%)",Проценат,Основно образовање,Укупно (национални просјек) или без подјеле,Мушкарци,Укупно,99.9
2006,"Стопа завршетка студија према полу, локацији, квинтилу богатства и нивоу образовања (%)",Проценат,Основно образовање,Квантил 1 (најсиромашнији),Оба пола или без подјеле по полу,Укупно,99.52
2012,"Стопа завршетка студија према полу, локацији, квинтилу богатства и нивоу образовања (%)",Проценат,Основно образовање,Квантил 1 (најсиромашнији),Оба пола или без подјеле по полу,Укупно,99.66748
2012,"Стопа завршетка студија према полу, локацији, квинтилу богатства и нивоу образовања (%)",Проценат,Основно образовање,Квантил 1 (најсиромашнији),Жене,Укупно,99.40881
2012,"Стопа завршетка студија према полу, локацији, квинтилу богатства и нивоу образовања (%)",Проценат,Основно образовање,Квантил 1 (најсиромашнији),Мушкарци,Укупно,100.0
2006,"Стопа завршетка студија према полу, локацији, квинтилу богатства и нивоу образовања (%)",Проценат,Основно образовање,Квантил 2,Оба пола или без подјеле по полу,Укупно,98.43
2012,"Стопа завршетка студија према полу, локацији, квинтилу богатства и нивоу образовања (%)",Проценат,Основно образовање,Квантил 2,Оба пола или без подјеле по полу,Укупно,100.0
2012,"Стопа завршетка студија према полу, локацији, квинтилу богатства и нивоу образовања (%)",Проценат,Основно образовање,Квантил 2,Жене,Укупно,100.0
2012,"Стопа завршетка студија према полу, локацији, квинтилу богатства и нивоу образовања (%)",Проценат,Основно образовање,Квантил 2,Мушкарци,Укупно,100.0
2006,"Стопа завршетка студија према полу, локацији, квинтилу богатства и нивоу образовања (%)",Проценат,Основно образовање,Квантил 3,Оба пола или без подјеле по полу,Укупно,98.48
2012,"Стопа завршетка студија према полу, локацији, квинтилу богатства и нивоу образовања (%)",Проценат,Основно образовање,Квантил 3,Оба пола или без подјеле по полу,Укупно,98.92706
2012,"Стопа завршетка студија према полу, локацији, квинтилу богатства и нивоу образовања (%)",Проценат,Основно образовање,Квантил 3,Жене,Укупно,100.0
2012,"Стопа завршетка студија према полу, локацији, квинтилу богатства и нивоу образовања (%)",Проценат,Основно образовање,Квантил 3,Мушкарци,Укупно,98.07095
2006,"Стопа завршетка студија према полу, локацији, квинтилу богатства и нивоу образовања (%)",Проценат,Основно образовање,Квантил 4,Оба пола или без подјеле по полу,Укупно,99.64
2012,"Стопа завршетка студија према полу, локацији, квинтилу богатства и нивоу образовања (%)",Проценат,Основно образовање,Квантил 4,Оба пола или без подјеле по полу,Укупно,100.0
2012,"Стопа завршетка студија према полу, локацији, квинтилу богатства и нивоу образовања (%)",Проценат,Основно образовање,Квантил 4,Жене,Укупно,100.0
2012,"Стопа завршетка студија према полу, локацији, квинтилу богатства и нивоу образовања (%)",Проценат,Основно образовање,Квантил 4,Мушкарци,Укупно,100.0
2006,"Стопа завршетка студија према полу, локацији, квинтилу богатства и нивоу образовања (%)",Проценат,Основно образовање,Квантил 5 (најбогатији),Оба пола или без подјеле по полу,Укупно,100.0
2012,"Стопа завршетка студија према полу, локацији, квинтилу богатства и нивоу образовања (%)",Проценат,Основно образовање,Квантил 5 (најбогатији),Оба пола или без подјеле по полу,Укупно,100.0
2012,"Стопа завршетка студија према полу, локацији, квинтилу богатства и нивоу образовања (%)",Проценат,Основно образовање,Квантил 5 (најбогатији),Жене,Укупно,100.0
2012,"Стопа завршетка студија према полу, локацији, квинтилу богатства и нивоу образовања (%)",Проценат,Основно образовање,Квантил 5 (најбогатији),Мушкарци,Укупно,100.0
2000,"Стопа завршетка студија према полу, локацији, квинтилу богатства и нивоу образовања (%)",Проценат,Основно образовање,Укупно (национални просјек) или без подјеле,Оба пола или без подјеле по полу,Рурално,99.12
2006,"Стопа завршетка студија према полу, локацији, квинтилу богатства и нивоу образовања (%)",Проценат,Основно образовање,Укупно (национални просјек) или без подјеле,Оба пола или без подјеле по полу,Рурално,99.77
2012,"Стопа завршетка студија према полу, локацији, квинтилу богатства и нивоу образовања (%)",Проценат,Основно образовање,Укупно (национални просјек) или без подјеле,Оба пола или без подјеле по полу,Рурално,99.66146
2012,"Стопа завршетка студија према полу, локацији, квинтилу богатства и нивоу образовања (%)",Проценат,Основно образовање,Укупно (национални просјек) или без подјеле,Жене,Рурално,99.91665
2012,"Стопа завршетка студија према полу, локацији, квинтилу богатства и нивоу образовања (%)",Проценат,Основно образовање,Укупно (национални просјек) или без подјеле,Мушкарци,Рурално,99.41744
2012,"Стопа завршетка студија према полу, локацији, квинтилу богатства и нивоу образовања (%)",Проценат,Основно образовање,Квантил 1 (најсиромашнији),Оба пола или без подјеле по полу,Рурално,99.81214
2012,"Стопа завршетка студија према полу, локацији, квинтилу богатства и нивоу образовања (%)",Проценат,Основно образовање,Квантил 1 (најсиромашнији),Жене,Рурално,99.6634
2012,"Стопа завршетка студија према полу, локацији, квинтилу богатства и нивоу образовања (%)",Проценат,Основно образовање,Квантил 1 (најсиромашнији),Мушкарци,Рурално,100.0
2012,"Стопа завршетка студија према полу, локацији, квинтилу богатства и нивоу образовања (%)",Проценат,Основно образовање,Квантил 2,Оба пола или без подјеле по полу,Рурално,100.0
2012,"Стопа завршетка студија према полу, локацији, квинтилу богатства и нивоу образовања (%)",Проценат,Основно образовање,Квантил 2,Жене,Рурално,100.0
2012,"Стопа завршетка студија према полу, локацији, квинтилу богатства и нивоу образовања (%)",Проценат,Основно образовање,Квантил 2,Мушкарци,Рурално,100.0
2012,"Стопа завршетка студија према полу, локацији, квинтилу богатства и нивоу образовања (%)",Проценат,Основно образовање,Квантил 3,Оба пола или без подјеле по полу,Рурално,98.71719
2012,"Стопа завршетка студија према полу, локацији, квинтилу богатства и нивоу образовања (%)",Проценат,Основно образовање,Квантил 3,Жене,Рурално,100.0
2012,"Стопа завршетка студија према полу, локацији, квинтилу богатства и нивоу образовања (%)",Проценат,Основно образовање,Квантил 3,Мушкарци,Рурално,97.79621
2012,"Стопа завршетка студија према полу, локацији, квинтилу богатства и нивоу образовања (%)",Проценат,Основно образовање,Квантил 4,Оба пола или без подјеле по полу,Рурално,100.0
2012,"Стопа завршетка студија према полу, локацији, квинтилу богатства и нивоу образовања (%)",Проценат,Основно образовање,Квантил 4,Жене,Рурално,100.0
2012,"Стопа завршетка студија према полу, локацији, квинтилу богатства и нивоу образовања (%)",Проценат,Основно образовање,Квантил 4,Мушкарци,Рурално,100.0
2012,"Стопа завршетка студија према полу, локацији, квинтилу богатства и нивоу образовања (%)",Проценат,Основно образовање,Квантил 5 (најбогатији),Оба пола или без подјеле по полу,Рурално,100.0
2012,"Стопа завршетка студија према полу, локацији, квинтилу богатства и нивоу образовања (%)",Проценат,Основно образовање,Квантил 5 (најбогатији),Жене,Рурално,100.0
2012,"Стопа завршетка студија према полу, локацији, квинтилу богатства и нивоу образовања (%)",Проценат,Основно образовање,Квантил 5 (најбогатији),Мушкарци,Рурално,100.0
2000,"Стопа завршетка студија према полу, локацији, квинтилу богатства и нивоу образовања (%)",Проценат,Основно образовање,Укупно (национални просјек) или без подјеле,Оба пола или без подјеле по полу,Урбано,99.48
2006,"Стопа завршетка студија према полу, локацији, квинтилу богатства и нивоу образовања (%)",Проценат,Основно образовање,Укупно (национални просјек) или без подјеле,Оба пола или без подјеле по полу,Урбано,97.97
2012,"Стопа завршетка студија према полу, локацији, квинтилу богатства и нивоу образовања (%)",Проценат,Основно образовање,Укупно (национални просјек) или без подјеле,Оба пола или без подјеле по полу,Урбано,99.91445
2012,"Стопа завршетка студија према полу, локацији, квинтилу богатства и нивоу образовања (%)",Проценат,Основно образовање,Укупно (национални просјек) или без подјеле,Жене,Урбано,99.83771
2012,"Стопа завршетка студија према полу, локацији, квинтилу богатства и нивоу образовања (%)",Проценат,Основно образовање,Укупно (национални просјек) или без подјеле,Мушкарци,Урбано,100.0
2012,"Стопа завршетка студија према полу, локацији, квинтилу богатства и нивоу образовања (%)",Проценат,Основно образовање,Квантил 1 (најсиромашнији),Оба пола или без подјеле по полу,Урбано,0.0
2012,"Стопа завршетка студија према полу, локацији, квинтилу богатства и нивоу образовања (%)",Проценат,Основно образовање,Квантил 1 (најсиромашнији),Жене,Урбано,0.0
2012,"Стопа завршетка студија према полу, локацији, квинтилу богатства и нивоу образовања (%)",Проценат,Основно образовање,Квантил 1 (најсиромашнији),Мушкарци,Урбано,0.0
2012,"Стопа завршетка студија према полу, локацији, квинтилу богатства и нивоу образовања (%)",Проценат,Основно образовање,Квантил 2,Оба пола или без подјеле по полу,Урбано,0.0
2012,"Стопа завршетка студија према полу, локацији, квинтилу богатства и нивоу образовања (%)",Проценат,Основно образовање,Квантил 2,Жене,Урбано,0.0
2012,"Стопа завршетка студија према полу, локацији, квинтилу богатства и нивоу образовања (%)",Проценат,Основно образовање,Квантил 2,Мушкарци,Урбано,0.0
2012,"Стопа завршетка студија према полу, локацији, квинтилу богатства и нивоу образовања (%)",Проценат,Основно образовање,Квантил 3,Оба пола или без подјеле по полу,Урбано,100.0
2012,"Стопа завршетка студија према полу, локацији, квинтилу богатства и нивоу образовања (%)",Проценат,Основно образовање,Квантил 3,Жене,Урбано,0.0
2012,"Стопа завршетка студија према полу, локацији, квинтилу богатства и нивоу образовања (%)",Проценат,Основно образовање,Квантил 3,Мушкарци,Урбано,0.0
2012,"Стопа завршетка студија према полу, локацији, квинтилу богатства и нивоу образовања (%)",Проценат,Основно образовање,Квантил 4,Оба пола или без подјеле по полу,Урбано,100.0
2012,"Стопа завршетка студија према полу, локацији, квинтилу богатства и нивоу образовања (%)",Проценат,Основно образовање,Квантил 4,Жене,Урбано,100.0
2012,"Стопа завршетка студија према полу, локацији, квинтилу богатства и нивоу образовања (%)",Проценат,Основно образовање,Квантил 4,Мушкарци,Урбано,100.0
2012,"Стопа завршетка студија према полу, локацији, квинтилу богатства и нивоу образовања (%)",Проценат,Основно образовање,Квантил 5 (најбогатији),Оба пола или без подјеле по полу,Урбано,100.0
2012,"Стопа завршетка студија према полу, локацији, квинтилу богатства и нивоу образовања (%)",Проценат,Основно образовање,Квантил 5 (најбогатији),Жене,Урбано,100.0
2012,"Стопа завршетка студија према полу, локацији, квинтилу богатства и нивоу образовања (%)",Проценат,Основно образовање,Квантил 5 (најбогатији),Мушкарци,Урбано,100.0
2000,"Стопа завршетка студија према полу, локацији, квинтилу богатства и нивоу образовања (%)",Проценат,Више средње образовање,Укупно (национални просјек) или без подјеле,Оба пола или без подјеле по полу,Укупно,51.97
2006,"Стопа завршетка студија према полу, локацији, квинтилу богатства и нивоу образовања (%)",Проценат,Више средње образовање,Укупно (национални просјек) или без подјеле,Оба пола или без подјеле по полу,Укупно,55.33
2012,"Стопа завршетка студија према полу, локацији, квинтилу богатства и нивоу образовања (%)",Проценат,Више средње образовање,Укупно (национални просјек) или без подјеле,Оба пола или без подјеле по полу,Укупно,93.06007
2000,"Стопа завршетка студија према полу, локацији, квинтилу богатства и нивоу образовања (%)",Проценат,Више средње образовање,Укупно (национални просјек) или без подјеле,Жене,Укупно,52.86
2006,"Стопа завршетка студија према полу, локацији, квинтилу богатства и нивоу образовања (%)",Проценат,Више средње образовање,Укупно (национални просјек) или без подјеле,Жене,Укупно,58.96
2012,"Стопа завршетка студија према полу, локацији, квинтилу богатства и нивоу образовања (%)",Проценат,Више средње образовање,Укупно (национални просјек) или без подјеле,Жене,Укупно,93.48602
2000,"Стопа завршетка студија према полу, локацији, квинтилу богатства и нивоу образовања (%)",Проценат,Више средње образовање,Укупно (национални просјек) или без подјеле,Мушкарци,Укупно,51.1
2006,"Стопа завршетка студија према полу, локацији, квинтилу богатства и нивоу образовања (%)",Проценат,Више средње образовање,Укупно (национални просјек) или без подјеле,Мушкарци,Укупно,51.48
2012,"Стопа завршетка студија према полу, локацији, квинтилу богатства и нивоу образовања (%)",Проценат,Више средње образовање,Укупно (национални просјек) или без подјеле,Мушкарци,Укупно,92.69718
2006,"Стопа завршетка студија према полу, локацији, квинтилу богатства и нивоу образовања (%)",Проценат,Више средње образовање,Квантил 1 (најсиромашнији),Оба пола или без подјеле по полу,Укупно,31.59
2012,"Стопа завршетка студија према полу, локацији, квинтилу богатства и нивоу образовања (%)",Проценат,Више средње образовање,Квантил 1 (најсиромашнији),Оба пола или без подјеле по полу,Укупно,83.20097
2012,"Стопа завршетка студија према полу, локацији, квинтилу богатства и нивоу образовања (%)",Проценат,Више средње образовање,Квантил 1 (најсиромашнији),Жене,Укупно,81.98621
2012,"Стопа завршетка студија према полу, локацији, квинтилу богатства и нивоу образовања (%)",Проценат,Више средње образовање,Квантил 1 (најсиромашнији),Мушкарци,Укупно,83.83551
2006,"Стопа завршетка студија према полу, локацији, квинтилу богатства и нивоу образовања (%)",Проценат,Више средње образовање,Квантил 2,Оба пола или без подјеле по полу,Укупно,39.35
2012,"Стопа завршетка студија према полу, локацији, квинтилу богатства и нивоу образовања (%)",Проценат,Више средње образовање,Квантил 2,Оба пола или без подјеле по полу,Укупно,88.78678
2012,"Стопа завршетка студија према полу, локацији, квинтилу богатства и нивоу образовања (%)",Проценат,Више средње образовање,Квантил 2,Жене,Укупно,88.04646
2012,"Стопа завршетка студија према полу, локацији, квинтилу богатства и нивоу образовања (%)",Проценат,Више средње образовање,Квантил 2,Мушкарци,Укупно,89.67529
2006,"Стопа завршетка студија према полу, локацији, квинтилу богатства и нивоу образовања (%)",Проценат,Више средње образовање,Квантил 3,Оба пола или без подјеле по полу,Укупно,58.93
2012,"Стопа завршетка студија према полу, локацији, квинтилу богатства и нивоу образовања (%)",Проценат,Више средње образовање,Квантил 3,Оба пола или без подјеле по полу,Укупно,92.34146
2012,"Стопа завршетка студија према полу, локацији, квинтилу богатства и нивоу образовања (%)",Проценат,Више средње образовање,Квантил 3,Жене,Укупно,93.23528
2012,"Стопа завршетка студија према полу, локацији, квинтилу богатства и нивоу образовања (%)",Проценат,Више средње образовање,Квантил 3,Мушкарци,Укупно,91.66612
2006,"Стопа завршетка студија према полу, локацији, квинтилу богатства и нивоу образовања (%)",Проценат,Више средње образовање,Квантил 4,Оба пола или без подјеле по полу,Укупно,59.59
2012,"Стопа завршетка студија према полу, локацији, квинтилу богатства и нивоу образовања (%)",Проценат,Више средње образовање,Квантил 4,Оба пола или без подјеле по полу,Укупно,97.319114
2012,"Стопа завршетка студија према полу, локацији, квинтилу богатства и нивоу образовања (%)",Проценат,Више средње образовање,Квантил 4,Жене,Укупно,98.90768
2012,"Стопа завршетка студија према полу, локацији, квинтилу богатства и нивоу образовања (%)",Проценат,Више средње образовање,Квантил 4,Мушкарци,Укупно,95.72816
2006,"Стопа завршетка студија према полу, локацији, квинтилу богатства и нивоу образовања (%)",Проценат,Више средње образовање,Квантил 5 (најбогатији),Оба пола или без подјеле по полу,Укупно,77.88
2012,"Стопа завршетка студија према полу, локацији, квинтилу богатства и нивоу образовања (%)",Проценат,Више средње образовање,Квантил 5 (најбогатији),Оба пола или без подјеле по полу,Укупно,98.18441
2012,"Стопа завршетка студија према полу, локацији, квинтилу богатства и нивоу образовања (%)",Проценат,Више средње образовање,Квантил 5 (најбогатији),Жене,Укупно,97.76735
2012,"Стопа завршетка студија према полу, локацији, квинтилу богатства и нивоу образовања (%)",Проценат,Више средње образовање,Квантил 5 (најбогатији),Мушкарци,Укупно,98.53152
2000,"Стопа завршетка студија према полу, локацији, квинтилу богатства и нивоу образовања (%)",Проценат,Више средње образовање,Укупно (национални просјек) или без подјеле,Оба пола или без подјеле по полу,Рурално,42.19
2006,"Стопа завршетка студија према полу, локацији, квинтилу богатства и нивоу образовања (%)",Проценат,Више средње образовање,Укупно (национални просјек) или без подјеле,Оба пола или без подјеле по полу,Рурално,44.24
2012,"Стопа завршетка студија према полу, локацији, квинтилу богатства и нивоу образовања (%)",Проценат,Више средње образовање,Укупно (национални просјек) или без подјеле,Оба пола или без подјеле по полу,Рурално,90.89954
2012,"Стопа завршетка студија према полу, локацији, квинтилу богатства и нивоу образовања (%)",Проценат,Више средње образовање,Укупно (национални просјек) или без подјеле,Жене,Рурално,91.40295
2012,"Стопа завршетка студија према полу, локацији, квинтилу богатства и нивоу образовања (%)",Проценат,Више средње образовање,Укупно (национални просјек) или без подјеле,Мушкарци,Рурално,90.47118
2012,"Стопа завршетка студија према полу, локацији, квинтилу богатства и нивоу образовања (%)",Проценат,Више средње образовање,Квантил 1 (најсиромашнији),Оба пола или без подјеле по полу,Рурално,81.36999
2012,"Стопа завршетка студија према полу, локацији, квинтилу богатства и нивоу образовања (%)",Проценат,Више средње образовање,Квантил 1 (најсиромашнији),Жене,Рурално,78.99797
2012,"Стопа завршетка студија према полу, локацији, квинтилу богатства и нивоу образовања (%)",Проценат,Више средње образовање,Квантил 1 (најсиромашнији),Мушкарци,Рурално,82.45838
2012,"Стопа завршетка студија према полу, локацији, квинтилу богатства и нивоу образовања (%)",Проценат,Више средње образовање,Квантил 2,Оба пола или без подјеле по полу,Рурално,88.8996
2012,"Стопа завршетка студија према полу, локацији, квинтилу богатства и нивоу образовања (%)",Проценат,Више средње образовање,Квантил 2,Жене,Рурално,87.07641
2012,"Стопа завршетка студија према полу, локацији, квинтилу богатства и нивоу образовања (%)",Проценат,Више средње образовање,Квантил 2,Мушкарци,Рурално,91.10901
2012,"Стопа завршетка студија према полу, локацији, квинтилу богатства и нивоу образовања (%)",Проценат,Више средње образовање,Квантил 3,Оба пола или без подјеле по полу,Рурално,90.2955
2012,"Стопа завршетка студија према полу, локацији, квинтилу богатства и нивоу образовања (%)",Проценат,Више средње образовање,Квантил 3,Жене,Рурално,91.89303
2012,"Стопа завршетка студија према полу, локацији, квинтилу богатства и нивоу образовања (%)",Проценат,Више средње образовање,Квантил 3,Мушкарци,Рурално,89.1518
2012,"Стопа завршетка студија према полу, локацији, квинтилу богатства и нивоу образовања (%)",Проценат,Више средње образовање,Квантил 4,Оба пола или без подјеле по полу,Рурално,97.60803
2012,"Стопа завршетка студија према полу, локацији, квинтилу богатства и нивоу образовања (%)",Проценат,Више средње образовање,Квантил 4,Жене,Рурално,98.81908
2012,"Стопа завршетка студија према полу, локацији, квинтилу богатства и нивоу образовања (%)",Проценат,Више средње образовање,Квантил 4,Мушкарци,Рурално,96.20177
2012,"Стопа завршетка студија према полу, локацији, квинтилу богатства и нивоу образовања (%)",Проценат,Више средње образовање,Квантил 5 (најбогатији),Оба пола или без подјеле по полу,Рурално,99.61563
2012,"Стопа завршетка студија према полу, локацији, квинтилу богатства и нивоу образовања (%)",Проценат,Више средње образовање,Квантил 5 (најбогатији),Жене,Рурално,0.0
2012,"Стопа завршетка студија према полу, локацији, квинтилу богатства и нивоу образовања (%)",Проценат,Више средње образовање,Квантил 5 (најбогатији),Мушкарци,Рурално,0.0
2000,"Стопа завршетка студија према полу, локацији, квинтилу богатства и нивоу образовања (%)",Проценат,Више средње образовање,Укупно (национални просјек) или без подјеле,Оба пола или без подјеле по полу,Урбано,69.47
2006,"Стопа завршетка студија према полу, локацији, квинтилу богатства и нивоу образовања (%)",Проценат,Више средње образовање,Укупно (национални просјек) или без подјеле,Оба пола или без подјеле по полу,Урбано,72.78
2012,"Стопа завршетка студија према полу, локацији, квинтилу богатства и нивоу образовања (%)",Проценат,Више средње образовање,Укупно (национални просјек) или без подјеле,Оба пола или без подјеле по полу,Урбано,96.939
2012,"Стопа завршетка студија према полу, локацији, квинтилу богатства и нивоу образовања (%)",Проценат,Више средње образовање,Укупно (национални просјек) или без подјеле,Жене,Урбано,97.21922
2012,"Стопа завршетка студија према полу, локацији, квинтилу богатства и нивоу образовања (%)",Проценат,Више средње образовање,Укупно (национални просјек) или без подјеле,Мушкарци,Урбано,96.69978
2012,"Стопа завршетка студија према полу, локацији, квинтилу богатства и нивоу образовања (%)",Проценат,Више средње образовање,Квантил 1 (најсиромашнији),Оба пола или без подјеле по полу,Урбано,0.0
2012,"Стопа завршетка студија према полу, локацији, квинтилу богатства и нивоу образовања (%)",Проценат,Више средње образовање,Квантил 1 (најсиромашнији),Жене,Урбано,0.0
2012,"Стопа завршетка студија према полу, локацији, квинтилу богатства и нивоу образовања (%)",Проценат,Више средње образовање,Квантил 1 (најсиромашнији),Мушкарци,Урбано,0.0
2012,"Стопа завршетка студија према полу, локацији, квинтилу богатства и нивоу образовања (%)",Проценат,Више средње образовање,Квантил 2,Оба пола или без подјеле по полу,Урбано,0.0
2012,"Стопа завршетка студија према полу, локацији, квинтилу богатства и нивоу образовања (%)",Проценат,Више средње образовање,Квантил 2,Жене,Урбано,0.0
2012,"Стопа завршетка студија према полу, локацији, квинтилу богатства и нивоу образовања (%)",Проценат,Више средње образовање,Квантил 2,Мушкарци,Урбано,0.0
2012,"Стопа завршетка студија према полу, локацији, квинтилу богатства и нивоу образовања (%)",Проценат,Више средње образовање,Квантил 3,Оба пола или без подјеле по полу,Урбано,98.50816
2012,"Стопа завршетка студија према полу, локацији, квинтилу богатства и нивоу образовања (%)",Проценат,Више средње образовање,Квантил 3,Жене,Урбано,0.0
2012,"Стопа завршетка студија према полу, локацији, квинтилу богатства и нивоу образовања (%)",Проценат,Више средње образовање,Квантил 3,Мушкарци,Урбано,0.0
2012,"Стопа завршетка студија према полу, локацији, квинтилу богатства и нивоу образовања (%)",Проценат,Више средње образовање,Квантил 4,Оба пола или без подјеле по полу,Урбано,96.79177
2012,"Стопа завршетка студија према полу, локацији, квинтилу богатства и нивоу образовања (%)",Проценат,Више средње образовање,Квантил 4,Жене,Урбано,0.0
2012,"Стопа завршетка студија према полу, локацији, квинтилу богатства и нивоу образовања (%)",Проценат,Више средње образовање,Квантил 4,Мушкарци,Урбано,0.0
2012,"Стопа завршетка студија према полу, локацији, квинтилу богатства и нивоу образовања (%)",Проценат,Више средње образовање,Квантил 5 (најбогатији),Оба пола или без подјеле по полу,Урбано,97.66034
2012,"Стопа завршетка студија према полу, локацији, квинтилу богатства и нивоу образовања (%)",Проценат,Више средње образовање,Квантил 5 (најбогатији),Жене,Урбано,97.25491
2012,"Стопа завршетка студија према полу, локацији, квинтилу богатства и нивоу образовања (%)",Проценат,Више средње образовање,Квантил 5 (најбогатији),Мушкарци,Урбано,97.99669
