Year,SERIES,UNIT_MEASURE,COMPOSITE_BREAKDOWN,Value
2012,"Удио дјеце која су развојно на правом путу у најмање три од сљедећих домена; писменост-рачунање, физички развој, социјално-емоционални развој и учење'",Проценат,CHDEV_DOMAIN_00,98.3
2012,"Удио дјеце која су развојно на правом путу у најмање три од сљедећих домена; писменост-рачунање, физички развој, социјално-емоционални развој и учење'",Проценат,CHDEV_DOMAIN_01,99.1
2012,"Удио дјеце која су развојно на правом путу у најмање три од сљедећих домена; писменост-рачунање, физички развој, социјално-емоционални развој и учење'",Проценат,CHDEV_DOMAIN_02,98.6
2012,"Удио дјеце која су развојно на правом путу у најмање три од сљедећих домена; писменост-рачунање, физички развој, социјално-емоционални развој и учење'",Проценат,CHDEV_DOMAIN_03,100.0
2012,"Удио дјеце која су развојно на правом путу у најмање три од сљедећих домена; писменост-рачунање, физички развој, социјално-емоционални развој и учење'",Проценат,CHDEV_DOMAIN_04,20.1
