Year,SERIES,UNIT_MEASURE,COMPOSITE_BREAKDOWN,Value
2012,"Индекс раног раста и развоја дјеце - проценат дјеце узраста 36–59 мјесеци која су достигла очекивани развој у бар три сљедећа домена: писменост, познавање бројева, физички развој, социјално-емоционални развој и учење",Проценат,Индекс раног раста и развоја дјеце,98.3
2012,"Индекс раног раста и развоја дјеце - проценат дјеце узраста 36–59 мјесеци која су достигла очекивани развој у бар три сљедећа домена: писменост, познавање бројева, физички развој, социјално-емоционални развој и учење",Проценат,Учење,99.1
2012,"Индекс раног раста и развоја дјеце - проценат дјеце узраста 36–59 мјесеци која су достигла очекивани развој у бар три сљедећа домена: писменост, познавање бројева, физички развој, социјално-емоционални развој и учење",Проценат,Социјално-емоционални развој,98.6
2012,"Индекс раног раста и развоја дјеце - проценат дјеце узраста 36–59 мјесеци која су достигла очекивани развој у бар три сљедећа домена: писменост, познавање бројева, физички развој, социјално-емоционални развој и учење",Проценат,Физички развој,100.0
2012,"Индекс раног раста и развоја дјеце - проценат дјеце узраста 36–59 мјесеци која су достигла очекивани развој у бар три сљедећа домена: писменост, познавање бројева, физички развој, социјално-емоционални развој и учење",Проценат,Писменост/познавање бројева,20.1
