Year,SERIES,UNIT_MEASURE,Пол,Value
2019,Проценат дјеце узраста пет година обухваћене програмом предшколског васпитања и образовања пред полазак у школу,Проценат,Оба пола или без подјеле по полу,27.52321
2020,Проценат дјеце узраста пет година обухваћене програмом предшколског васпитања и образовања пред полазак у школу,Проценат,Оба пола или без подјеле по полу,29.34612
2019,Проценат дјеце узраста пет година обухваћене програмом предшколског васпитања и образовања пред полазак у школу,Проценат,Жене,27.12233
2020,Проценат дјеце узраста пет година обухваћене програмом предшколског васпитања и образовања пред полазак у школу,Проценат,Жене,28.59121
2019,Проценат дјеце узраста пет година обухваћене програмом предшколског васпитања и образовања пред полазак у школу,Проценат,Мушкарци,27.90273
2020,Проценат дјеце узраста пет година обухваћене програмом предшколског васпитања и образовања пред полазак у школу,Проценат,Мушкарци,30.0612
