Year,SERIES,UNIT_MEASURE,Пол,COMPOSITE_BREAKDOWN,Value
2018,"Удио жена старости 18–74 године које су доживјеле неки од облика насиља од стране садашњег или бившег партнера, у протеклих 12 мјесеци (%)",Проценат,Жене,Физичко насиље,3
2018,"Удио жена старости 18–74 године које су доживјеле неки од облика насиља од стране садашњег или бившег партнера, у протеклих 12 мјесеци (%)",Проценат,Жене,Сексуално насиље,0
2018,"Удио жена старости 18–74 године које су доживјеле неки од облика насиља од стране садашњег или бившег партнера, у протеклих 12 мјесеци (%)",Проценат,Жене,Психолошко насиље,9
2018,"Удио жена старости 18–74 године које су доживјеле неки од облика насиља од стране садашњег или бившег партнера, од 15. године живота (%)",Проценат,Жене,Физичко насиље,11
2018,"Удио жена старости 18–74 године које су доживјеле неки од облика насиља од стране садашњег или бившег партнера, од 15. године живота (%)",Проценат,Жене,Сексуално насиље,3
2018,"Удио жена старости 18–74 године које су доживјеле неки од облика насиља од стране садашњег или бившег партнера, од 15. године живота (%)",Проценат,Жене,Психолошко насиље,36
