Year,SERIES,UNIT_MEASURE,Пол,COMPOSITE_BREAKDOWN,Value
2018,"Удио жена старости 18–74 године које су биле изложене физичком и сексуалном насиљу од стране особа које нису њихов блиски партнер, у протеклих 12 мјесеци (%)",Проценат,Жене,Физичко насиље,2
2018,"Удио жена старости 18–74 године које су биле изложене физичком и сексуалном насиљу од стране особа које нису њихов блиски партнер, у протеклих 12 мјесеци (%)",Проценат,Жене,Сексуално насиље,0
2018,"Удио жена старости 18–74 године које су биле изложене физичком и сексуалном насиљу од стране особа које нису њихов блиски партнер, од 15. године живота (%)",Проценат,Жене,Физичко насиље,7
2018,"Удио жена старости 18–74 године које су биле изложене физичком и сексуалном насиљу од стране особа које нису њихов блиски партнер, од 15. године живота (%)",Проценат,Жене,Сексуално насиље,2
