Year,SERIES,UNIT_MEASURE,Пол,COMPOSITE_BREAKDOWN,Value
2018,VC_VAW_MARR12M,Проценат,Жене,Физичко насиље,3
2018,VC_VAW_MARR12M,Проценат,Жене,Сексуално насиље,0
2018,VC_VAW_MARR12M,Проценат,Жене,Психолошко насиље,9
2018,VC_VAW_MARRY15,Проценат,Жене,Физичко насиље,11
2018,VC_VAW_MARRY15,Проценат,Жене,Сексуално насиље,3
2018,VC_VAW_MARRY15,Проценат,Жене,Психолошко насиље,36
