Year,SERIES,UNIT_MEASURE,Пол,Value
2000,Број мјеста које имају жене у националним парламентима,Број,Жене,3.0
2001,Број мјеста које имају жене у националним парламентима,Број,Жене,3.0
2002,Број мјеста које имају жене у националним парламентима,Број,Жене,7.0
2003,Број мјеста које имају жене у националним парламентима,Број,Жене,7.0
2004,Број мјеста које имају жене у националним парламентима,Број,Жене,7.0
2005,Број мјеста које имају жене у националним парламентима,Број,Жене,7.0
2006,Број мјеста које имају жене у националним парламентима,Број,Жене,7.0
2007,Број мјеста које имају жене у националним парламентима,Број,Жене,6.0
2008,Број мјеста које имају жене у националним парламентима,Број,Жене,5.0
2009,Број мјеста које имају жене у националним парламентима,Број,Жене,5.0
2010,Број мјеста које имају жене у националним парламентима,Број,Жене,8.0
2011,Број мјеста које имају жене у националним парламентима,Број,Жене,7.0
2012,Број мјеста које имају жене у националним парламентима,Број,Жене,9.0
2013,Број мјеста које имају жене у националним парламентима,Број,Жене,9.0
2014,Број мјеста које имају жене у националним парламентима,Број,Жене,9.0
2015,Број мјеста које имају жене у националним парламентима,Број,Жене,9.0
2016,Број мјеста које имају жене у националним парламентима,Број,Жене,9.0
2017,Број мјеста које имају жене у националним парламентима,Број,Жене,9.0
2018,Број мјеста које имају жене у националним парламентима,Број,Жене,9.0
2019,Број мјеста које имају жене у националним парламентима,Број,Жене,9.0
2020,Број мјеста које имају жене у националним парламентима,Број,Жене,9.0
2021,Број мјеста које имају жене у националним парламентима,Број,Жене,11.0
2000,Тренутни број мјеста у националним парламентима (број),Број,Оба пола или без подјеле по полу,42.0
2001,Тренутни број мјеста у националним парламентима (број),Број,Оба пола или без подјеле по полу,42.0
2002,Тренутни број мјеста у националним парламентима (број),Број,Оба пола или без подјеле по полу,42.0
2003,Тренутни број мјеста у националним парламентима (број),Број,Оба пола или без подјеле по полу,42.0
2004,Тренутни број мјеста у националним парламентима (број),Број,Оба пола или без подјеле по полу,42.0
2005,Тренутни број мјеста у националним парламентима (број),Број,Оба пола или без подјеле по полу,42.0
2006,Тренутни број мјеста у националним парламентима (број),Број,Оба пола или без подјеле по полу,42.0
2007,Тренутни број мјеста у националним парламентима (број),Број,Оба пола или без подјеле по полу,42.0
2008,Тренутни број мјеста у националним парламентима (број),Број,Оба пола или без подјеле по полу,42.0
2009,Тренутни број мјеста у националним парламентима (број),Број,Оба пола или без подјеле по полу,42.0
2010,Тренутни број мјеста у националним парламентима (број),Број,Оба пола или без подјеле по полу,42.0
2011,Тренутни број мјеста у националним парламентима (број),Број,Оба пола или без подјеле по полу,42.0
2012,Тренутни број мјеста у националним парламентима (број),Број,Оба пола или без подјеле по полу,42.0
2013,Тренутни број мјеста у националним парламентима (број),Број,Оба пола или без подјеле по полу,42.0
2014,Тренутни број мјеста у националним парламентима (број),Број,Оба пола или без подјеле по полу,42.0
2015,Тренутни број мјеста у националним парламентима (број),Број,Оба пола или без подјеле по полу,42.0
2016,Тренутни број мјеста у националним парламентима (број),Број,Оба пола или без подјеле по полу,42.0
2017,Тренутни број мјеста у националним парламентима (број),Број,Оба пола или без подјеле по полу,42.0
2018,Тренутни број мјеста у националним парламентима (број),Број,Оба пола или без подјеле по полу,42.0
2019,Тренутни број мјеста у националним парламентима (број),Број,Оба пола или без подјеле по полу,42.0
2020,Тренутни број мјеста у националним парламентима (број),Број,Оба пола или без подјеле по полу,42.0
2021,Тренутни број мјеста у националним парламентима (број),Број,Оба пола или без подјеле по полу,42.0
2018,Удио бирачких мјеста које имају жене у савјетодавним тијелима локалне управе,Проценат,Жене,18.6
2020,Удио бирачких мјеста које имају жене у савјетодавним тијелима локалне управе,Проценат,Жене,19.6
2000,Удио мјеста које имају жене у националним парламентима (% од укупног броја мјеста),Проценат,Жене,7.14
2001,Удио мјеста које имају жене у националним парламентима (% од укупног броја мјеста),Проценат,Жене,7.14
2002,Удио мјеста које имају жене у националним парламентима (% од укупног броја мјеста),Проценат,Жене,16.67
2003,Удио мјеста које имају жене у националним парламентима (% од укупног броја мјеста),Проценат,Жене,16.67
2004,Удио мјеста које имају жене у националним парламентима (% од укупног броја мјеста),Проценат,Жене,16.67
2005,Удио мјеста које имају жене у националним парламентима (% од укупног броја мјеста),Проценат,Жене,16.67
2006,Удио мјеста које имају жене у националним парламентима (% од укупног броја мјеста),Проценат,Жене,16.67
2007,Удио мјеста које имају жене у националним парламентима (% од укупног броја мјеста),Проценат,Жене,14.29
2008,Удио мјеста које имају жене у националним парламентима (% од укупног броја мјеста),Проценат,Жене,11.9
2009,Удио мјеста које имају жене у националним парламентима (% од укупног броја мјеста),Проценат,Жене,11.9
2010,Удио мјеста које имају жене у националним парламентима (% од укупног броја мјеста),Проценат,Жене,19.05
2011,Удио мјеста које имају жене у националним парламентима (% од укупног броја мјеста),Проценат,Жене,16.67
2012,Удио мјеста које имају жене у националним парламентима (% од укупног броја мјеста),Проценат,Жене,21.43
2013,Удио мјеста које имају жене у националним парламентима (% од укупног броја мјеста),Проценат,Жене,21.43
2014,Удио мјеста које имају жене у националним парламентима (% од укупног броја мјеста),Проценат,Жене,21.43
2015,Удио мјеста које имају жене у националним парламентима (% од укупног броја мјеста),Проценат,Жене,21.43
2016,Удио мјеста које имају жене у националним парламентима (% од укупног броја мјеста),Проценат,Жене,21.43
2017,Удио мјеста које имају жене у националним парламентима (% од укупног броја мјеста),Проценат,Жене,21.43
2018,Удио мјеста које имају жене у националним парламентима (% од укупног броја мјеста),Проценат,Жене,21.43
2019,Удио мјеста које имају жене у националним парламентима (% од укупног броја мјеста),Проценат,Жене,21.43
2020,Удио мјеста које имају жене у националним парламентима (% од укупног броја мјеста),Проценат,Жене,21.43
2021,Удио мјеста које имају жене у националним парламентима (% од укупног броја мјеста),Проценат,Жене,26.19
2022,Удио мјеста које имају жене у националним парламентима (% од укупног броја мјеста),Проценат,Жене,26.19
