Year,SERIES,UNIT_MEASURE,Степен урбанизације,Unnamed: 5,Unnamed: 6,Unnamed: 7,Unnamed: 8,Unnamed: 9,Unnamed: 10,Unnamed: 11,Unnamed: 12,Value
2011,SH_H2O_SAFE_RWDW,Проценат,Укупно,,,,,,,,,69.5
2015,SH_H2O_SAFE_RWDW,Проценат,Укупно,,,,,,,,,82.2
2011,SH_H2O_SAFE_SPSRS,Проценат,Укупно,,,,,,,,,21.7
2015,SH_H2O_SAFE_SPSRS,Проценат,Укупно,,,,,,,,,15.9
2011,SH_H2O_SAFE_CTAP,Проценат,Укупно,,,,,,,,,7.8
2015,SH_H2O_SAFE_CTAP,Проценат,Укупно,,,,,,,,,0.7
2011,SH_H2O_SAFE_OTH,Проценат,Укупно,,,,,,,,,1.0
2015,SH_H2O_SAFE_OTH,Проценат,Укупно,,,,,,,,,1.2
