Year,SERIES,UNIT_MEASURE,Value
2017,Удио водних тијела са добрим квалитетом амбијенталне воде,Проценат,5.79
2020,Удио водних тијела са добрим квалитетом амбијенталне воде,Проценат,30.58
2017,Удио тијела подземних вода са добрим квалитетом амбијенталне воде,Проценат,16.67
2020,Удио тијела подземних вода са добрим квалитетом амбијенталне воде,Проценат,94.74
2017,Удио отворених водних тијела са добрим квалитетом амбијенталне воде,Проценат,100.0
2020,Удио отворених водних тијела са добрим квалитетом амбијенталне воде,Проценат,100.0
2017,Удио ријечних водних тијела са добрим квалитетом амбијенталне воде,Проценат,4.89
2020,Удио ријечних водних тијела са добрим квалитетом амбијенталне воде,Проценат,28.35
