Year,SERIES,UNIT_MEASURE,Дјелатност,Value
2017,Ефикасност коришћења воде (у америчким доларима по кубном метру),Амерички долар/m3,Индустрије,46.05902
2018,Ефикасност коришћења воде (у америчким доларима по кубном метру),Амерички долар/m3,Индустрије,43.40114
2019,Ефикасност коришћења воде (у америчким доларима по кубном метру),Амерички долар/m3,Индустрије,72.97611
2017,Ефикасност коришћења воде (у америчким доларима по кубном метру),Амерички долар/m3,Услуге (Г до Т),28.93954
2018,Ефикасност коришћења воде (у америчким доларима по кубном метру),Амерички долар/m3,Услуге (Г до Т),33.87362
2019,Ефикасност коришћења воде (у америчким доларима по кубном метру),Амерички долар/m3,Услуге (Г до Т),35.06756
