Year,SERIES,UNIT_MEASURE,Степен урбанизације,Value
2011,Проценат домаћинстава са приступом електричној енергији у главној стамбеној јединици,Проценат,Укупно,99.9
2011,Проценат домаћинстава са приступом електричној енергији у главној стамбеној јединици,Проценат,Урбано,99.9
2011,Проценат домаћинстава са приступом електричној енергији у главној стамбеној јединици,Проценат,Остало,99.9
2015,Проценат домаћинстава са приступом електричној енергији у главној стамбеној јединици,Проценат,Укупно,99.5
2015,Проценат домаћинстава са приступом електричној енергији у главној стамбеној јединици,Проценат,Урбано,99.7
2015,Проценат домаћинстава са приступом електричној енергији у главној стамбеној јединици,Проценат,Остало,99.4
