Year,SERIES,UNIT_MEASURE,COMPOSITE_BREAKDOWN,Unnamed: 5,Unnamed: 6,Unnamed: 7,Unnamed: 8,Unnamed: 9,Unnamed: 10,Unnamed: 11,Unnamed: 12,Unnamed: 13,Unnamed: 14,Unnamed: 15,Unnamed: 16,Unnamed: 17,Unnamed: 18,Unnamed: 19,Unnamed: 20,Unnamed: 21,Unnamed: 22,Value
2009,Обим путника (путнички километри),Хиљаде,_T,,,,,,,,,,,,,,,,,,,29026
2010,Обим путника (путнички километри),Хиљаде,_T,,,,,,,,,,,,,,,,,,,30901
2011,Обим путника (путнички километри),Хиљаде,_T,,,,,,,,,,,,,,,,,,,32488
2012,Обим путника (путнички километри),Хиљаде,_T,,,,,,,,,,,,,,,,,,,32933
2013,Обим путника (путнички километри),Хиљаде,_T,,,,,,,,,,,,,,,,,,,31686
2014,Обим путника (путнички километри),Хиљаде,_T,,,,,,,,,,,,,,,,,,,31554
2015,Обим путника (путнички километри),Хиљаде,_T,,,,,,,,,,,,,,,,,,,29745
2016,Обим путника (путнички километри),Хиљаде,_T,,,,,,,,,,,,,,,,,,,28637
2017,Обим путника (путнички километри),Хиљаде,_T,,,,,,,,,,,,,,,,,,,29451
2018,Обим путника (путнички километри),Хиљаде,_T,,,,,,,,,,,,,,,,,,,27806
2019,Обим путника (путнички километри),Хиљаде,_T,,,,,,,,,,,,,,,,,,,25726
2020,Обим путника (путнички километри),Хиљаде,_T,,,,,,,,,,,,,,,,,,,13543
2021,Обим путника (путнички километри),Хиљаде,_T,,,,,,,,,,,,,,,,,,,15005
2009,Обим путника (путнички километри),Хиљаде,Жељезнички,,,,,,,,,,,,,,,,,,,448
2010,Обим путника (путнички километри),Хиљаде,Жељезнички,,,,,,,,,,,,,,,,,,,402
2011,Обим путника (путнички километри),Хиљаде,Жељезнички,,,,,,,,,,,,,,,,,,,317
2012,Обим путника (путнички километри),Хиљаде,Жељезнички,,,,,,,,,,,,,,,,,,,321
2013,Обим путника (путнички километри),Хиљаде,Жељезнички,,,,,,,,,,,,,,,,,,,211
2014,Обим путника (путнички километри),Хиљаде,Жељезнички,,,,,,,,,,,,,,,,,,,173
2015,Обим путника (путнички километри),Хиљаде,Жељезнички,,,,,,,,,,,,,,,,,,,178
2016,Обим путника (путнички километри),Хиљаде,Жељезнички,,,,,,,,,,,,,,,,,,,160
2017,Обим путника (путнички километри),Хиљаде,Жељезнички,,,,,,,,,,,,,,,,,,,117
2018,Обим путника (путнички километри),Хиљаде,Жељезнички,,,,,,,,,,,,,,,,,,,137
2019,Обим путника (путнички километри),Хиљаде,Жељезнички,,,,,,,,,,,,,,,,,,,160
2020,Обим путника (путнички километри),Хиљаде,Жељезнички,,,,,,,,,,,,,,,,,,,58
2021,Обим путника (путнички километри),Хиљаде,Жељезнички,,,,,,,,,,,,,,,,,,,60
2009,Обим путника (путнички километри),Хиљаде,Друмски,,,,,,,,,,,,,,,,,,,28578
2010,Обим путника (путнички километри),Хиљаде,Друмски,,,,,,,,,,,,,,,,,,,30499
2011,Обим путника (путнички километри),Хиљаде,Друмски,,,,,,,,,,,,,,,,,,,32171
2012,Обим путника (путнички километри),Хиљаде,Друмски,,,,,,,,,,,,,,,,,,,32612
2013,Обим путника (путнички километри),Хиљаде,Друмски,,,,,,,,,,,,,,,,,,,31745
2014,Обим путника (путнички километри),Хиљаде,Друмски,,,,,,,,,,,,,,,,,,,31381
2015,Обим путника (путнички километри),Хиљаде,Друмски,,,,,,,,,,,,,,,,,,,29567
2016,Обим путника (путнички километри),Хиљаде,Друмски,,,,,,,,,,,,,,,,,,,28477
2017,Обим путника (путнички километри),Хиљаде,Друмски,,,,,,,,,,,,,,,,,,,29334
2018,Обим путника (путнички километри),Хиљаде,Друмски,,,,,,,,,,,,,,,,,,,27670
2019,Обим путника (путнички километри),Хиљаде,Друмски,,,,,,,,,,,,,,,,,,,25566
2020,Обим путника (путнички километри),Хиљаде,Друмски,,,,,,,,,,,,,,,,,,,13485
2021,Обим путника (путнички километри),Хиљаде,Друмски,,,,,,,,,,,,,,,,,,,14945
2009,Обим путника (путнички километри),P_KM_MIL,_T,,,,,,,,,,,,,,,,,,,477
2010,Обим путника (путнички километри),P_KM_MIL,_T,,,,,,,,,,,,,,,,,,,474
2011,Обим путника (путнички километри),P_KM_MIL,_T,,,,,,,,,,,,,,,,,,,480
2012,Обим путника (путнички километри),P_KM_MIL,_T,,,,,,,,,,,,,,,,,,,586
2013,Обим путника (путнички километри),P_KM_MIL,_T,,,,,,,,,,,,,,,,,,,472
2014,Обим путника (путнички километри),P_KM_MIL,_T,,,,,,,,,,,,,,,,,,,444
2015,Обим путника (путнички километри),P_KM_MIL,_T,,,,,,,,,,,,,,,,,,,418
2016,Обим путника (путнички километри),P_KM_MIL,_T,,,,,,,,,,,,,,,,,,,396
2017,Обим путника (путнички километри),P_KM_MIL,_T,,,,,,,,,,,,,,,,,,,425
2018,Обим путника (путнички километри),P_KM_MIL,_T,,,,,,,,,,,,,,,,,,,379
2019,Обим путника (путнички километри),P_KM_MIL,_T,,,,,,,,,,,,,,,,,,,353
2020,Обим путника (путнички километри),P_KM_MIL,_T,,,,,,,,,,,,,,,,,,,180
2021,Обим путника (путнички километри),P_KM_MIL,_T,,,,,,,,,,,,,,,,,,,239
2009,Обим путника (путнички километри),P_KM_MIL,Жељезнички,,,,,,,,,,,,,,,,,,,27
2010,Обим путника (путнички километри),P_KM_MIL,Жељезнички,,,,,,,,,,,,,,,,,,,25
2011,Обим путника (путнички километри),P_KM_MIL,Жељезнички,,,,,,,,,,,,,,,,,,,22
2012,Обим путника (путнички километри),P_KM_MIL,Жељезнички,,,,,,,,,,,,,,,,,,,23
2013,Обим путника (путнички километри),P_KM_MIL,Жељезнички,,,,,,,,,,,,,,,,,,,15
2014,Обим путника (путнички километри),P_KM_MIL,Жељезнички,,,,,,,,,,,,,,,,,,,12
2015,Обим путника (путнички километри),P_KM_MIL,Жељезнички,,,,,,,,,,,,,,,,,,,13
2016,Обим путника (путнички километри),P_KM_MIL,Жељезнички,,,,,,,,,,,,,,,,,,,11
2017,Обим путника (путнички километри),P_KM_MIL,Жељезнички,,,,,,,,,,,,,,,,,,,7
2018,Обим путника (путнички километри),P_KM_MIL,Жељезнички,,,,,,,,,,,,,,,,,,,9
2019,Обим путника (путнички километри),P_KM_MIL,Жељезнички,,,,,,,,,,,,,,,,,,,15
2020,Обим путника (путнички километри),P_KM_MIL,Жељезнички,,,,,,,,,,,,,,,,,,,4
2021,Обим путника (путнички километри),P_KM_MIL,Жељезнички,,,,,,,,,,,,,,,,,,,3
2009,Обим путника (путнички километри),P_KM_MIL,Друмски,,,,,,,,,,,,,,,,,,,450
2010,Обим путника (путнички километри),P_KM_MIL,Друмски,,,,,,,,,,,,,,,,,,,449
2011,Обим путника (путнички километри),P_KM_MIL,Друмски,,,,,,,,,,,,,,,,,,,458
2012,Обим путника (путнички километри),P_KM_MIL,Друмски,,,,,,,,,,,,,,,,,,,563
2013,Обим путника (путнички километри),P_KM_MIL,Друмски,,,,,,,,,,,,,,,,,,,457
2014,Обим путника (путнички километри),P_KM_MIL,Друмски,,,,,,,,,,,,,,,,,,,432
2015,Обим путника (путнички километри),P_KM_MIL,Друмски,,,,,,,,,,,,,,,,,,,405
2016,Обим путника (путнички километри),P_KM_MIL,Друмски,,,,,,,,,,,,,,,,,,,385
2017,Обим путника (путнички километри),P_KM_MIL,Друмски,,,,,,,,,,,,,,,,,,,418
2018,Обим путника (путнички километри),P_KM_MIL,Друмски,,,,,,,,,,,,,,,,,,,370
2019,Обим путника (путнички километри),P_KM_MIL,Друмски,,,,,,,,,,,,,,,,,,,342
2020,Обим путника (путнички километри),P_KM_MIL,Друмски,,,,,,,,,,,,,,,,,,,176
2021,Обим путника (путнички километри),P_KM_MIL,Друмски,,,,,,,,,,,,,,,,,,,236
2009,Обим терета (тонски километри),OOOт,_T,,,,,,,,,,,,,,,,,,,5498
2010,Обим терета (тонски километри),OOOт,_T,,,,,,,,,,,,,,,,,,,6534
2011,Обим терета (тонски километри),OOOт,_T,,,,,,,,,,,,,,,,,,,6932
2012,Обим терета (тонски километри),OOOт,_T,,,,,,,,,,,,,,,,,,,7435
2013,Обим терета (тонски километри),OOOт,_T,,,,,,,,,,,,,,,,,,,7635
2014,Обим терета (тонски километри),OOOт,_T,,,,,,,,,,,,,,,,,,,7674
2015,Обим терета (тонски километри),OOOт,_T,,,,,,,,,,,,,,,,,,,8711
2016,Обим терета (тонски километри),OOOт,_T,,,,,,,,,,,,,,,,,,,7938
2017,Обим терета (тонски километри),OOOт,_T,,,,,,,,,,,,,,,,,,,8549
2018,Обим терета (тонски километри),OOOт,_T,,,,,,,,,,,,,,,,,,,8753
2019,Обим терета (тонски километри),OOOт,_T,,,,,,,,,,,,,,,,,,,7507
2020,Обим терета (тонски километри),OOOт,_T,,,,,,,,,,,,,,,,,,,6780
2021,Обим терета (тонски километри),OOOт,_T,,,,,,,,,,,,,,,,,,,7805
2009,Обим терета (тонски километри),OOOт,Жељезнички,,,,,,,,,,,,,,,,,,,4101
2010,Обим терета (тонски километри),OOOт,Жељезнички,,,,,,,,,,,,,,,,,,,5087
2011,Обим терета (тонски километри),OOOт,Жељезнички,,,,,,,,,,,,,,,,,,,5191
2012,Обим терета (тонски километри),OOOт,Жељезнички,,,,,,,,,,,,,,,,,,,5372
2013,Обим терета (тонски километри),OOOт,Жељезнички,,,,,,,,,,,,,,,,,,,5191
2014,Обим терета (тонски километри),OOOт,Жељезнички,,,,,,,,,,,,,,,,,,,5009
2015,Обим терета (тонски километри),OOOт,Жељезнички,,,,,,,,,,,,,,,,,,,4964
2016,Обим терета (тонски километри),OOOт,Жељезнички,,,,,,,,,,,,,,,,,,,4416
2017,Обим терета (тонски километри),OOOт,Жељезнички,,,,,,,,,,,,,,,,,,,4529
2018,Обим терета (тонски километри),OOOт,Жељезнички,,,,,,,,,,,,,,,,,,,4569
2019,Обим терета (тонски километри),OOOт,Жељезнички,,,,,,,,,,,,,,,,,,,4567
2020,Обим терета (тонски километри),OOOт,Жељезнички,,,,,,,,,,,,,,,,,,,3798
2021,Обим терета (тонски километри),OOOт,Жељезнички,,,,,,,,,,,,,,,,,,,4385
2009,Обим терета (тонски километри),OOOт,Друмски,,,,,,,,,,,,,,,,,,,1397
2010,Обим терета (тонски километри),OOOт,Друмски,,,,,,,,,,,,,,,,,,,1447
2011,Обим терета (тонски километри),OOOт,Друмски,,,,,,,,,,,,,,,,,,,1741
2012,Обим терета (тонски километри),OOOт,Друмски,,,,,,,,,,,,,,,,,,,2063
2013,Обим терета (тонски километри),OOOт,Друмски,,,,,,,,,,,,,,,,,,,2444
2014,Обим терета (тонски километри),OOOт,Друмски,,,,,,,,,,,,,,,,,,,2665
2015,Обим терета (тонски километри),OOOт,Друмски,,,,,,,,,,,,,,,,,,,3747
2016,Обим терета (тонски километри),OOOт,Друмски,,,,,,,,,,,,,,,,,,,3522
2017,Обим терета (тонски километри),OOOт,Друмски,,,,,,,,,,,,,,,,,,,4020
2018,Обим терета (тонски километри),OOOт,Друмски,,,,,,,,,,,,,,,,,,,4184
2019,Обим терета (тонски километри),OOOт,Друмски,,,,,,,,,,,,,,,,,,,2940
2020,Обим терета (тонски километри),OOOт,Друмски,,,,,,,,,,,,,,,,,,,2982
2021,Обим терета (тонски километри),OOOт,Друмски,,,,,,,,,,,,,,,,,,,3420
2009,Обим терета (тонски километри),T_KM_MIL,_T,,,,,,,,,,,,,,,,,,,947
2010,Обим терета (тонски километри),T_KM_MIL,_T,,,,,,,,,,,,,,,,,,,1076
2011,Обим терета (тонски километри),T_KM_MIL,_T,,,,,,,,,,,,,,,,,,,1431
2012,Обим терета (тонски километри),T_KM_MIL,_T,,,,,,,,,,,,,,,,,,,1399
2013,Обим терета (тонски километри),T_KM_MIL,_T,,,,,,,,,,,,,,,,,,,1556
2014,Обим терета (тонски километри),T_KM_MIL,_T,,,,,,,,,,,,,,,,,,,1651
2015,Обим терета (тонски километри),T_KM_MIL,_T,,,,,,,,,,,,,,,,,,,1768
2016,Обим терета (тонски километри),T_KM_MIL,_T,,,,,,,,,,,,,,,,,,,1723
2017,Обим терета (тонски километри),T_KM_MIL,_T,,,,,,,,,,,,,,,,,,,1931
2018,Обим терета (тонски километри),T_KM_MIL,_T,,,,,,,,,,,,,,,,,,,1877
2019,Обим терета (тонски километри),T_KM_MIL,_T,,,,,,,,,,,,,,,,,,,1881
2020,Обим терета (тонски километри),T_KM_MIL,_T,,,,,,,,,,,,,,,,,,,1709
2021,Обим терета (тонски километри),T_KM_MIL,_T,,,,,,,,,,,,,,,,,,,1846
2009,Обим терета (тонски километри),T_KM_MIL,Жељезнички,,,,,,,,,,,,,,,,,,,327
2010,Обим терета (тонски километри),T_KM_MIL,Жељезнички,,,,,,,,,,,,,,,,,,,387
2011,Обим терета (тонски километри),T_KM_MIL,Жељезнички,,,,,,,,,,,,,,,,,,,425
2012,Обим терета (тонски километри),T_KM_MIL,Жељезнички,,,,,,,,,,,,,,,,,,,457
2013,Обим терета (тонски километри),T_KM_MIL,Жељезнички,,,,,,,,,,,,,,,,,,,455
2014,Обим терета (тонски километри),T_KM_MIL,Жељезнички,,,,,,,,,,,,,,,,,,,428
2015,Обим терета (тонски километри),T_KM_MIL,Жељезнички,,,,,,,,,,,,,,,,,,,450
2016,Обим терета (тонски километри),T_KM_MIL,Жељезнички,,,,,,,,,,,,,,,,,,,374
2017,Обим терета (тонски километри),T_KM_MIL,Жељезнички,,,,,,,,,,,,,,,,,,,386
2018,Обим терета (тонски километри),T_KM_MIL,Жељезнички,,,,,,,,,,,,,,,,,,,372
2019,Обим терета (тонски километри),T_KM_MIL,Жељезнички,,,,,,,,,,,,,,,,,,,403
2020,Обим терета (тонски километри),T_KM_MIL,Жељезнички,,,,,,,,,,,,,,,,,,,363
2021,Обим терета (тонски километри),T_KM_MIL,Жељезнички,,,,,,,,,,,,,,,,,,,380
2009,Обим терета (тонски километри),T_KM_MIL,Друмски,,,,,,,,,,,,,,,,,,,620
2010,Обим терета (тонски километри),T_KM_MIL,Друмски,,,,,,,,,,,,,,,,,,,689
2011,Обим терета (тонски километри),T_KM_MIL,Друмски,,,,,,,,,,,,,,,,,,,1006
2012,Обим терета (тонски километри),T_KM_MIL,Друмски,,,,,,,,,,,,,,,,,,,942
2013,Обим терета (тонски километри),T_KM_MIL,Друмски,,,,,,,,,,,,,,,,,,,1101
2014,Обим терета (тонски километри),T_KM_MIL,Друмски,,,,,,,,,,,,,,,,,,,1223
2015,Обим терета (тонски километри),T_KM_MIL,Друмски,,,,,,,,,,,,,,,,,,,1318
2016,Обим терета (тонски километри),T_KM_MIL,Друмски,,,,,,,,,,,,,,,,,,,1341
2017,Обим терета (тонски километри),T_KM_MIL,Друмски,,,,,,,,,,,,,,,,,,,1545
2018,Обим терета (тонски километри),T_KM_MIL,Друмски,,,,,,,,,,,,,,,,,,,1505
2019,Обим терета (тонски километри),T_KM_MIL,Друмски,,,,,,,,,,,,,,,,,,,1477
2020,Обим терета (тонски километри),T_KM_MIL,Друмски,,,,,,,,,,,,,,,,,,,1346
2021,Обим терета (тонски километри),T_KM_MIL,Друмски,,,,,,,,,,,,,,,,,,,1466
