Year,SERIES,UNIT_MEASURE,Привредна активност,Value
2017,Удио малих индустрија у укупној додатој вриједности индустрије,Проценат,IND_SEC,8.7
2018,Удио малих индустрија у укупној додатој вриједности индустрије,Проценат,IND_SEC,8.5
2019,Удио малих индустрија у укупној додатој вриједности индустрије,Проценат,IND_SEC,10.3
2020,Удио малих индустрија у укупној додатој вриједности индустрије,Проценат,IND_SEC,10.3
2021,Удио малих индустрија у укупној додатој вриједности индустрије,Проценат,IND_SEC,8.9
