Year,SERIES,UNIT_MEASURE,Дјелатност,Value
2017,NV_IND_SSIS,Проценат,"Индустријска подручја (B, C, D, E)",8.7
2018,NV_IND_SSIS,Проценат,"Индустријска подручја (B, C, D, E)",8.5
2019,NV_IND_SSIS,Проценат,"Индустријска подручја (B, C, D, E)",10.3
2020,NV_IND_SSIS,Проценат,"Индустријска подручја (B, C, D, E)",10.3
2021,NV_IND_SSIS,Проценат,"Индустријска подручја (B, C, D, E)",8.9
