Year,SERIES,UNIT_MEASURE,Дјелатност,Value
2000,Емисије угљен-диоксида изгарањем горива,Милиони тона,Производња искљ. кокса и рафинираних нафтних деривата те поправак и уградња машина и опреме,1.504
2001,Емисије угљен-диоксида изгарањем горива,Милиони тона,Производња искљ. кокса и рафинираних нафтних деривата те поправак и уградња машина и опреме,1.334
2002,Емисије угљен-диоксида изгарањем горива,Милиони тона,Производња искљ. кокса и рафинираних нафтних деривата те поправак и уградња машина и опреме,1.49
2003,Емисије угљен-диоксида изгарањем горива,Милиони тона,Производња искљ. кокса и рафинираних нафтних деривата те поправак и уградња машина и опреме,0.389
2004,Емисије угљен-диоксида изгарањем горива,Милиони тона,Производња искљ. кокса и рафинираних нафтних деривата те поправак и уградња машина и опреме,0.809
2005,Емисије угљен-диоксида изгарањем горива,Милиони тона,Производња искљ. кокса и рафинираних нафтних деривата те поправак и уградња машина и опреме,1.068
2006,Емисије угљен-диоксида изгарањем горива,Милиони тона,Производња искљ. кокса и рафинираних нафтних деривата те поправак и уградња машина и опреме,1.133
2007,Емисије угљен-диоксида изгарањем горива,Милиони тона,Производња искљ. кокса и рафинираних нафтних деривата те поправак и уградња машина и опреме,1.211
2008,Емисије угљен-диоксида изгарањем горива,Милиони тона,Производња искљ. кокса и рафинираних нафтних деривата те поправак и уградња машина и опреме,1.276
2009,Емисије угљен-диоксида изгарањем горива,Милиони тона,Производња искљ. кокса и рафинираних нафтних деривата те поправак и уградња машина и опреме,1.364
2010,Емисије угљен-диоксида изгарањем горива,Милиони тона,Производња искљ. кокса и рафинираних нафтних деривата те поправак и уградња машина и опреме,1.603
2011,Емисије угљен-диоксида изгарањем горива,Милиони тона,Производња искљ. кокса и рафинираних нафтних деривата те поправак и уградња машина и опреме,1.781
2012,Емисије угљен-диоксида изгарањем горива,Милиони тона,Производња искљ. кокса и рафинираних нафтних деривата те поправак и уградња машина и опреме,1.803
2013,Емисије угљен-диоксида изгарањем горива,Милиони тона,Производња искљ. кокса и рафинираних нафтних деривата те поправак и уградња машина и опреме,2.111
2014,Емисије угљен-диоксида изгарањем горива,Милиони тона,Производња искљ. кокса и рафинираних нафтних деривата те поправак и уградња машина и опреме,1.914
2015,Емисије угљен-диоксида изгарањем горива,Милиони тона,Производња искљ. кокса и рафинираних нафтних деривата те поправак и уградња машина и опреме,2.0
2016,Емисије угљен-диоксида изгарањем горива,Милиони тона,Производња искљ. кокса и рафинираних нафтних деривата те поправак и уградња машина и опреме,1.9
2017,Емисије угљен-диоксида изгарањем горива,Милиони тона,Производња искљ. кокса и рафинираних нафтних деривата те поправак и уградња машина и опреме,1.994
2018,Емисије угљен-диоксида изгарањем горива,Милиони тона,Производња искљ. кокса и рафинираних нафтних деривата те поправак и уградња машина и опреме,2.229
2019,Емисије угљен-диоксида изгарањем горива,Милиони тона,Производња искљ. кокса и рафинираних нафтних деривата те поправак и уградња машина и опреме,2.122
2000,Емисије угљен-диоксида изгарањем горива,Милиони тона,Без подјеле,13.72
2001,Емисије угљен-диоксида изгарањем горива,Милиони тона,Без подјеле,13.5
2002,Емисије угљен-диоксида изгарањем горива,Милиони тона,Без подјеле,14.22
2003,Емисије угљен-диоксида изгарањем горива,Милиони тона,Без подјеле,14.55
2004,Емисије угљен-диоксида изгарањем горива,Милиони тона,Без подјеле,15.19
2005,Емисије угљен-диоксида изгарањем горива,Милиони тона,Без подјеле,15.86
2006,Емисије угљен-диоксида изгарањем горива,Милиони тона,Без подјеле,17.46
2007,Емисије угљен-диоксида изгарањем горива,Милиони тона,Без подјеле,18.42
2008,Емисије угљен-диоксида изгарањем горива,Милиони тона,Без подјеле,20.24
2009,Емисије угљен-диоксида изгарањем горива,Милиони тона,Без подјеле,20.21
2010,Емисије угљен-диоксида изгарањем горива,Милиони тона,Без подјеле,20.48
2011,Емисије угљен-диоксида изгарањем горива,Милиони тона,Без подјеле,23.4
2012,Емисије угљен-диоксида изгарањем горива,Милиони тона,Без подјеле,21.65
2013,Емисије угљен-диоксида изгарањем горива,Милиони тона,Без подјеле,21.51
2014,Емисије угљен-диоксида изгарањем горива,Милиони тона,Без подјеле,19.17
2015,Емисије угљен-диоксида изгарањем горива,Милиони тона,Без подјеле,19.31
2016,Емисије угљен-диоксида изгарањем горива,Милиони тона,Без подјеле,22.02
2017,Емисије угљен-диоксида изгарањем горива,Милиони тона,Без подјеле,22.33
2018,Емисије угљен-диоксида изгарањем горива,Милиони тона,Без подјеле,22.22
2019,Емисије угљен-диоксида изгарањем горива,Милиони тона,Без подјеле,20.69
2000,Емисије угљен-диоксида по јединици БДП-а (килограми CO2 по константи у америчким доларима из 2017.),Килограми по константи америчког долара,,0.514
2001,Емисије угљен-диоксида по јединици БДП-а (килограми CO2 по константи у америчким доларима из 2017.),Килограми по константи америчког долара,,0.485
2002,Емисије угљен-диоксида по јединици БДП-а (килограми CO2 по константи у америчким доларима из 2017.),Килограми по константи америчког долара,,0.485
2003,Емисије угљен-диоксида по јединици БДП-а (килограми CO2 по константи у америчким доларима из 2017.),Килограми по константи америчког долара,,0.477
2004,Емисије угљен-диоксида по јединици БДП-а (килограми CO2 по константи у америчким доларима из 2017.),Килограми по константи америчког долара,,0.469
2005,Емисије угљен-диоксида по јединици БДП-а (килограми CO2 по константи у америчким доларима из 2017.),Килограми по константи америчког долара,,0.45
2006,Емисије угљен-диоксида по јединици БДП-а (килограми CO2 по константи у америчким доларима из 2017.),Килограми по константи америчког долара,,0.47
2007,Емисије угљен-диоксида по јединици БДП-а (килограми CO2 по константи у америчким доларима из 2017.),Килограми по константи америчког долара,,0.466
2008,Емисије угљен-диоксида по јединици БДП-а (килограми CO2 по константи у америчким доларима из 2017.),Килограми по константи америчког долара,,0.489
2009,Емисије угљен-диоксида по јединици БДП-а (килограми CO2 по константи у америчким доларима из 2017.),Килограми по константи америчког долара,,0.503
2010,Емисије угљен-диоксида по јединици БДП-а (килограми CO2 по константи у америчким доларима из 2017.),Килограми по константи америчког долара,,0.505
2011,Емисије угљен-диоксида по јединици БДП-а (килограми CO2 по константи у америчким доларима из 2017.),Килограми по константи америчког долара,,0.572
2012,Емисије угљен-диоксида по јединици БДП-а (килограми CO2 по константи у америчким доларима из 2017.),Килограми по константи америчког долара,,0.533
2013,Емисије угљен-диоксида по јединици БДП-а (килограми CO2 по константи у америчким доларима из 2017.),Килограми по константи америчког долара,,0.518
2014,Емисије угљен-диоксида по јединици БДП-а (килограми CO2 по константи у америчким доларима из 2017.),Килограми по константи америчког долара,,0.456
2015,Емисије угљен-диоксида по јединици БДП-а (килограми CO2 по константи у америчким доларима из 2017.),Килограми по константи америчког долара,,0.446
2016,Емисије угљен-диоксида по јединици БДП-а (килограми CO2 по константи у америчким доларима из 2017.),Килограми по константи америчког долара,,0.493
2017,Емисије угљен-диоксида по јединици БДП-а (килограми CO2 по константи у америчким доларима из 2017.),Килограми по константи америчког долара,,0.484
2018,Емисије угљен-диоксида по јединици БДП-а (килограми CO2 по константи у америчким доларима из 2017.),Килограми по константи америчког долара,,0.465
2019,Емисије угљен-диоксида по јединици БДП-а (килограми CO2 по константи у америчким доларима из 2017.),Килограми по константи америчког долара,,0.421
2000,Емисије угљен-диоксида по јединици додате вриједности производње (килограми CO2 по константи у америчким доларима из 2015.),Килограми по константи америчког долара,Прерађивачка индустрија,1.705
2001,Емисије угљен-диоксида по јединици додате вриједности производње (килограми CO2 по константи у америчким доларима из 2015.),Килограми по константи америчког долара,Прерађивачка индустрија,1.42
2002,Емисије угљен-диоксида по јединици додате вриједности производње (килограми CO2 по константи у америчким доларима из 2015.),Килограми по константи америчког долара,Прерађивачка индустрија,1.464
2003,Емисије угљен-диоксида по јединици додате вриједности производње (килограми CO2 по константи у америчким доларима из 2015.),Килограми по константи америчког долара,Прерађивачка индустрија,0.371
2004,Емисије угљен-диоксида по јединици додате вриједности производње (килограми CO2 по константи у америчким доларима из 2015.),Килограми по константи америчког долара,Прерађивачка индустрија,0.737
2005,Емисије угљен-диоксида по јединици додате вриједности производње (килограми CO2 по константи у америчким доларима из 2015.),Килограми по константи америчког долара,Прерађивачка индустрија,0.89
2006,Емисије угљен-диоксида по јединици додате вриједности производње (килограми CO2 по константи у америчким доларима из 2015.),Килограми по константи америчког долара,Прерађивачка индустрија,0.826
2007,Емисије угљен-диоксида по јединици додате вриједности производње (килограми CO2 по константи у америчким доларима из 2015.),Килограми по константи америчког долара,Прерађивачка индустрија,0.798
2008,Емисије угљен-диоксида по јединици додате вриједности производње (килограми CO2 по константи у америчким доларима из 2015.),Килограми по константи америчког долара,Прерађивачка индустрија,0.79
2009,Емисије угљен-диоксида по јединици додате вриједности производње (килограми CO2 по константи у америчким доларима из 2015.),Килограми по константи америчког долара,Прерађивачка индустрија,0.893
2010,Емисије угљен-диоксида по јединици додате вриједности производње (килограми CO2 по константи у америчким доларима из 2015.),Килограми по константи америчког долара,Прерађивачка индустрија,0.979
2011,Емисије угљен-диоксида по јединици додате вриједности производње (килограми CO2 по константи у америчким доларима из 2015.),Килограми по константи америчког долара,Прерађивачка индустрија,1.088
2012,Емисије угљен-диоксида по јединици додате вриједности производње (килограми CO2 по константи у америчким доларима из 2015.),Килограми по константи америчког долара,Прерађивачка индустрија,1.11
2013,Емисије угљен-диоксида по јединици додате вриједности производње (килограми CO2 по константи у америчким доларима из 2015.),Килограми по константи америчког долара,Прерађивачка индустрија,1.238
2014,Емисије угљен-диоксида по јединици додате вриједности производње (килограми CO2 по константи у америчким доларима из 2015.),Килограми по константи америчког долара,Прерађивачка индустрија,1.076
2015,Емисије угљен-диоксида по јединици додате вриједности производње (килограми CO2 по константи у америчким доларима из 2015.),Килограми по константи америчког долара,Прерађивачка индустрија,1.057
2016,Емисије угљен-диоксида по јединици додате вриједности производње (килограми CO2 по константи у америчким доларима из 2015.),Килограми по константи америчког долара,Прерађивачка индустрија,0.953
2017,Емисије угљен-диоксида по јединици додате вриједности производње (килограми CO2 по константи у америчким доларима из 2015.),Килограми по константи америчког долара,Прерађивачка индустрија,0.923
2018,Емисије угљен-диоксида по јединици додате вриједности производње (килограми CO2 по константи у америчким доларима из 2015.),Килограми по константи америчког долара,Прерађивачка индустрија,1.014
2019,Емисије угљен-диоксида по јединици додате вриједности производње (килограми CO2 по константи у америчким доларима из 2015.),Килограми по константи америчког долара,Прерађивачка индустрија,0.965
