Year,SERIES,UNIT_MEASURE,COMPOSITE_BREAKDOWN,Value
2009,Расходи за истраживање и развој као удио у БДП-у,Проценат,,0.3
2010,Расходи за истраживање и развој као удио у БДП-у,Проценат,,0.25
2011,Расходи за истраживање и развој као удио у БДП-у,Проценат,,0.3
2012,Расходи за истраживање и развој као удио у БДП-у,Проценат,,0.4
2013,Расходи за истраживање и развој као удио у БДП-у,Проценат,,0.56
2014,Расходи за истраживање и развој као удио у БДП-у,Проценат,,0.2
2015,Расходи за истраживање и развој као удио у БДП-у,Проценат,,0.19
2016,Расходи за истраживање и развој као удио у БДП-у,Проценат,,0.17
2017,Расходи за истраживање и развој као удио у БДП-у,Проценат,,0.17
2018,Расходи за истраживање и развој као удио у БДП-у,Проценат,,0.17
2019,Расходи за истраживање и развој као удио у БДП-у,Проценат,,0.16
2020,Расходи за истраживање и развој као удио у БДП-у,Проценат,,0.18
2021,Расходи за истраживање и развој као удио у БДП-у,Проценат,,0.2
2009,GB_XPD_RSDSEC,у хиљадама КМ,_T,24566.0
2010,GB_XPD_RSDSEC,у хиљадама КМ,_T,20779.0
2011,GB_XPD_RSDSEC,у хиљадама КМ,_T,26191.0
2012,GB_XPD_RSDSEC,у хиљадама КМ,_T,34297.0
2013,GB_XPD_RSDSEC,у хиљадама КМ,_T,49035.0
2014,GB_XPD_RSDSEC,у хиљадама КМ,_T,17839.0
2015,GB_XPD_RSDSEC,у хиљадама КМ,_T,17935.0
2016,GB_XPD_RSDSEC,у хиљадама КМ,_T,16736.0
2017,GB_XPD_RSDSEC,у хиљадама КМ,_T,17196.0
2018,GB_XPD_RSDSEC,у хиљадама КМ,_T,18341.0
2019,GB_XPD_RSDSEC,у хиљадама КМ,_T,17687.0
2020,GB_XPD_RSDSEC,у хиљадама КМ,_T,20289.0
2021,GB_XPD_RSDSEC,у хиљадама КМ,_T,25394.0
2009,GB_XPD_RSDSEC,у хиљадама КМ,RD_SECBUS,10017.0
2010,GB_XPD_RSDSEC,у хиљадама КМ,RD_SECBUS,8520.0
2011,GB_XPD_RSDSEC,у хиљадама КМ,RD_SECBUS,15526.0
2012,GB_XPD_RSDSEC,у хиљадама КМ,RD_SECBUS,27430.0
2013,GB_XPD_RSDSEC,у хиљадама КМ,RD_SECBUS,43541.0
2014,GB_XPD_RSDSEC,у хиљадама КМ,RD_SECBUS,10614.0
2015,GB_XPD_RSDSEC,у хиљадама КМ,RD_SECBUS,9780.0
2016,GB_XPD_RSDSEC,у хиљадама КМ,RD_SECBUS,11376.0
2017,GB_XPD_RSDSEC,у хиљадама КМ,RD_SECBUS,10932.0
2018,GB_XPD_RSDSEC,у хиљадама КМ,RD_SECBUS,11173.0
2019,GB_XPD_RSDSEC,у хиљадама КМ,RD_SECBUS,9636.0
2020,GB_XPD_RSDSEC,у хиљадама КМ,RD_SECBUS,11693.0
2021,GB_XPD_RSDSEC,у хиљадама КМ,RD_SECBUS,13612.0
2009,GB_XPD_RSDSEC,у хиљадама КМ,RD_SECGOV,1670.0
2010,GB_XPD_RSDSEC,у хиљадама КМ,RD_SECGOV,2019.0
2011,GB_XPD_RSDSEC,у хиљадама КМ,RD_SECGOV,3592.0
2012,GB_XPD_RSDSEC,у хиљадама КМ,RD_SECGOV,1946.0
2013,GB_XPD_RSDSEC,у хиљадама КМ,RD_SECGOV,924.0
2014,GB_XPD_RSDSEC,у хиљадама КМ,RD_SECGOV,1598.0
2015,GB_XPD_RSDSEC,у хиљадама КМ,RD_SECGOV,2450.0
2016,GB_XPD_RSDSEC,у хиљадама КМ,RD_SECGOV,827.0
2017,GB_XPD_RSDSEC,у хиљадама КМ,RD_SECGOV,1425.0
2018,GB_XPD_RSDSEC,у хиљадама КМ,RD_SECGOV,1235.0
2019,GB_XPD_RSDSEC,у хиљадама КМ,RD_SECGOV,1357.0
2020,GB_XPD_RSDSEC,у хиљадама КМ,RD_SECGOV,1494.0
2021,GB_XPD_RSDSEC,у хиљадама КМ,RD_SECGOV,1609.0
2009,GB_XPD_RSDSEC,у хиљадама КМ,RD_SECHEDU,12879.0
2010,GB_XPD_RSDSEC,у хиљадама КМ,RD_SECHEDU,10091.0
2011,GB_XPD_RSDSEC,у хиљадама КМ,RD_SECHEDU,7031.0
2012,GB_XPD_RSDSEC,у хиљадама КМ,RD_SECHEDU,4875.0
2013,GB_XPD_RSDSEC,у хиљадама КМ,RD_SECHEDU,4464.0
2014,GB_XPD_RSDSEC,у хиљадама КМ,RD_SECHEDU,4845.0
2015,GB_XPD_RSDSEC,у хиљадама КМ,RD_SECHEDU,5225.0
2016,GB_XPD_RSDSEC,у хиљадама КМ,RD_SECHEDU,3954.0
2017,GB_XPD_RSDSEC,у хиљадама КМ,RD_SECHEDU,4425.0
2018,GB_XPD_RSDSEC,у хиљадама КМ,RD_SECHEDU,5291.0
2019,GB_XPD_RSDSEC,у хиљадама КМ,RD_SECHEDU,6661.0
2020,GB_XPD_RSDSEC,у хиљадама КМ,RD_SECHEDU,7102.0
2021,GB_XPD_RSDSEC,у хиљадама КМ,RD_SECHEDU,10173.0
2009,GB_XPD_RSDSEC,у хиљадама КМ,RD_SECNPT,0.0
2010,GB_XPD_RSDSEC,у хиљадама КМ,RD_SECNPT,149.0
2011,GB_XPD_RSDSEC,у хиљадама КМ,RD_SECNPT,42.0
2012,GB_XPD_RSDSEC,у хиљадама КМ,RD_SECNPT,46.0
2013,GB_XPD_RSDSEC,у хиљадама КМ,RD_SECNPT,106.0
2014,GB_XPD_RSDSEC,у хиљадама КМ,RD_SECNPT,782.0
2015,GB_XPD_RSDSEC,у хиљадама КМ,RD_SECNPT,480.0
2016,GB_XPD_RSDSEC,у хиљадама КМ,RD_SECNPT,579.0
2017,GB_XPD_RSDSEC,у хиљадама КМ,RD_SECNPT,414.0
2018,GB_XPD_RSDSEC,у хиљадама КМ,RD_SECNPT,642.0
2019,GB_XPD_RSDSEC,у хиљадама КМ,RD_SECNPT,33.0
2020,GB_XPD_RSDSEC,у хиљадама КМ,RD_SECNPT,0.0
2021,GB_XPD_RSDSEC,у хиљадама КМ,RD_SECNPT,0.0
