Year,UNIT_MEASURE,Тип,Value
a)Јануар,у хиљадама КМ,Извоз 2019,856376
b)Фебруар,у хиљадама КМ,Извоз 2019,926443
c)Март,у хиљадама КМ,Извоз 2019,989133
d)Април,у хиљадама КМ,Извоз 2019,1034867
e)Мај,у хиљадама КМ,Извоз 2019,1028163
f)Јун,у хиљадама КМ,Извоз 2019,995601
g)Јул,у хиљадама КМ,Извоз 2019,1005663
h)Август,у хиљадама КМ,Извоз 2019,844904
i)Септембар,у хиљадама КМ,Извоз 2019,983719
j)Октобар,у хиљадама КМ,Извоз 2019,1013456
k)Новембар,у хиљадама КМ,Извоз 2019,981349
l)Децембар,у хиљадама КМ,Извоз 2019,832891
a)Јануар,у хиљадама КМ,Увоз 2019,1292899
b)Фебруар,у хиљадама КМ,Увоз 2019,1549613
c)Март,у хиљадама КМ,Увоз 2019,1772859
d)Април,у хиљадама КМ,Увоз 2019,1750450
e)Мај,у хиљадама КМ,Увоз 2019,1809099
f)Јун,у хиљадама КМ,Увоз 2019,1608480
g)Јул,у хиљадама КМ,Увоз 2019,1745495
h)Август,у хиљадама КМ,Увоз 2019,1526382
i)Септембар,у хиљадама КМ,Увоз 2019,1572606
j)Октобар,у хиљадама КМ,Увоз 2019,1708558
k)Новембар,у хиљадама КМ,Увоз 2019,1609355
l)Децембар,у хиљадама КМ,Увоз 2019,1552789
a)Јануар,у хиљадама КМ,Извоз 2020,855977
b)Фебруар,у хиљадама КМ,Извоз 2020,923256
c)Март,у хиљадама КМ,Извоз 2020,848386
d)Април,у хиљадама КМ,Извоз 2020,696198
e)Мај,у хиљадама КМ,Извоз 2020,736613
f)Јун,у хиљадама КМ,Извоз 2020,888104
g)Јул,у хиљадама КМ,Извоз 2020,874153
h)Август,у хиљадама КМ,Извоз 2020,775220
i)Септембар,у хиљадама КМ,Извоз 2020,977148
j)Октобар,у хиљадама КМ,Извоз 2020,1019625
k)Новембар,у хиљадама КМ,Извоз 2020,963423
l)Децембар,у хиљадама КМ,Извоз 2020,955873
a)Јануар,у хиљадама КМ,Увоз 2020,1235871
b)Фебруар,у хиљадама КМ,Увоз 2020,1567515
c)Март,у хиљадама КМ,Увоз 2020,1483047
d)Април,у хиљадама КМ,Увоз 2020,1133427
e)Мај,у хиљадама КМ,Увоз 2020,1183197
f)Јун,у хиљадама КМ,Увоз 2020,1416588
g)Јул,у хиљадама КМ,Увоз 2020,1511289
h)Август,у хиљадама КМ,Увоз 2020,1306882
i)Септембар,у хиљадама КМ,Увоз 2020,1483216
j)Октобар,у хиљадама КМ,Увоз 2020,1600786
k)Новембар,у хиљадама КМ,Увоз 2020,1445602
l)Децембар,у хиљадама КМ,Увоз 2020,1517666
a)Јануар,у хиљадама КМ,Извоз 2021,881277
b)Фебруар,у хиљадама КМ,Извоз 2021,923011
c)Март,у хиљадама КМ,Извоз 2021,848261
a)Јануар,у хиљадама КМ,Увоз 2021,1236794
b)Фебруар,у хиљадама КМ,Увоз 2021,1567650
c)Март,у хиљадама КМ,Увоз 2021,1483138
