Year,UNIT_MEASURE,Тип,Value
a)2020/2019  Јануар,Индеx,Порез на додату вриједност,102.68
b)2020/2019  Фебруар,Индеx,Порез на додату вриједност,108.04
c)2020/2019  Март,Индеx,Порез на додату вриједност,99.23
d)2020/2019  Април,Индеx,Порез на додату вриједност,76.73
e)2020/2019  Мај,Индеx,Порез на додату вриједност,69.59
f)2020/2019  Јун,Индеx,Порез на додату вриједност,93.0
g)2020/2019  Јул,Индеx,Порез на додату вриједност,98.56
h)2020/2019  Август,Индеx,Порез на додату вриједност,84.9
i)2020/2019  Септембар,Индеx,Порез на додату вриједност,91.99
j)2020/2019  Октобар,Индеx,Порез на додату вриједност,96.15
k)2020/2019  Новембар,Индеx,Порез на додату вриједност,93.91
l)2020/2019  Децембар,Индеx,Порез на додату вриједност,95.27
a)2020/2019  Јануар,Индеx,"Царинске дажбине, накнаде за царинско евидентирање и посебне дажбине",102.24
b)2020/2019  Фебруар,Индеx,"Царинске дажбине, накнаде за царинско евидентирање и посебне дажбине",109.0
c)2020/2019  Март,Индеx,"Царинске дажбине, накнаде за царинско евидентирање и посебне дажбине",90.08
d)2020/2019  Април,Индеx,"Царинске дажбине, накнаде за царинско евидентирање и посебне дажбине",56.7
e)2020/2019  Мај,Индеx,"Царинске дажбине, накнаде за царинско евидентирање и посебне дажбине",63.74
f)2020/2019  Јун,Индеx,"Царинске дажбине, накнаде за царинско евидентирање и посебне дажбине",89.74
g)2020/2019  Јул,Индеx,"Царинске дажбине, накнаде за царинско евидентирање и посебне дажбине",92.66
h)2020/2019  Август,Индеx,"Царинске дажбине, накнаде за царинско евидентирање и посебне дажбине",82.75
i)2020/2019  Септембар,Индеx,"Царинске дажбине, накнаде за царинско евидентирање и посебне дажбине",91.35
j)2020/2019  Октобар,Индеx,"Царинске дажбине, накнаде за царинско евидентирање и посебне дажбине",91.45
k)2020/2019  Новембар,Индеx,"Царинске дажбине, накнаде за царинско евидентирање и посебне дажбине",90.97
l)2020/2019  Децембар,Индеx,"Царинске дажбине, накнаде за царинско евидентирање и посебне дажбине",93.6
a)2020/2019  Јануар,Индеx,Акциза на увозне производе,96.36
b)2020/2019  Фебруар,Индеx,Акциза на увозне производе,124.3
c)2020/2019  Март,Индеx,Акциза на увозне производе,130.95
d)2020/2019  Април,Индеx,Акциза на увозне производе,101.58
e)2020/2019  Мај,Индеx,Акциза на увозне производе,52.06
f)2020/2019  Јун,Индеx,Акциза на увозне производе,96.95
g)2020/2019  Јул,Индеx,Акциза на увозне производе,76.47
h)2020/2019  Август,Индеx,Акциза на увозне производе,75.01
i)2020/2019  Септембар,Индеx,Акциза на увозне производе,87.61
j)2020/2019  Октобар,Индеx,Акциза на увозне производе,81.27
k)2020/2019  Новембар,Индеx,Акциза на увозне производе,103.17
l)2020/2019  Децембар,Индеx,Акциза на увозне производе,79.05
a)2020/2019  Јануар,Индеx,Акциза на домаће производе,39.08
b)2020/2019  Фебруар,Индеx,Акциза на домаће производе,37.23
c)2020/2019  Март,Индеx,Акциза на домаће производе,79.14
d)2020/2019  Април,Индеx,Акциза на домаће производе,13.29
e)2020/2019  Мај,Индеx,Акциза на домаће производе,30.71
f)2020/2019  Јун,Индеx,Акциза на домаће производе,66.47
g)2020/2019  Јул,Индеx,Акциза на домаће производе,73.22
h)2020/2019  Август,Индеx,Акциза на домаће производе,83.15
i)2020/2019  Септембар,Индеx,Акциза на домаће производе,75.57
j)2020/2019  Октобар,Индеx,Акциза на домаће производе,117.43
k)2020/2019  Новембар,Индеx,Акциза на домаће производе,64.28
l)2020/2019  Децембар,Индеx,Акциза на домаће производе,62.21
a)2020/2019  Јануар,Индеx,Посебна такса (путарина) на нафтне деривате,98.18
b)2020/2019  Фебруар,Индеx,Посебна такса (путарина) на нафтне деривате,106.13
c)2020/2019  Март,Индеx,Посебна такса (путарина) на нафтне деривате,106.08
d)2020/2019  Април,Индеx,Посебна такса (путарина) на нафтне деривате,66.56
e)2020/2019  Мај,Индеx,Посебна такса (путарина) на нафтне деривате,89.87
f)2020/2019  Јун,Индеx,Посебна такса (путарина) на нафтне деривате,95.43
g)2020/2019  Јул,Индеx,Посебна такса (путарина) на нафтне деривате,80.37
h)2020/2019  Август,Индеx,Посебна такса (путарина) на нафтне деривате,75.88
i)2020/2019  Септембар,Индеx,Посебна такса (путарина) на нафтне деривате,91.53
j)2020/2019  Октобар,Индеx,Посебна такса (путарина) на нафтне деривате,83.88
k)2020/2019  Новембар,Индеx,Посебна такса (путарина) на нафтне деривате,103.59
l)2020/2019  Децембар,Индеx,Посебна такса (путарина) на нафтне деривате,91.52
a)2020/2019  Јануар,Индеx,Остали приходи и накнаде,103.63
b)2020/2019  Фебруар,Индеx,Остали приходи и накнаде,101.1
c)2020/2019  Март,Индеx,Остали приходи и накнаде,81.34
d)2020/2019  Април,Индеx,Остали приходи и накнаде,82.57
e)2020/2019  Мај,Индеx,Остали приходи и накнаде,77.67
f)2020/2019  Јун,Индеx,Остали приходи и накнаде,86.03
g)2020/2019  Јул,Индеx,Остали приходи и накнаде,86.96
h)2020/2019  Август,Индеx,Остали приходи и накнаде,107.15
i)2020/2019  Септембар,Индеx,Остали приходи и накнаде,95.19
j)2020/2019  Октобар,Индеx,Остали приходи и накнаде,95.63
k)2020/2019  Новембар,Индеx,Остали приходи и накнаде,102.8
l)2020/2019  Децембар,Индеx,Остали приходи и накнаде,119.1
a)2020/2019  Јануар,Индеx,Укупно,98.5
b)2020/2019  Фебруар,Индеx,Укупно,108.88
c)2020/2019  Март,Индеx,Укупно,104.14
d)2020/2019  Април,Индеx,Укупно,77.33
e)2020/2019  Мај,Индеx,Укупно,66.53
f)2020/2019  Јун,Индеx,Укупно,93.06
g)2020/2019  Јул,Индеx,Укупно,91.76
h)2020/2019  Август,Индеx,Укупно,82.2
i)2020/2019  Септембар,Индеx,Укупно,90.91
j)2020/2019  Октобар,Индеx,Укупно,92.34
k)2020/2019  Новембар,Индеx,Укупно,95.53
l)2020/2019  Децембар,Индеx,Укупно,91.88
